albumId,albumTitle,albumType,discNumber,trackNumber,kind,title,artist,duration,durationMs,appleTrackId,musicbrainzRecordingId,url,previewUrl,source,sourceUrl,supplemented
apple-892852443,時代曲 (華星40 復刻系列),studio,1,1,song,時代曲,陳奕迅,4:22,262427,892852445,,https://music.apple.com/hk/album/%E6%99%82%E4%BB%A3%E6%9B%B2/892852443?i=892852445&uo=4,https://audio-ssl.itunes.apple.com/itunes-assets/AudioPreview211/v4/81/5c/aa/815caab1-5b2e-16ff-3ca0-f1b28149944e/mzaf_4712882244381812061.plus.aac.p.m4a,Apple iTunes Search API,https://itunes.apple.com/lookup?id=892852443&entity=song&limit=200&country=hk,False
apple-892852443,時代曲 (華星40 復刻系列),studio,1,2,song,傷信,陳奕迅,4:41,280640,892852446,,https://music.apple.com/hk/album/%E5%82%B7%E4%BF%A1/892852443?i=892852446&uo=4,https://audio-ssl.itunes.apple.com/itunes-assets/AudioPreview211/v4/d3/ee/2c/d3ee2c17-987d-1209-1d64-5d8e14ab6113/mzaf_13020001782827566525.plus.aac.p.m4a,Apple iTunes Search API,https://itunes.apple.com/lookup?id=892852443&entity=song&limit=200&country=hk,False
apple-892852443,時代曲 (華星40 復刻系列),studio,1,3,song,遊離份子,陳奕迅,4:56,296493,892852447,,https://music.apple.com/hk/album/%E9%81%8A%E9%9B%A2%E4%BB%BD%E5%AD%90/892852443?i=892852447&uo=4,https://audio-ssl.itunes.apple.com/itunes-assets/AudioPreview221/v4/f9/ec/dd/f9ecdd03-9bae-6bf1-7c55-ab03c26bf49e/mzaf_7484799717369656745.plus.aac.p.m4a,Apple iTunes Search API,https://itunes.apple.com/lookup?id=892852443&entity=song&limit=200&country=hk,False
apple-892852443,時代曲 (華星40 復刻系列),studio,1,4,song,我怕你不肯,陳奕迅,4:29,269027,892852448,,https://music.apple.com/hk/album/%E6%88%91%E6%80%95%E4%BD%A0%E4%B8%8D%E8%82%AF/892852443?i=892852448&uo=4,https://audio-ssl.itunes.apple.com/itunes-assets/AudioPreview211/v4/ae/55/7f/ae557f05-ac46-766c-1a21-7c5e000e4558/mzaf_11743374392214356126.plus.aac.p.m4a,Apple iTunes Search API,https://itunes.apple.com/lookup?id=892852443&entity=song&limit=200&country=hk,False
apple-892852443,時代曲 (華星40 復刻系列),studio,1,5,song,有意無意,陳奕迅,3:41,220547,892852450,,https://music.apple.com/hk/album/%E6%9C%89%E6%84%8F%E7%84%A1%E6%84%8F/892852443?i=892852450&uo=4,https://audio-ssl.itunes.apple.com/itunes-assets/AudioPreview221/v4/37/7c/49/377c4920-7935-1ec1-4e8b-77197e360769/mzaf_17303544127122442371.plus.aac.p.m4a,Apple iTunes Search API,https://itunes.apple.com/lookup?id=892852443&entity=song&limit=200&country=hk,False
apple-892852443,時代曲 (華星40 復刻系列),studio,1,6,song,安守本份,陳奕迅,5:01,300733,892852451,,https://music.apple.com/hk/album/%E5%AE%89%E5%AE%88%E6%9C%AC%E4%BB%BD/892852443?i=892852451&uo=4,https://audio-ssl.itunes.apple.com/itunes-assets/AudioPreview211/v4/1a/1b/e9/1a1be9fe-e3a5-cd0c-48a3-6a27fd6f5da3/mzaf_3591864688695515151.plus.aac.p.m4a,Apple iTunes Search API,https://itunes.apple.com/lookup?id=892852443&entity=song&limit=200&country=hk,False
apple-892852443,時代曲 (華星40 復刻系列),studio,1,7,song,愛情幼稚,陳奕迅,4:20,259680,892852452,,https://music.apple.com/hk/album/%E6%84%9B%E6%83%85%E5%B9%BC%E7%A8%9A/892852443?i=892852452&uo=4,https://audio-ssl.itunes.apple.com/itunes-assets/AudioPreview221/v4/ff/61/7c/ff617c50-00bb-2f2e-688f-323adb911e32/mzaf_11948467130156678160.plus.aac.p.m4a,Apple iTunes Search API,https://itunes.apple.com/lookup?id=892852443&entity=song&limit=200&country=hk,False
apple-892852443,時代曲 (華星40 復刻系列),studio,1,8,song,從未癡心,陳奕迅 & 楊千嬅,4:09,249227,892852453,,https://music.apple.com/hk/album/%E5%BE%9E%E6%9C%AA%E7%99%A1%E5%BF%83/892852443?i=892852453&uo=4,https://audio-ssl.itunes.apple.com/itunes-assets/AudioPreview211/v4/3f/8c/ed/3f8ced09-158d-0cb5-5c9e-3bee432fb115/mzaf_12878470588946644617.plus.aac.p.m4a,Apple iTunes Search API,https://itunes.apple.com/lookup?id=892852443&entity=song&limit=200&country=hk,False
apple-892852443,時代曲 (華星40 復刻系列),studio,1,9,song,其實我記得,陳奕迅 & 楊千嬅,4:21,260813,892852454,,https://music.apple.com/hk/album/%E5%85%B6%E5%AF%A6%E6%88%91%E8%A8%98%E5%BE%97/892852443?i=892852454&uo=4,https://audio-ssl.itunes.apple.com/itunes-assets/AudioPreview211/v4/c3/65/9d/c3659dbe-0afa-7599-850f-0dd79d7e3c27/mzaf_14646718457054608552.plus.aac.p.m4a,Apple iTunes Search API,https://itunes.apple.com/lookup?id=892852443&entity=song&limit=200&country=hk,False
apple-892852443,時代曲 (華星40 復刻系列),studio,1,10,song,當心中有戀愛感覺,陳奕迅,4:55,295053,892852455,,https://music.apple.com/hk/album/%E7%95%B6%E5%BF%83%E4%B8%AD%E6%9C%89%E6%88%80%E6%84%9B%E6%84%9F%E8%A6%BA/892852443?i=892852455&uo=4,https://audio-ssl.itunes.apple.com/itunes-assets/AudioPreview221/v4/7b/ff/f5/7bfff5b9-a01c-ed5f-1c2b-b97d2e7dd0b4/mzaf_10655979043055860865.plus.aac.p.m4a,Apple iTunes Search API,https://itunes.apple.com/lookup?id=892852443&entity=song&limit=200&country=hk,False
apple-892603736,華星DSD復刻經典: 陳奕迅,studio,1,1,song,時代曲,陳奕迅,4:22,262427,892603737,,https://music.apple.com/hk/album/%E6%99%82%E4%BB%A3%E6%9B%B2/892603736?i=892603737&uo=4,https://audio-ssl.itunes.apple.com/itunes-assets/AudioPreview125/v4/ee/1f/05/ee1f0586-1456-c405-f82d-146c1ca1d010/mzaf_4627896338762014002.plus.aac.p.m4a,Apple iTunes Search API,https://itunes.apple.com/lookup?id=892603736&entity=song&limit=200&country=hk,False
apple-892603736,華星DSD復刻經典: 陳奕迅,studio,1,2,song,傷信,陳奕迅,4:41,280640,892603738,,https://music.apple.com/hk/album/%E5%82%B7%E4%BF%A1/892603736?i=892603738&uo=4,https://audio-ssl.itunes.apple.com/itunes-assets/AudioPreview115/v4/45/3b/5f/453b5f20-88ad-8ba2-b5bb-27ee91178290/mzaf_10287973170261421477.plus.aac.p.m4a,Apple iTunes Search API,https://itunes.apple.com/lookup?id=892603736&entity=song&limit=200&country=hk,False
apple-892603736,華星DSD復刻經典: 陳奕迅,studio,1,3,song,遊離份子,陳奕迅,4:56,296493,892603739,,https://music.apple.com/hk/album/%E9%81%8A%E9%9B%A2%E4%BB%BD%E5%AD%90/892603736?i=892603739&uo=4,https://audio-ssl.itunes.apple.com/itunes-assets/AudioPreview115/v4/24/45/f5/2445f5be-c308-9ad5-e45b-bb5771aa57c7/mzaf_8496915212387342776.plus.aac.p.m4a,Apple iTunes Search API,https://itunes.apple.com/lookup?id=892603736&entity=song&limit=200&country=hk,False
apple-892603736,華星DSD復刻經典: 陳奕迅,studio,1,4,song,我怕你不肯,陳奕迅,4:29,269027,892603740,,https://music.apple.com/hk/album/%E6%88%91%E6%80%95%E4%BD%A0%E4%B8%8D%E8%82%AF/892603736?i=892603740&uo=4,https://audio-ssl.itunes.apple.com/itunes-assets/AudioPreview115/v4/a9/6e/b6/a96eb632-4a19-a576-b125-756a998d34f3/mzaf_1302558199542345921.plus.aac.p.m4a,Apple iTunes Search API,https://itunes.apple.com/lookup?id=892603736&entity=song&limit=200&country=hk,False
apple-892603736,華星DSD復刻經典: 陳奕迅,studio,1,5,song,有意無意,陳奕迅,3:41,220547,892603741,,https://music.apple.com/hk/album/%E6%9C%89%E6%84%8F%E7%84%A1%E6%84%8F/892603736?i=892603741&uo=4,https://audio-ssl.itunes.apple.com/itunes-assets/AudioPreview115/v4/f0/0e/a0/f00ea030-74ad-46db-e80b-aa7d226c8adf/mzaf_7512055458740027894.plus.aac.p.m4a,Apple iTunes Search API,https://itunes.apple.com/lookup?id=892603736&entity=song&limit=200&country=hk,False
apple-892603736,華星DSD復刻經典: 陳奕迅,studio,1,6,song,安守本份,陳奕迅,5:00,300200,892603742,,https://music.apple.com/hk/album/%E5%AE%89%E5%AE%88%E6%9C%AC%E4%BB%BD/892603736?i=892603742&uo=4,https://audio-ssl.itunes.apple.com/itunes-assets/AudioPreview125/v4/53/80/75/538075f8-6e32-0a9b-3b57-8e8b097be137/mzaf_11945631826263294169.plus.aac.p.m4a,Apple iTunes Search API,https://itunes.apple.com/lookup?id=892603736&entity=song&limit=200&country=hk,False
apple-892603736,華星DSD復刻經典: 陳奕迅,studio,1,7,song,愛情幼稚,陳奕迅,4:20,259680,892603743,,https://music.apple.com/hk/album/%E6%84%9B%E6%83%85%E5%B9%BC%E7%A8%9A/892603736?i=892603743&uo=4,https://audio-ssl.itunes.apple.com/itunes-assets/AudioPreview125/v4/bf/c0/b8/bfc0b87f-3e22-9c23-b135-943fbe33ca8d/mzaf_8017658911122438226.plus.aac.p.m4a,Apple iTunes Search API,https://itunes.apple.com/lookup?id=892603736&entity=song&limit=200&country=hk,False
apple-892603736,華星DSD復刻經典: 陳奕迅,studio,1,8,song,從未痴心,陳奕迅,4:09,249227,892603744,,https://music.apple.com/hk/album/%E5%BE%9E%E6%9C%AA%E7%97%B4%E5%BF%83/892603736?i=892603744&uo=4,https://audio-ssl.itunes.apple.com/itunes-assets/AudioPreview125/v4/6b/76/a8/6b76a826-ea8d-6c75-a7ce-430139cf1212/mzaf_9800195917140622000.plus.aac.p.m4a,Apple iTunes Search API,https://itunes.apple.com/lookup?id=892603736&entity=song&limit=200&country=hk,False
apple-892603736,華星DSD復刻經典: 陳奕迅,studio,1,9,song,其實我記得,楊千嬅 & 陳奕迅,4:21,260813,892603745,,https://music.apple.com/hk/album/%E5%85%B6%E5%AF%A6%E6%88%91%E8%A8%98%E5%BE%97/892603736?i=892603745&uo=4,https://audio-ssl.itunes.apple.com/itunes-assets/AudioPreview115/v4/26/27/19/262719ba-29a3-9d6e-7c7c-8352f5d98efd/mzaf_5159037098190784351.plus.aac.p.m4a,Apple iTunes Search API,https://itunes.apple.com/lookup?id=892603736&entity=song&limit=200&country=hk,False
apple-892603736,華星DSD復刻經典: 陳奕迅,studio,1,10,song,當心中有戀愛感覺,陳奕迅,4:55,295053,892603751,,https://music.apple.com/hk/album/%E7%95%B6%E5%BF%83%E4%B8%AD%E6%9C%89%E6%88%80%E6%84%9B%E6%84%9F%E8%A6%BA/892603736?i=892603751&uo=4,https://audio-ssl.itunes.apple.com/itunes-assets/AudioPreview115/v4/05/99/e0/0599e057-ae24-553d-6c73-a1cbd772d88a/mzaf_10238557402582392050.plus.aac.p.m4a,Apple iTunes Search API,https://itunes.apple.com/lookup?id=892603736&entity=song&limit=200&country=hk,False
apple-1694525409,一滴眼淚,studio,1,1,song,一滴眼淚,陳奕迅,5:20,320107,1694525414,,https://music.apple.com/hk/album/%E4%B8%80%E6%BB%B4%E7%9C%BC%E6%B7%9A/1694525409?i=1694525414&uo=4,https://audio-ssl.itunes.apple.com/itunes-assets/AudioPreview116/v4/3b/62/9d/3b629ddd-3401-e44c-817c-72fc750b7ac2/mzaf_11466379048440084321.plus.aac.p.m4a,Apple iTunes Search API,https://itunes.apple.com/lookup?id=1694525409&entity=song&limit=200&country=hk,False
apple-1694525409,一滴眼淚,studio,1,2,song,拜訪,陳奕迅,4:30,270373,1694525568,,https://music.apple.com/hk/album/%E6%8B%9C%E8%A8%AA/1694525409?i=1694525568&uo=4,https://audio-ssl.itunes.apple.com/itunes-assets/AudioPreview126/v4/97/ae/58/97ae583b-5024-01b7-5110-4c7c5d527e10/mzaf_4873228332667865957.plus.aac.p.m4a,Apple iTunes Search API,https://itunes.apple.com/lookup?id=1694525409&entity=song&limit=200&country=hk,False
apple-1694525409,一滴眼淚,studio,1,3,song,愛到瘋,陳奕迅,4:01,241280,1694525570,,https://music.apple.com/hk/album/%E6%84%9B%E5%88%B0%E7%98%8B/1694525409?i=1694525570&uo=4,https://audio-ssl.itunes.apple.com/itunes-assets/AudioPreview126/v4/42/05/64/4205641d-31c2-3658-bc7e-e10dbbd7a647/mzaf_1624529977665505221.plus.aac.p.m4a,Apple iTunes Search API,https://itunes.apple.com/lookup?id=1694525409&entity=song&limit=200&country=hk,False
apple-1694525409,一滴眼淚,studio,1,4,song,永遠都天明,陳奕迅,4:12,252333,1694525572,,https://music.apple.com/hk/album/%E6%B0%B8%E9%81%A0%E9%83%BD%E5%A4%A9%E6%98%8E/1694525409?i=1694525572&uo=4,https://audio-ssl.itunes.apple.com/itunes-assets/AudioPreview116/v4/2e/1b/6c/2e1b6cfb-9673-0b56-a103-b6ecaf2b2d60/mzaf_252414731541662447.plus.aac.p.m4a,Apple iTunes Search API,https://itunes.apple.com/lookup?id=1694525409&entity=song&limit=200&country=hk,False
apple-1694525409,一滴眼淚,studio,1,5,song,情深怎麼辦,陳奕迅,4:38,278307,1694525573,,https://music.apple.com/hk/album/%E6%83%85%E6%B7%B1%E6%80%8E%E9%BA%BC%E8%BE%A6/1694525409?i=1694525573&uo=4,https://audio-ssl.itunes.apple.com/itunes-assets/AudioPreview116/v4/c5/6d/5e/c56d5ed8-9478-df69-de23-53c948a07ba5/mzaf_8201594442349268491.plus.aac.p.m4a,Apple iTunes Search API,https://itunes.apple.com/lookup?id=1694525409&entity=song&limit=200&country=hk,False
apple-1694525409,一滴眼淚,studio,1,6,song,我怎麼可以哭,陳奕迅,4:48,287600,1694525574,,https://music.apple.com/hk/album/%E6%88%91%E6%80%8E%E9%BA%BC%E5%8F%AF%E4%BB%A5%E5%93%AD/1694525409?i=1694525574&uo=4,https://audio-ssl.itunes.apple.com/itunes-assets/AudioPreview126/v4/ed/e9/0b/ede90b08-7334-a595-5879-17054e4dccf4/mzaf_4523307187523410443.plus.aac.p.m4a,Apple iTunes Search API,https://itunes.apple.com/lookup?id=1694525409&entity=song&limit=200&country=hk,False
apple-1694525409,一滴眼淚,studio,1,7,song,學會愛,陳奕迅,3:41,221133,1694525576,,https://music.apple.com/hk/album/%E5%AD%B8%E6%9C%83%E6%84%9B/1694525409?i=1694525576&uo=4,https://audio-ssl.itunes.apple.com/itunes-assets/AudioPreview126/v4/36/87/7d/36877d63-cdd5-aab6-dbb9-64dac2d678e1/mzaf_11960738876905598598.plus.aac.p.m4a,Apple iTunes Search API,https://itunes.apple.com/lookup?id=1694525409&entity=song&limit=200&country=hk,False
apple-1694525409,一滴眼淚,studio,1,8,song,Style,陳奕迅,4:06,245573,1694525577,,https://music.apple.com/hk/album/style/1694525409?i=1694525577&uo=4,https://audio-ssl.itunes.apple.com/itunes-assets/AudioPreview126/v4/02/76/5c/02765c25-6aa9-6e9c-ddf6-50f50c984f0d/mzaf_94854225566177980.plus.aac.p.m4a,Apple iTunes Search API,https://itunes.apple.com/lookup?id=1694525409&entity=song&limit=200&country=hk,False
apple-1694525409,一滴眼淚,studio,1,9,song,二個人的夜晚,陳奕迅,4:54,294400,1694525578,,https://music.apple.com/hk/album/%E4%BA%8C%E5%80%8B%E4%BA%BA%E7%9A%84%E5%A4%9C%E6%99%9A/1694525409?i=1694525578&uo=4,https://audio-ssl.itunes.apple.com/itunes-assets/AudioPreview116/v4/6c/aa/92/6caa92b6-14f7-2811-9c2b-4f97bef3512b/mzaf_7905852464199028932.plus.aac.p.m4a,Apple iTunes Search API,https://itunes.apple.com/lookup?id=1694525409&entity=song&limit=200&country=hk,False
apple-1694525409,一滴眼淚,studio,1,10,song,感情約,陳奕迅,5:05,304693,1694525579,,https://music.apple.com/hk/album/%E6%84%9F%E6%83%85%E7%B4%84/1694525409?i=1694525579&uo=4,https://audio-ssl.itunes.apple.com/itunes-assets/AudioPreview126/v4/6d/9e/51/6d9e5162-6ace-61b5-23fe-795b580fea72/mzaf_11707559612415663395.plus.aac.p.m4a,Apple iTunes Search API,https://itunes.apple.com/lookup?id=1694525409&entity=song&limit=200&country=hk,False
apple-892735096,與我常在,studio,1,1,song,現場直播,陳奕迅,5:01,300893,892735120,,https://music.apple.com/hk/album/%E7%8F%BE%E5%A0%B4%E7%9B%B4%E6%92%AD/892735096?i=892735120&uo=4,https://audio-ssl.itunes.apple.com/itunes-assets/AudioPreview211/v4/2f/0c/20/2f0c2014-70d5-56c5-4430-178a4232573f/mzaf_11250997875453362307.plus.aac.p.m4a,Apple iTunes Search API,https://itunes.apple.com/lookup?id=892735096&entity=song&limit=200&country=hk,False
apple-892735096,與我常在,studio,1,2,song,與我常在,陳奕迅,4:03,242667,892735125,,https://music.apple.com/hk/album/%E8%88%87%E6%88%91%E5%B8%B8%E5%9C%A8/892735096?i=892735125&uo=4,https://audio-ssl.itunes.apple.com/itunes-assets/AudioPreview211/v4/16/8e/66/168e66ba-a463-6e19-74f8-6d0a17decc23/mzaf_414750093947394826.plus.aac.p.m4a,Apple iTunes Search API,https://itunes.apple.com/lookup?id=892735096&entity=song&limit=200&country=hk,False
apple-892735096,與我常在,studio,1,3,song,愛沒有左右,陳奕迅,3:55,235360,892735127,,https://music.apple.com/hk/album/%E6%84%9B%E6%B2%92%E6%9C%89%E5%B7%A6%E5%8F%B3/892735096?i=892735127&uo=4,https://audio-ssl.itunes.apple.com/itunes-assets/AudioPreview221/v4/6c/e0/54/6ce0548c-873e-f47e-3d99-58bc913cac3d/mzaf_12423478373990145978.plus.aac.p.m4a,Apple iTunes Search API,https://itunes.apple.com/lookup?id=892735096&entity=song&limit=200&country=hk,False
apple-892735096,與我常在,studio,1,4,song,生命有幾好,陳奕迅,4:14,253973,892735128,,https://music.apple.com/hk/album/%E7%94%9F%E5%91%BD%E6%9C%89%E5%B9%BE%E5%A5%BD/892735096?i=892735128&uo=4,https://audio-ssl.itunes.apple.com/itunes-assets/AudioPreview221/v4/43/7c/77/437c77a0-bd50-a338-6c99-216eb2740f60/mzaf_18113652878538300862.plus.aac.p.m4a,Apple iTunes Search API,https://itunes.apple.com/lookup?id=892735096&entity=song&limit=200&country=hk,False
apple-892735096,與我常在,studio,1,5,song,抱擁這分鐘,陳奕迅,4:58,297613,892735129,,https://music.apple.com/hk/album/%E6%8A%B1%E6%93%81%E9%80%99%E5%88%86%E9%90%98/892735096?i=892735129&uo=4,https://audio-ssl.itunes.apple.com/itunes-assets/AudioPreview221/v4/97/62/60/97626084-9702-7b55-80c4-3086f2b3189a/mzaf_7848693083851920787.plus.aac.p.m4a,Apple iTunes Search API,https://itunes.apple.com/lookup?id=892735096&entity=song&limit=200&country=hk,False
apple-892735096,與我常在,studio,1,6,song,那一夜有沒有雪? (Demo Version),陳奕迅,0:45,45093,892735130,,https://music.apple.com/hk/album/%E9%82%A3%E4%B8%80%E5%A4%9C%E6%9C%89%E6%B2%92%E6%9C%89%E9%9B%AA-demo-version/892735096?i=892735130&uo=4,https://audio-ssl.itunes.apple.com/itunes-assets/AudioPreview221/v4/75/f5/e5/75f5e58d-b6fa-7831-5725-1911ae37c283/mzaf_4561716575588426568.plus.aac.p.m4a,Apple iTunes Search API,https://itunes.apple.com/lookup?id=892735096&entity=song&limit=200&country=hk,False
apple-892735096,與我常在,studio,1,7,song,伴遊,陳奕迅,3:58,237640,892735131,,https://music.apple.com/hk/album/%E4%BC%B4%E9%81%8A/892735096?i=892735131&uo=4,https://audio-ssl.itunes.apple.com/itunes-assets/AudioPreview211/v4/cc/38/62/cc386218-15fd-af99-2e19-74f42615a227/mzaf_16073864598486915399.plus.aac.p.m4a,Apple iTunes Search API,https://itunes.apple.com/lookup?id=892735096&entity=song&limit=200&country=hk,False
apple-892735096,與我常在,studio,1,8,song,跟我走好嗎,陳奕迅,4:06,245800,892735132,,https://music.apple.com/hk/album/%E8%B7%9F%E6%88%91%E8%B5%B0%E5%A5%BD%E5%97%8E/892735096?i=892735132&uo=4,https://audio-ssl.itunes.apple.com/itunes-assets/AudioPreview211/v4/44/51/94/44519476-d3be-bedf-54b5-eb8bd014c14b/mzaf_10919594518411711190.plus.aac.p.m4a,Apple iTunes Search API,https://itunes.apple.com/lookup?id=892735096&entity=song&limit=200&country=hk,False
apple-892735096,與我常在,studio,1,9,song,今天等我來,陳奕迅,4:23,262680,892735133,,https://music.apple.com/hk/album/%E4%BB%8A%E5%A4%A9%E7%AD%89%E6%88%91%E4%BE%86/892735096?i=892735133&uo=4,https://audio-ssl.itunes.apple.com/itunes-assets/AudioPreview211/v4/a9/b0/da/a9b0da53-b9cd-c772-8c18-498b0b33b026/mzaf_8561398813629429326.plus.aac.p.m4a,Apple iTunes Search API,https://itunes.apple.com/lookup?id=892735096&entity=song&limit=200&country=hk,False
apple-892735096,與我常在,studio,1,10,song,敵人,陳奕迅,4:16,255627,892735134,,https://music.apple.com/hk/album/%E6%95%B5%E4%BA%BA/892735096?i=892735134&uo=4,https://audio-ssl.itunes.apple.com/itunes-assets/AudioPreview211/v4/dd/04/23/dd04232c-4cf0-55cf-526f-6c15f257a07a/mzaf_10706987678332148518.plus.aac.p.m4a,Apple iTunes Search API,https://itunes.apple.com/lookup?id=892735096&entity=song&limit=200&country=hk,False
apple-892735096,與我常在,studio,1,11,song,那一夜有沒有說?,陳奕迅,3:21,200800,892735136,,https://music.apple.com/hk/album/%E9%82%A3%E4%B8%80%E5%A4%9C%E6%9C%89%E6%B2%92%E6%9C%89%E8%AA%AA/892735096?i=892735136&uo=4,https://audio-ssl.itunes.apple.com/itunes-assets/AudioPreview211/v4/75/47/a2/7547a28b-1deb-e470-5f80-2894c2c5ec74/mzaf_6904645084975150444.plus.aac.p.m4a,Apple iTunes Search API,https://itunes.apple.com/lookup?id=892735096&entity=song&limit=200&country=hk,False
apple-1694525250,醞釀,studio,1,1,song,La'mour,陳奕迅,3:44,224173,1694525251,,https://music.apple.com/hk/album/lamour/1694525250?i=1694525251&uo=4,https://audio-ssl.itunes.apple.com/itunes-assets/AudioPreview126/v4/96/a8/14/96a814ae-26a6-eafa-246a-c9efaea429fa/mzaf_5421484575518055424.plus.aac.p.m4a,Apple iTunes Search API,https://itunes.apple.com/lookup?id=1694525250&entity=song&limit=200&country=hk,False
apple-1694525250,醞釀,studio,1,2,song,Taipei City,陳奕迅,3:32,212000,1694525252,,https://music.apple.com/hk/album/taipei-city/1694525250?i=1694525252&uo=4,https://audio-ssl.itunes.apple.com/itunes-assets/AudioPreview126/v4/15/7d/d0/157dd01a-df49-99dc-4944-14421a880bc6/mzaf_17200170260952169131.plus.aac.p.m4a,Apple iTunes Search API,https://itunes.apple.com/lookup?id=1694525250&entity=song&limit=200&country=hk,False
apple-1694525250,醞釀,studio,1,3,song,愛的傀儡,陳奕迅,4:31,271160,1694525253,,https://music.apple.com/hk/album/%E6%84%9B%E7%9A%84%E5%82%80%E5%84%A1/1694525250?i=1694525253&uo=4,https://audio-ssl.itunes.apple.com/itunes-assets/AudioPreview116/v4/fd/84/25/fd842560-4bba-24d0-34fc-cc669c70e788/mzaf_2857534807430462204.plus.aac.p.m4a,Apple iTunes Search API,https://itunes.apple.com/lookup?id=1694525250&entity=song&limit=200&country=hk,False
apple-1694525250,醞釀,studio,1,4,song,寵愛,陳奕迅,5:03,303333,1694525254,,https://music.apple.com/hk/album/%E5%AF%B5%E6%84%9B/1694525250?i=1694525254&uo=4,https://audio-ssl.itunes.apple.com/itunes-assets/AudioPreview126/v4/32/f6/32/32f632cc-af53-28b6-4080-049b86e4c18c/mzaf_10473772298149859979.plus.aac.p.m4a,Apple iTunes Search API,https://itunes.apple.com/lookup?id=1694525250&entity=song&limit=200&country=hk,False
apple-1694525250,醞釀,studio,1,5,song,感動,陳奕迅,3:54,233840,1694525255,,https://music.apple.com/hk/album/%E6%84%9F%E5%8B%95/1694525250?i=1694525255&uo=4,https://audio-ssl.itunes.apple.com/itunes-assets/AudioPreview126/v4/ee/03/63/ee036302-5842-e6f9-78c4-8f845b0eb9a9/mzaf_8134302554036711220.plus.aac.p.m4a,Apple iTunes Search API,https://itunes.apple.com/lookup?id=1694525250&entity=song&limit=200&country=hk,False
apple-1694525250,醞釀,studio,1,6,song,好聚好散,陳奕迅,4:44,283667,1694525257,,https://music.apple.com/hk/album/%E5%A5%BD%E8%81%9A%E5%A5%BD%E6%95%A3/1694525250?i=1694525257&uo=4,https://audio-ssl.itunes.apple.com/itunes-assets/AudioPreview116/v4/5c/49/9a/5c499a16-03c4-f64c-d83a-230a0a474be0/mzaf_4572396513596550730.plus.aac.p.m4a,Apple iTunes Search API,https://itunes.apple.com/lookup?id=1694525250&entity=song&limit=200&country=hk,False
apple-1694525250,醞釀,studio,1,7,song,換季,陳奕迅,4:09,248840,1694525259,,https://music.apple.com/hk/album/%E6%8F%9B%E5%AD%A3/1694525250?i=1694525259&uo=4,https://audio-ssl.itunes.apple.com/itunes-assets/AudioPreview116/v4/b5/db/f8/b5dbf832-9cc4-4609-3859-0aed809f5e3c/mzaf_12336528148435033410.plus.aac.p.m4a,Apple iTunes Search API,https://itunes.apple.com/lookup?id=1694525250&entity=song&limit=200&country=hk,False
apple-1694525250,醞釀,studio,1,8,song,攤開雙手,陳奕迅,4:16,255827,1694525260,,https://music.apple.com/hk/album/%E6%94%A4%E9%96%8B%E9%9B%99%E6%89%8B/1694525250?i=1694525260&uo=4,https://audio-ssl.itunes.apple.com/itunes-assets/AudioPreview116/v4/73/be/fe/73befe24-7b0d-82e1-0220-dd6e691cb80e/mzaf_15020431100396600408.plus.aac.p.m4a,Apple iTunes Search API,https://itunes.apple.com/lookup?id=1694525250&entity=song&limit=200&country=hk,False
apple-1694525250,醞釀,studio,1,9,song,預感,陳奕迅,5:07,307333,1694525261,,https://music.apple.com/hk/album/%E9%A0%90%E6%84%9F/1694525250?i=1694525261&uo=4,https://audio-ssl.itunes.apple.com/itunes-assets/AudioPreview126/v4/cb/8d/9f/cb8d9f22-faad-a6ce-ecd9-2e91f8019060/mzaf_10288346677169363285.plus.aac.p.m4a,Apple iTunes Search API,https://itunes.apple.com/lookup?id=1694525250&entity=song&limit=200&country=hk,False
apple-1694525250,醞釀,studio,1,10,song,預感 (Karaoke Version),陳奕迅,5:06,306320,1694525263,,https://music.apple.com/hk/album/%E9%A0%90%E6%84%9F-karaoke-version/1694525250?i=1694525263&uo=4,https://audio-ssl.itunes.apple.com/itunes-assets/AudioPreview116/v4/05/95/b6/0595b6c7-6173-fa4e-2fba-e8141274f11f/mzaf_514897083435974194.plus.aac.p.m4a,Apple iTunes Search API,https://itunes.apple.com/lookup?id=1694525250&entity=song&limit=200&country=hk,False
apple-1694525250,醞釀,studio,1,11,song,醞釀,陳奕迅,4:30,269840,1694525264,,https://music.apple.com/hk/album/%E9%86%9E%E9%87%80/1694525250?i=1694525264&uo=4,https://audio-ssl.itunes.apple.com/itunes-assets/AudioPreview116/v4/07/05/21/070521a6-3df9-925b-fea3-c7b460b3bda4/mzaf_11708077292375083191.plus.aac.p.m4a,Apple iTunes Search API,https://itunes.apple.com/lookup?id=1694525250&entity=song&limit=200&country=hk,False
apple-1694525250,醞釀,studio,1,12,song,我終於放開了他,陳奕迅,4:16,256493,1694525265,,https://music.apple.com/hk/album/%E6%88%91%E7%B5%82%E6%96%BC%E6%94%BE%E9%96%8B%E4%BA%86%E4%BB%96/1694525250?i=1694525265&uo=4,https://audio-ssl.itunes.apple.com/itunes-assets/AudioPreview116/v4/bc/11/69/bc11699f-4912-62d0-f3a3-baddc19751e0/mzaf_13586095929780590185.plus.aac.p.m4a,Apple iTunes Search API,https://itunes.apple.com/lookup?id=1694525250&entity=song&limit=200&country=hk,False
apple-1575742728,我的快樂時代,studio,1,1,song,我的快樂時代,陳奕迅,3:37,216760,1575742906,,https://music.apple.com/hk/album/%E6%88%91%E7%9A%84%E5%BF%AB%E6%A8%82%E6%99%82%E4%BB%A3/1575742728?i=1575742906&uo=4,https://audio-ssl.itunes.apple.com/itunes-assets/AudioPreview211/v4/dd/b9/10/ddb9100f-ca2c-8d86-96aa-1d0f42006a82/mzaf_7661735125151362353.plus.aac.p.m4a,Apple iTunes Search API,https://itunes.apple.com/lookup?id=1575742728&entity=song&limit=200&country=hk,False
apple-1575742728,我的快樂時代,studio,1,2,song,我甚麼都沒有,陳奕迅,3:52,231600,1575742912,,https://music.apple.com/hk/album/%E6%88%91%E7%94%9A%E9%BA%BC%E9%83%BD%E6%B2%92%E6%9C%89/1575742728?i=1575742912&uo=4,https://audio-ssl.itunes.apple.com/itunes-assets/AudioPreview221/v4/2f/c6/1f/2fc61f44-5b15-4c62-8b09-36a274363638/mzaf_1825885847516957894.plus.aac.p.m4a,Apple iTunes Search API,https://itunes.apple.com/lookup?id=1575742728&entity=song&limit=200&country=hk,False
apple-1575742728,我的快樂時代,studio,1,3,song,天下無雙,陳奕迅,4:21,260707,1575742917,,https://music.apple.com/hk/album/%E5%A4%A9%E4%B8%8B%E7%84%A1%E9%9B%99/1575742728?i=1575742917&uo=4,https://audio-ssl.itunes.apple.com/itunes-assets/AudioPreview221/v4/4d/66/d8/4d66d8b5-e046-298d-c504-847049b79755/mzaf_12707194807229453346.plus.aac.p.m4a,Apple iTunes Search API,https://itunes.apple.com/lookup?id=1575742728&entity=song&limit=200&country=hk,False
apple-1575742728,我的快樂時代,studio,1,4,song,黃金時代,陳奕迅,4:09,249400,1575742925,,https://music.apple.com/hk/album/%E9%BB%83%E9%87%91%E6%99%82%E4%BB%A3/1575742728?i=1575742925&uo=4,https://audio-ssl.itunes.apple.com/itunes-assets/AudioPreview221/v4/ab/91/21/ab9121c3-8747-84f4-6c3f-e9b685f3f3cd/mzaf_4016445450811282989.plus.aac.p.m4a,Apple iTunes Search API,https://itunes.apple.com/lookup?id=1575742728&entity=song&limit=200&country=hk,False
apple-1575742728,我的快樂時代,studio,1,5,song,新曲+精選,陳奕迅,4:26,265640,1575743177,,https://music.apple.com/hk/album/%E6%96%B0%E6%9B%B2-%E7%B2%BE%E9%81%B8/1575742728?i=1575743177&uo=4,https://audio-ssl.itunes.apple.com/itunes-assets/AudioPreview211/v4/08/42/96/084296cc-6d6d-cc89-f25b-24bf2da039bc/mzaf_14678735388294231656.plus.aac.p.m4a,Apple iTunes Search API,https://itunes.apple.com/lookup?id=1575742728&entity=song&limit=200&country=hk,False
apple-1575742728,我的快樂時代,studio,1,6,song,愈想愈無謂,陳奕迅,5:02,301600,1575743190,,https://music.apple.com/hk/album/%E6%84%88%E6%83%B3%E6%84%88%E7%84%A1%E8%AC%82/1575742728?i=1575743190&uo=4,https://audio-ssl.itunes.apple.com/itunes-assets/AudioPreview211/v4/6e/19/d4/6e19d46a-3beb-811f-cbef-f7df074da060/mzaf_1240556479858143191.plus.aac.p.m4a,Apple iTunes Search API,https://itunes.apple.com/lookup?id=1575742728&entity=song&limit=200&country=hk,False
apple-1575742728,我的快樂時代,studio,1,7,song,相信相依,陳奕迅,4:05,244613,1575743350,,https://music.apple.com/hk/album/%E7%9B%B8%E4%BF%A1%E7%9B%B8%E4%BE%9D/1575742728?i=1575743350&uo=4,https://audio-ssl.itunes.apple.com/itunes-assets/AudioPreview221/v4/33/ac/87/33ac873f-4d46-588d-c1a7-f99802e79daf/mzaf_18190704469094885228.plus.aac.p.m4a,Apple iTunes Search API,https://itunes.apple.com/lookup?id=1575742728&entity=song&limit=200&country=hk,False
apple-1575742728,我的快樂時代,studio,1,8,song,兩種講法,陳奕迅,3:53,232907,1575743353,,https://music.apple.com/hk/album/%E5%85%A9%E7%A8%AE%E8%AC%9B%E6%B3%95/1575742728?i=1575743353&uo=4,https://audio-ssl.itunes.apple.com/itunes-assets/AudioPreview211/v4/6f/f0/aa/6ff0aa36-1c8d-76c7-324b-9a7543922c46/mzaf_16614487670314617566.plus.aac.p.m4a,Apple iTunes Search API,https://itunes.apple.com/lookup?id=1575742728&entity=song&limit=200&country=hk,False
apple-1575742728,我的快樂時代,studio,1,9,song,請相信我,陳奕迅,5:08,308053,1575743357,,https://music.apple.com/hk/album/%E8%AB%8B%E7%9B%B8%E4%BF%A1%E6%88%91/1575742728?i=1575743357&uo=4,https://audio-ssl.itunes.apple.com/itunes-assets/AudioPreview221/v4/7e/e9/07/7ee90742-48b5-4416-10dd-559f3abc8b7f/mzaf_9445265995073495562.plus.aac.p.m4a,Apple iTunes Search API,https://itunes.apple.com/lookup?id=1575742728&entity=song&limit=200&country=hk,False
apple-1575742728,我的快樂時代,studio,1,10,song,反高潮,陳奕迅,3:40,219627,1575743364,,https://music.apple.com/hk/album/%E5%8F%8D%E9%AB%98%E6%BD%AE/1575742728?i=1575743364&uo=4,https://audio-ssl.itunes.apple.com/itunes-assets/AudioPreview221/v4/f5/dd/a9/f5dda919-d33d-7467-133d-005fc12ef811/mzaf_5561048244041988362.plus.aac.p.m4a,Apple iTunes Search API,https://itunes.apple.com/lookup?id=1575742728&entity=song&limit=200&country=hk,False
apple-1575742728,我的快樂時代,studio,1,11,song,Mr. Cab Driver (陳奕迅我的快樂時代現場),陳奕迅,4:38,278493,1575743369,,https://music.apple.com/hk/album/mr-cab-driver-%E9%99%B3%E5%A5%95%E8%BF%85%E6%88%91%E7%9A%84%E5%BF%AB%E6%A8%82%E6%99%82%E4%BB%A3%E7%8F%BE%E5%A0%B4/1575742728?i=1575743369&uo=4,https://audio-ssl.itunes.apple.com/itunes-assets/AudioPreview221/v4/68/97/5a/68975a74-a79d-c810-6cbe-cae0968153bf/mzaf_2159961955679917660.plus.aac.p.m4a,Apple iTunes Search API,https://itunes.apple.com/lookup?id=1575742728&entity=song&limit=200&country=hk,False
apple-1575742728,我的快樂時代,studio,1,12,song,時代曲 (陳奕迅我的快樂時代現場),陳奕迅,4:23,262667,1575743629,,https://music.apple.com/hk/album/%E6%99%82%E4%BB%A3%E6%9B%B2-%E9%99%B3%E5%A5%95%E8%BF%85%E6%88%91%E7%9A%84%E5%BF%AB%E6%A8%82%E6%99%82%E4%BB%A3%E7%8F%BE%E5%A0%B4/1575742728?i=1575743629&uo=4,https://audio-ssl.itunes.apple.com/itunes-assets/AudioPreview221/v4/fe/ca/32/feca324f-ac2a-969f-ea52-e47d05a40827/mzaf_8547158069535147159.plus.aac.p.m4a,Apple iTunes Search API,https://itunes.apple.com/lookup?id=1575742728&entity=song&limit=200&country=hk,False
apple-1575742728,我的快樂時代,studio,1,13,song,尋開心 (陳奕迅我的快樂時代現場),陳奕迅,4:48,288000,1575743642,,https://music.apple.com/hk/album/%E5%B0%8B%E9%96%8B%E5%BF%83-%E9%99%B3%E5%A5%95%E8%BF%85%E6%88%91%E7%9A%84%E5%BF%AB%E6%A8%82%E6%99%82%E4%BB%A3%E7%8F%BE%E5%A0%B4/1575742728?i=1575743642&uo=4,https://audio-ssl.itunes.apple.com/itunes-assets/AudioPreview221/v4/b5/c5/1f/b5c51f2c-3e25-64d1-6baa-ba7d7f770e54/mzaf_8994067539961354919.plus.aac.p.m4a,Apple iTunes Search API,https://itunes.apple.com/lookup?id=1575742728&entity=song&limit=200&country=hk,False
apple-1575742728,我的快樂時代,studio,1,14,song,不再讓你孤單 (陳奕迅我的快樂時代現場),陳奕迅,4:18,258000,1575743810,,https://music.apple.com/hk/album/%E4%B8%8D%E5%86%8D%E8%AE%93%E4%BD%A0%E5%AD%A4%E5%96%AE-%E9%99%B3%E5%A5%95%E8%BF%85%E6%88%91%E7%9A%84%E5%BF%AB%E6%A8%82%E6%99%82%E4%BB%A3%E7%8F%BE%E5%A0%B4/1575742728?i=1575743810&uo=4,https://audio-ssl.itunes.apple.com/itunes-assets/AudioPreview221/v4/cc/98/3f/cc983fe6-ac31-39c9-a5ce-512c5a71d556/mzaf_2972750076585964727.plus.aac.p.m4a,Apple iTunes Search API,https://itunes.apple.com/lookup?id=1575742728&entity=song&limit=200&country=hk,False
apple-892745229,我的快樂時代,studio,1,1,song,我的快樂時代,陳奕迅,3:37,216760,892745294,,https://music.apple.com/hk/album/%E6%88%91%E7%9A%84%E5%BF%AB%E6%A8%82%E6%99%82%E4%BB%A3/892745229?i=892745294&uo=4,https://audio-ssl.itunes.apple.com/itunes-assets/AudioPreview211/v4/82/95/e5/8295e5dd-c8d4-164c-e633-705ed80d3b1d/mzaf_10165941270931453264.plus.aac.p.m4a,Apple iTunes Search API,https://itunes.apple.com/lookup?id=892745229&entity=song&limit=200&country=hk,False
apple-892745229,我的快樂時代,studio,1,2,song,我甚麼都沒有,陳奕迅,3:52,231600,892745295,,https://music.apple.com/hk/album/%E6%88%91%E7%94%9A%E9%BA%BC%E9%83%BD%E6%B2%92%E6%9C%89/892745229?i=892745295&uo=4,https://audio-ssl.itunes.apple.com/itunes-assets/AudioPreview221/v4/bd/85/c4/bd85c48c-764f-c009-7d15-5c0cd7abc5c6/mzaf_14166380722715440113.plus.aac.p.m4a,Apple iTunes Search API,https://itunes.apple.com/lookup?id=892745229&entity=song&limit=200&country=hk,False
apple-892745229,我的快樂時代,studio,1,3,song,天下無雙,陳奕迅,4:21,260707,892745296,,https://music.apple.com/hk/album/%E5%A4%A9%E4%B8%8B%E7%84%A1%E9%9B%99/892745229?i=892745296&uo=4,https://audio-ssl.itunes.apple.com/itunes-assets/AudioPreview221/v4/e4/db/c9/e4dbc973-8409-1993-2bc6-2b12d28742d2/mzaf_14736270686815381727.plus.aac.p.m4a,Apple iTunes Search API,https://itunes.apple.com/lookup?id=892745229&entity=song&limit=200&country=hk,False
apple-892745229,我的快樂時代,studio,1,4,song,黃金時代,陳奕迅,4:08,248040,892745297,,https://music.apple.com/hk/album/%E9%BB%83%E9%87%91%E6%99%82%E4%BB%A3/892745229?i=892745297&uo=4,https://audio-ssl.itunes.apple.com/itunes-assets/AudioPreview211/v4/15/8a/1a/158a1a08-ff5d-61d5-d564-ab9b71c68843/mzaf_7809227402925952968.plus.aac.p.m4a,Apple iTunes Search API,https://itunes.apple.com/lookup?id=892745229&entity=song&limit=200&country=hk,False
apple-892745229,我的快樂時代,studio,1,5,song,新曲+精選,陳奕迅,4:26,265640,892745299,,https://music.apple.com/hk/album/%E6%96%B0%E6%9B%B2-%E7%B2%BE%E9%81%B8/892745229?i=892745299&uo=4,https://audio-ssl.itunes.apple.com/itunes-assets/AudioPreview211/v4/6b/9d/bc/6b9dbc75-a602-dd0a-9cc6-8a1a85755e24/mzaf_2649935291557314867.plus.aac.p.m4a,Apple iTunes Search API,https://itunes.apple.com/lookup?id=892745229&entity=song&limit=200&country=hk,False
apple-892745229,我的快樂時代,studio,1,6,song,愈想愈無謂,陳奕迅,5:02,301600,892745300,,https://music.apple.com/hk/album/%E6%84%88%E6%83%B3%E6%84%88%E7%84%A1%E8%AC%82/892745229?i=892745300&uo=4,https://audio-ssl.itunes.apple.com/itunes-assets/AudioPreview221/v4/dd/de/22/ddde2244-ec4c-f03f-e2d0-268dd9488a7c/mzaf_17374735262136577089.plus.aac.p.m4a,Apple iTunes Search API,https://itunes.apple.com/lookup?id=892745229&entity=song&limit=200&country=hk,False
apple-892745229,我的快樂時代,studio,1,7,song,相信相依,陳奕迅,4:05,244613,892745301,,https://music.apple.com/hk/album/%E7%9B%B8%E4%BF%A1%E7%9B%B8%E4%BE%9D/892745229?i=892745301&uo=4,https://audio-ssl.itunes.apple.com/itunes-assets/AudioPreview221/v4/3d/21/77/3d21779c-8043-9c3d-ae2d-18a32641fc0e/mzaf_16830896726758827250.plus.aac.p.m4a,Apple iTunes Search API,https://itunes.apple.com/lookup?id=892745229&entity=song&limit=200&country=hk,False
apple-892745229,我的快樂時代,studio,1,8,song,兩種講法,陳奕迅,3:53,232907,892745302,,https://music.apple.com/hk/album/%E5%85%A9%E7%A8%AE%E8%AC%9B%E6%B3%95/892745229?i=892745302&uo=4,https://audio-ssl.itunes.apple.com/itunes-assets/AudioPreview211/v4/7c/ea/fd/7ceafd09-e352-fb6e-dc75-6b17cd69c131/mzaf_11569683193917109444.plus.aac.p.m4a,Apple iTunes Search API,https://itunes.apple.com/lookup?id=892745229&entity=song&limit=200&country=hk,False
apple-892745229,我的快樂時代,studio,1,9,song,請相信我,陳奕迅,5:08,308053,892745304,,https://music.apple.com/hk/album/%E8%AB%8B%E7%9B%B8%E4%BF%A1%E6%88%91/892745229?i=892745304&uo=4,https://audio-ssl.itunes.apple.com/itunes-assets/AudioPreview211/v4/45/79/6f/45796fcd-88d4-adc3-5035-ab29b1f7eea7/mzaf_15893641196475489565.plus.aac.p.m4a,Apple iTunes Search API,https://itunes.apple.com/lookup?id=892745229&entity=song&limit=200&country=hk,False
apple-892745229,我的快樂時代,studio,1,10,song,反高潮,陳奕迅,3:40,219627,892745305,,https://music.apple.com/hk/album/%E5%8F%8D%E9%AB%98%E6%BD%AE/892745229?i=892745305&uo=4,https://audio-ssl.itunes.apple.com/itunes-assets/AudioPreview221/v4/d1/4d/7f/d14d7f42-26ac-740d-8a08-f8b7ba6b60e7/mzaf_5892320489532210017.plus.aac.p.m4a,Apple iTunes Search API,https://itunes.apple.com/lookup?id=892745229&entity=song&limit=200&country=hk,False
apple-6785387038,大激想 - EP,ep,1,1,song,大激想,"陳奕迅, 楊千嬅 & 梁漢文",3:43,222582,6785387046,,https://music.apple.com/hk/album/%E5%A4%A7%E6%BF%80%E6%83%B3/6785387038?i=6785387046&uo=4,https://audio-ssl.itunes.apple.com/itunes-assets/AudioPreview211/v4/11/4b/45/114b45be-f61f-8887-7780-024ccf0c268c/mzaf_5121180359938687287.plus.aac.p.m4a,Apple iTunes Search API,https://itunes.apple.com/lookup?id=6785387038&entity=song&limit=200&country=hk,False
apple-6785387038,大激想 - EP,ep,1,2,song,只要為我好,楊千嬅,4:11,251120,6785387347,,https://music.apple.com/hk/album/%E5%8F%AA%E8%A6%81%E7%82%BA%E6%88%91%E5%A5%BD/6785387038?i=6785387347&uo=4,https://audio-ssl.itunes.apple.com/itunes-assets/AudioPreview211/v4/99/e4/84/99e4841d-b19a-f77d-6f7c-08f7d9b3a2d7/mzaf_13924592126899746580.plus.aac.p.m4a,Apple iTunes Search API,https://itunes.apple.com/lookup?id=6785387038&entity=song&limit=200&country=hk,False
apple-6785387038,大激想 - EP,ep,1,3,song,請你,梁漢文,3:43,223040,6785387351,,https://music.apple.com/hk/album/%E8%AB%8B%E4%BD%A0/6785387038?i=6785387351&uo=4,https://audio-ssl.itunes.apple.com/itunes-assets/AudioPreview211/v4/1a/e8/48/1ae848be-83be-647a-c33c-1cc9d4ae456a/mzaf_9862028932685683487.plus.aac.p.m4a,Apple iTunes Search API,https://itunes.apple.com/lookup?id=6785387038&entity=song&limit=200&country=hk,False
apple-6785387038,大激想 - EP,ep,1,4,song,美滿人生,陳奕迅,3:45,224573,6785387352,,https://music.apple.com/hk/album/%E7%BE%8E%E6%BB%BF%E4%BA%BA%E7%94%9F/6785387038?i=6785387352&uo=4,https://audio-ssl.itunes.apple.com/itunes-assets/AudioPreview221/v4/97/30/54/973054e8-9bea-7f7e-0405-c833794cb72e/mzaf_8704332100084441392.plus.aac.p.m4a,Apple iTunes Search API,https://itunes.apple.com/lookup?id=6785387038&entity=song&limit=200&country=hk,False
apple-1484716666,新生活 (Live),live,1,1,song,我甚麼都沒有 (Live),陳奕迅,4:30,269760,1484716667,,https://music.apple.com/hk/album/%E6%88%91%E7%94%9A%E9%BA%BC%E9%83%BD%E6%B2%92%E6%9C%89-live/1484716666?i=1484716667&uo=4,https://audio-ssl.itunes.apple.com/itunes-assets/AudioPreview221/v4/33/15/d5/3315d515-04da-359a-4285-81866a123f16/mzaf_3218185545790625610.plus.aac.p.m4a,Apple iTunes Search API,https://itunes.apple.com/lookup?id=1484716666&entity=song&limit=200&country=hk,False
apple-1484716666,新生活 (Live),live,1,2,song,今天等我來 (Live),陳奕迅,4:33,273467,1484716670,,https://music.apple.com/hk/album/%E4%BB%8A%E5%A4%A9%E7%AD%89%E6%88%91%E4%BE%86-live/1484716666?i=1484716670&uo=4,https://audio-ssl.itunes.apple.com/itunes-assets/AudioPreview211/v4/5d/fa/f9/5dfaf971-eb00-4226-887c-6c0340384130/mzaf_3994789782551193946.plus.aac.p.m4a,Apple iTunes Search API,https://itunes.apple.com/lookup?id=1484716666&entity=song&limit=200&country=hk,False
apple-1484716666,新生活 (Live),live,1,3,song,時代曲 (Live),陳奕迅,3:59,238907,1484716676,,https://music.apple.com/hk/album/%E6%99%82%E4%BB%A3%E6%9B%B2-live/1484716666?i=1484716676&uo=4,https://audio-ssl.itunes.apple.com/itunes-assets/AudioPreview211/v4/50/e2/22/50e222de-fd90-6452-69fa-7744f8da9443/mzaf_8939039586183833873.plus.aac.p.m4a,Apple iTunes Search API,https://itunes.apple.com/lookup?id=1484716666&entity=song&limit=200&country=hk,False
apple-1484716666,新生活 (Live),live,1,4,song,"Se Vuol ballare (Aria from ""Le Nozze di Figaro"") [Live]",陳奕迅,1:12,71933,1484716679,,https://music.apple.com/hk/album/se-vuol-ballare-aria-from-le-nozze-di-figaro-live/1484716666?i=1484716679&uo=4,https://audio-ssl.itunes.apple.com/itunes-assets/AudioPreview221/v4/59/ef/45/59ef4558-4287-332d-cf22-61d6b57bef79/mzaf_16171968331641893209.plus.aac.p.m4a,Apple iTunes Search API,https://itunes.apple.com/lookup?id=1484716666&entity=song&limit=200&country=hk,False
apple-1484716666,新生活 (Live),live,1,5,song,拜訪 (Live),陳奕迅,4:50,290160,1484716684,,https://music.apple.com/hk/album/%E6%8B%9C%E8%A8%AA-live/1484716666?i=1484716684&uo=4,https://audio-ssl.itunes.apple.com/itunes-assets/AudioPreview211/v4/f7/36/e1/f736e193-b54d-c0cb-0ebb-f76c62af820e/mzaf_16144697431968111736.plus.aac.p.m4a,Apple iTunes Search API,https://itunes.apple.com/lookup?id=1484716666&entity=song&limit=200&country=hk,False
apple-1484716666,新生活 (Live),live,1,6,song,愛拼才會贏 (Live),陳奕迅,3:33,213373,1484716779,,https://music.apple.com/hk/album/%E6%84%9B%E6%8B%BC%E6%89%8D%E6%9C%83%E8%B4%8F-live/1484716666?i=1484716779&uo=4,https://audio-ssl.itunes.apple.com/itunes-assets/AudioPreview211/v4/ff/d9/e3/ffd9e3f3-9b4f-970b-20d8-0c51b1873ae8/mzaf_1535467906706176041.plus.aac.p.m4a,Apple iTunes Search API,https://itunes.apple.com/lookup?id=1484716666&entity=song&limit=200&country=hk,False
apple-1484716666,新生活 (Live),live,1,7,song,終於一百日 (Live),陳奕迅,4:28,268133,1484716782,,https://music.apple.com/hk/album/%E7%B5%82%E6%96%BC%E4%B8%80%E7%99%BE%E6%97%A5-live/1484716666?i=1484716782&uo=4,https://audio-ssl.itunes.apple.com/itunes-assets/AudioPreview221/v4/14/7a/68/147a688a-8bcd-4bc4-32e4-de4cb3c5829d/mzaf_3699486016376780921.plus.aac.p.m4a,Apple iTunes Search API,https://itunes.apple.com/lookup?id=1484716666&entity=song&limit=200&country=hk,False
apple-1484716666,新生活 (Live),live,1,8,song,新生活 (Live),陳奕迅,3:51,231093,1484716789,,https://music.apple.com/hk/album/%E6%96%B0%E7%94%9F%E6%B4%BB-live/1484716666?i=1484716789&uo=4,https://audio-ssl.itunes.apple.com/itunes-assets/AudioPreview221/v4/3c/0e/26/3c0e264e-6ceb-d0eb-bdcf-99c8c7003bb1/mzaf_6658762393895634963.plus.aac.p.m4a,Apple iTunes Search API,https://itunes.apple.com/lookup?id=1484716666&entity=song&limit=200&country=hk,False
apple-1484716666,新生活 (Live),live,1,9,song,超人的主題曲 (Live),陳奕迅,5:14,313773,1484716790,,https://music.apple.com/hk/album/%E8%B6%85%E4%BA%BA%E7%9A%84%E4%B8%BB%E9%A1%8C%E6%9B%B2-live/1484716666?i=1484716790&uo=4,https://audio-ssl.itunes.apple.com/itunes-assets/AudioPreview221/v4/6c/80/86/6c808619-c9a4-0e54-0744-3bfb71a91e0b/mzaf_8444991280714083281.plus.aac.p.m4a,Apple iTunes Search API,https://itunes.apple.com/lookup?id=1484716666&entity=song&limit=200&country=hk,False
apple-1484716666,新生活 (Live),live,1,10,song,我的快樂時代 (Live),陳奕迅,3:32,212493,1484716792,,https://music.apple.com/hk/album/%E6%88%91%E7%9A%84%E5%BF%AB%E6%A8%82%E6%99%82%E4%BB%A3-live/1484716666?i=1484716792&uo=4,https://audio-ssl.itunes.apple.com/itunes-assets/AudioPreview211/v4/c1/c7/45/c1c7454b-bf6c-b050-4b2a-393f72bdb0c9/mzaf_13539843344257158245.plus.aac.p.m4a,Apple iTunes Search API,https://itunes.apple.com/lookup?id=1484716666&entity=song&limit=200&country=hk,False
apple-1484716666,新生活 (Live),live,1,11,song,傷信 (Live),陳奕迅,5:18,317840,1484716793,,https://music.apple.com/hk/album/%E5%82%B7%E4%BF%A1-live/1484716666?i=1484716793&uo=4,https://audio-ssl.itunes.apple.com/itunes-assets/AudioPreview211/v4/30/be/36/30be36e9-931e-b5de-995f-cd16d0f9728d/mzaf_10002020054918340016.plus.aac.p.m4a,Apple iTunes Search API,https://itunes.apple.com/lookup?id=1484716666&entity=song&limit=200&country=hk,False
apple-1484716666,新生活 (Live),live,1,12,song,天下無雙 (Live),陳奕迅,4:40,280293,1484716795,,https://music.apple.com/hk/album/%E5%A4%A9%E4%B8%8B%E7%84%A1%E9%9B%99-live/1484716666?i=1484716795&uo=4,https://audio-ssl.itunes.apple.com/itunes-assets/AudioPreview221/v4/47/4c/44/474c44bd-543d-bdb6-4488-20df10fb73fb/mzaf_2562827818956235639.plus.aac.p.m4a,Apple iTunes Search API,https://itunes.apple.com/lookup?id=1484716666&entity=song&limit=200&country=hk,False
apple-1484716666,新生活 (Live),live,1,13,song,與我常在 (Live),陳奕迅,4:36,276200,1484716796,,https://music.apple.com/hk/album/%E8%88%87%E6%88%91%E5%B8%B8%E5%9C%A8-live/1484716666?i=1484716796&uo=4,https://audio-ssl.itunes.apple.com/itunes-assets/AudioPreview211/v4/5a/cd/b1/5acdb1de-ca61-edb0-350b-7901aa274398/mzaf_13633946091211268837.plus.aac.p.m4a,Apple iTunes Search API,https://itunes.apple.com/lookup?id=1484716666&entity=song&limit=200&country=hk,False
apple-1484716666,新生活 (Live),live,1,14,song,抱擁這分鐘 (Live),陳奕迅,5:10,310067,1484716799,,https://music.apple.com/hk/album/%E6%8A%B1%E6%93%81%E9%80%99%E5%88%86%E9%90%98-live/1484716666?i=1484716799&uo=4,https://audio-ssl.itunes.apple.com/itunes-assets/AudioPreview221/v4/8e/cf/c2/8ecfc2fc-056a-d22b-9edd-532f8bf33deb/mzaf_11263209819600942470.plus.aac.p.m4a,Apple iTunes Search API,https://itunes.apple.com/lookup?id=1484716666&entity=song&limit=200&country=hk,False
apple-892819866,天佑愛人,studio,1,1,song,昨日,陳奕迅,4:24,263907,892822894,,https://music.apple.com/hk/album/%E6%98%A8%E6%97%A5/892819866?i=892822894&uo=4,https://audio-ssl.itunes.apple.com/itunes-assets/AudioPreview221/v4/1c/df/af/1cdfaf58-86e6-936c-f1dc-3a4784b9abe7/mzaf_8356630532319851193.plus.aac.p.m4a,Apple iTunes Search API,https://itunes.apple.com/lookup?id=892819866&entity=song&limit=200&country=hk,False
apple-892819866,天佑愛人,studio,1,2,song,今日,陳奕迅,4:31,271093,892822895,,https://music.apple.com/hk/album/%E4%BB%8A%E6%97%A5/892819866?i=892822895&uo=4,https://audio-ssl.itunes.apple.com/itunes-assets/AudioPreview211/v4/df/9c/7a/df9c7a2f-ccac-b621-560f-d4f03451f033/mzaf_2756232997194027602.plus.aac.p.m4a,Apple iTunes Search API,https://itunes.apple.com/lookup?id=892819866&entity=song&limit=200&country=hk,False
apple-892819866,天佑愛人,studio,1,3,song,每一個明天,陳奕迅,4:25,265400,892822901,,https://music.apple.com/hk/album/%E6%AF%8F%E4%B8%80%E5%80%8B%E6%98%8E%E5%A4%A9/892819866?i=892822901&uo=4,https://audio-ssl.itunes.apple.com/itunes-assets/AudioPreview211/v4/fa/8d/1f/fa8d1fe1-6bbf-0bdb-bcc2-7154c12a0227/mzaf_12586864433437072578.plus.aac.p.m4a,Apple iTunes Search API,https://itunes.apple.com/lookup?id=892819866&entity=song&limit=200&country=hk,False
apple-892819866,天佑愛人,studio,1,4,song,眼眉調,陳奕迅,5:08,308467,892822902,,https://music.apple.com/hk/album/%E7%9C%BC%E7%9C%89%E8%AA%BF/892819866?i=892822902&uo=4,https://audio-ssl.itunes.apple.com/itunes-assets/AudioPreview221/v4/52/d5/63/52d563bb-62fd-4ca6-f7b2-7a7405240478/mzaf_16364338049319481949.plus.aac.p.m4a,Apple iTunes Search API,https://itunes.apple.com/lookup?id=892819866&entity=song&limit=200&country=hk,False
apple-892819866,天佑愛人,studio,1,5,song,一,陳奕迅,4:25,264533,892822903,,https://music.apple.com/hk/album/%E4%B8%80/892819866?i=892822903&uo=4,https://audio-ssl.itunes.apple.com/itunes-assets/AudioPreview211/v4/38/ec/81/38ec8158-ae3c-9d9c-481a-781ccd7f1512/mzaf_1408386032983487114.plus.aac.p.m4a,Apple iTunes Search API,https://itunes.apple.com/lookup?id=892819866&entity=song&limit=200&country=hk,False
apple-892819866,天佑愛人,studio,1,6,song,第五個現代化,陳奕迅,3:25,204627,892822904,,https://music.apple.com/hk/album/%E7%AC%AC%E4%BA%94%E5%80%8B%E7%8F%BE%E4%BB%A3%E5%8C%96/892819866?i=892822904&uo=4,https://audio-ssl.itunes.apple.com/itunes-assets/AudioPreview211/v4/8e/10/2e/8e102e73-264c-0542-374a-d971bdb6e2f0/mzaf_2339878608348450779.plus.aac.p.m4a,Apple iTunes Search API,https://itunes.apple.com/lookup?id=892819866&entity=song&limit=200&country=hk,False
apple-892819866,天佑愛人,studio,1,7,song,快高長大,陳奕迅,3:59,239467,892822905,,https://music.apple.com/hk/album/%E5%BF%AB%E9%AB%98%E9%95%B7%E5%A4%A7/892819866?i=892822905&uo=4,https://audio-ssl.itunes.apple.com/itunes-assets/AudioPreview221/v4/6f/07/eb/6f07ebd2-91c2-0c3d-8403-d2bc471ad55b/mzaf_8933856737975814821.plus.aac.p.m4a,Apple iTunes Search API,https://itunes.apple.com/lookup?id=892819866&entity=song&limit=200&country=hk,False
apple-892819866,天佑愛人,studio,1,8,song,如果這一秒鐘你跟我講你不愛我,陳奕迅,4:06,245733,892822906,,https://music.apple.com/hk/album/%E5%A6%82%E6%9E%9C%E9%80%99%E4%B8%80%E7%A7%92%E9%90%98%E4%BD%A0%E8%B7%9F%E6%88%91%E8%AC%9B%E4%BD%A0%E4%B8%8D%E6%84%9B%E6%88%91/892819866?i=892822906&uo=4,https://audio-ssl.itunes.apple.com/itunes-assets/AudioPreview211/v4/cb/f6/24/cbf624a9-fa75-53bf-df97-ba98fe2e0ec9/mzaf_11133213319654996195.plus.aac.p.m4a,Apple iTunes Search API,https://itunes.apple.com/lookup?id=892819866&entity=song&limit=200&country=hk,False
apple-892819866,天佑愛人,studio,1,9,song,我的世界末日,陳奕迅,5:31,330733,892822907,,https://music.apple.com/hk/album/%E6%88%91%E7%9A%84%E4%B8%96%E7%95%8C%E6%9C%AB%E6%97%A5/892819866?i=892822907&uo=4,https://audio-ssl.itunes.apple.com/itunes-assets/AudioPreview211/v4/2f/5b/ef/2f5befb1-ef5a-4ee2-65d0-937689dc0849/mzaf_18105745155811301403.plus.aac.p.m4a,Apple iTunes Search API,https://itunes.apple.com/lookup?id=892819866&entity=song&limit=200&country=hk,False
apple-892819866,天佑愛人,studio,1,10,song,貝多芬與我,陳奕迅,3:21,201493,892822908,,https://music.apple.com/hk/album/%E8%B2%9D%E5%A4%9A%E8%8A%AC%E8%88%87%E6%88%91/892819866?i=892822908&uo=4,https://audio-ssl.itunes.apple.com/itunes-assets/AudioPreview211/v4/cd/d6/58/cdd6586b-2fe2-4e72-c640-1fdfa5cf9339/mzaf_6069831640320059572.plus.aac.p.m4a,Apple iTunes Search API,https://itunes.apple.com/lookup?id=892819866&entity=song&limit=200&country=hk,False
apple-1694525826,婚禮的祝福,studio,1,1,song,1個2個3個4個,陳奕迅,3:47,226907,1694525827,,https://music.apple.com/hk/album/1%E5%80%8B2%E5%80%8B3%E5%80%8B4%E5%80%8B/1694525826?i=1694525827&uo=4,https://audio-ssl.itunes.apple.com/itunes-assets/AudioPreview221/v4/97/31/e1/9731e1d0-4201-25ce-6fdb-bb0747ac019b/mzaf_11844171910997689462.plus.aac.p.m4a,Apple iTunes Search API,https://itunes.apple.com/lookup?id=1694525826&entity=song&limit=200&country=hk,False
apple-1694525826,婚禮的祝福,studio,1,2,song,Just Between The Two Of Us,陳奕迅,4:16,256493,1694525831,,https://music.apple.com/hk/album/just-between-the-two-of-us/1694525826?i=1694525831&uo=4,https://audio-ssl.itunes.apple.com/itunes-assets/AudioPreview221/v4/66/0c/9c/660c9cb0-62c9-adfc-a7bd-099695f89518/mzaf_14899166560416923304.plus.aac.p.m4a,Apple iTunes Search API,https://itunes.apple.com/lookup?id=1694525826&entity=song&limit=200&country=hk,False
apple-1694525826,婚禮的祝福,studio,1,3,song,My Girl,陳奕迅,3:58,237933,1694525832,,https://music.apple.com/hk/album/my-girl/1694525826?i=1694525832&uo=4,https://audio-ssl.itunes.apple.com/itunes-assets/AudioPreview221/v4/ac/01/93/ac019300-ed19-3c06-c275-c9970aaa8529/mzaf_16616795530140153177.plus.aac.p.m4a,Apple iTunes Search API,https://itunes.apple.com/lookup?id=1694525826&entity=song&limit=200&country=hk,False
apple-1694525826,婚禮的祝福,studio,1,4,song,拔河,陳奕迅,4:41,280733,1694525833,,https://music.apple.com/hk/album/%E6%8B%94%E6%B2%B3/1694525826?i=1694525833&uo=4,https://audio-ssl.itunes.apple.com/itunes-assets/AudioPreview211/v4/41/17/f5/4117f58d-6cac-71f6-329b-61ce3f17ea86/mzaf_3710962883993981822.plus.aac.p.m4a,Apple iTunes Search API,https://itunes.apple.com/lookup?id=1694525826&entity=song&limit=200&country=hk,False
apple-1694525826,婚禮的祝福,studio,1,5,song,存在,陳奕迅,3:51,230960,1694525834,,https://music.apple.com/hk/album/%E5%AD%98%E5%9C%A8/1694525826?i=1694525834&uo=4,https://audio-ssl.itunes.apple.com/itunes-assets/AudioPreview221/v4/da/29/8b/da298b7a-2348-3f26-e85c-d49ff18a277b/mzaf_4707900706002340046.plus.aac.p.m4a,Apple iTunes Search API,https://itunes.apple.com/lookup?id=1694525826&entity=song&limit=200&country=hk,False
apple-1694525826,婚禮的祝福,studio,1,6,song,婚禮的祝福,陳奕迅,4:22,261893,1694526046,,https://music.apple.com/hk/album/%E5%A9%9A%E7%A6%AE%E7%9A%84%E7%A5%9D%E7%A6%8F/1694525826?i=1694526046&uo=4,https://audio-ssl.itunes.apple.com/itunes-assets/AudioPreview211/v4/8a/a4/39/8aa4392c-2e4d-38b3-1c67-3471a64a36c6/mzaf_12911729767833706580.plus.aac.p.m4a,Apple iTunes Search API,https://itunes.apple.com/lookup?id=1694525826&entity=song&limit=200&country=hk,False
apple-1694525826,婚禮的祝福,studio,1,7,song,傷心證明書,陳奕迅,5:03,303400,1694526047,,https://music.apple.com/hk/album/%E5%82%B7%E5%BF%83%E8%AD%89%E6%98%8E%E6%9B%B8/1694525826?i=1694526047&uo=4,https://audio-ssl.itunes.apple.com/itunes-assets/AudioPreview221/v4/db/55/41/db55414c-8380-78c3-94fc-7c99ed7153ab/mzaf_18262763033719419765.plus.aac.p.m4a,Apple iTunes Search API,https://itunes.apple.com/lookup?id=1694525826&entity=song&limit=200&country=hk,False
apple-1694525826,婚禮的祝福,studio,1,8,song,掏空,陳奕迅,4:06,246133,1694526048,,https://music.apple.com/hk/album/%E6%8E%8F%E7%A9%BA/1694525826?i=1694526048&uo=4,https://audio-ssl.itunes.apple.com/itunes-assets/AudioPreview211/v4/ee/8d/f4/ee8df4be-ade8-cc19-473e-5120d28500fe/mzaf_13976959457456446399.plus.aac.p.m4a,Apple iTunes Search API,https://itunes.apple.com/lookup?id=1694525826&entity=song&limit=200&country=hk,False
apple-1694525826,婚禮的祝福,studio,1,9,song,我的開始在這裏,陳奕迅,3:49,228507,1694526049,,https://music.apple.com/hk/album/%E6%88%91%E7%9A%84%E9%96%8B%E5%A7%8B%E5%9C%A8%E9%80%99%E8%A3%8F/1694525826?i=1694526049&uo=4,https://audio-ssl.itunes.apple.com/itunes-assets/AudioPreview211/v4/b5/a6/12/b5a61286-46e5-4658-d272-b6f4601a7bce/mzaf_7935655485527104498.plus.aac.p.m4a,Apple iTunes Search API,https://itunes.apple.com/lookup?id=1694525826&entity=song&limit=200&country=hk,False
apple-1694525826,婚禮的祝福,studio,1,10,song,轉機,陳奕迅,4:35,275160,1694526050,,https://music.apple.com/hk/album/%E8%BD%89%E6%A9%9F/1694525826?i=1694526050&uo=4,https://audio-ssl.itunes.apple.com/itunes-assets/AudioPreview211/v4/c0/a6/47/c0a64796-4334-7b7d-3901-a0a238ee1851/mzaf_14988890441882397713.plus.aac.p.m4a,Apple iTunes Search API,https://itunes.apple.com/lookup?id=1694525826&entity=song&limit=200&country=hk,False
apple-892514705,幸福,ep,1,1,song,幸福摩天輪,陳奕迅,4:18,257920,892514706,,https://music.apple.com/hk/album/%E5%B9%B8%E7%A6%8F%E6%91%A9%E5%A4%A9%E8%BC%AA/892514705?i=892514706&uo=4,https://audio-ssl.itunes.apple.com/itunes-assets/AudioPreview221/v4/de/cb/33/decb3392-daf5-2f06-e60e-711e4b7c8911/mzaf_15536241046014922355.plus.aac.p.m4a,Apple iTunes Search API,https://itunes.apple.com/lookup?id=892514705&entity=song&limit=200&country=hk,False
apple-892514705,幸福,ep,1,2,song,飄飄飄飄,陳奕迅,3:47,226560,892514707,,https://music.apple.com/hk/album/%E9%A3%84%E9%A3%84%E9%A3%84%E9%A3%84/892514705?i=892514707&uo=4,https://audio-ssl.itunes.apple.com/itunes-assets/AudioPreview221/v4/a8/10/a2/a810a2c9-8a0f-5e00-567a-ebda7d9ebcf2/mzaf_17114887011095949963.plus.aac.p.m4a,Apple iTunes Search API,https://itunes.apple.com/lookup?id=892514705&entity=song&limit=200&country=hk,False
apple-892514705,幸福,ep,1,3,song,時光倒流二十年,陳奕迅,3:27,206920,892514708,,https://music.apple.com/hk/album/%E6%99%82%E5%85%89%E5%80%92%E6%B5%81%E4%BA%8C%E5%8D%81%E5%B9%B4/892514705?i=892514708&uo=4,https://audio-ssl.itunes.apple.com/itunes-assets/AudioPreview211/v4/cf/5c/65/cf5c652b-4cd7-b422-8670-0a15e31bbc1c/mzaf_7410169583906790689.plus.aac.p.m4a,Apple iTunes Search API,https://itunes.apple.com/lookup?id=892514705&entity=song&limit=200&country=hk,False
apple-892514705,幸福,ep,1,4,song,忽然難過,陳奕迅,4:07,246773,892514709,,https://music.apple.com/hk/album/%E5%BF%BD%E7%84%B6%E9%9B%A3%E9%81%8E/892514705?i=892514709&uo=4,https://audio-ssl.itunes.apple.com/itunes-assets/AudioPreview221/v4/77/8d/86/778d867c-0c39-e61e-29c1-9b9a77fbf9fc/mzaf_12292467709181976240.plus.aac.p.m4a,Apple iTunes Search API,https://itunes.apple.com/lookup?id=892514705&entity=song&limit=200&country=hk,False
apple-892514705,幸福,ep,1,5,song,專家話,陳奕迅,3:58,237627,892514710,,https://music.apple.com/hk/album/%E5%B0%88%E5%AE%B6%E8%A9%B1/892514705?i=892514710&uo=4,https://audio-ssl.itunes.apple.com/itunes-assets/AudioPreview211/v4/e0/e0/53/e0e05380-907c-8e5c-f9d0-235576f549ff/mzaf_4484010607839791716.plus.aac.p.m4a,Apple iTunes Search API,https://itunes.apple.com/lookup?id=892514705&entity=song&limit=200&country=hk,False
apple-892514705,幸福,ep,1,6,song,情誡 (Live Version),陳奕迅,4:00,239733,892514711,,https://music.apple.com/hk/album/%E6%83%85%E8%AA%A1-live-version/892514705?i=892514711&uo=4,https://audio-ssl.itunes.apple.com/itunes-assets/AudioPreview221/v4/34/ce/ef/34ceef1d-7fbf-9523-3cd4-4eb5cf7fd965/mzaf_17251465967534781821.plus.aac.p.m4a,Apple iTunes Search API,https://itunes.apple.com/lookup?id=892514705&entity=song&limit=200&country=hk,False
apple-892514705,幸福,ep,1,7,song,有了你 (Live Version),陳奕迅,2:55,175213,892514712,,https://music.apple.com/hk/album/%E6%9C%89%E4%BA%86%E4%BD%A0-live-version/892514705?i=892514712&uo=4,https://audio-ssl.itunes.apple.com/itunes-assets/AudioPreview221/v4/08/de/ac/08deacf4-dfa4-f526-7fec-d0ef26b25b1c/mzaf_4437642389577470950.plus.aac.p.m4a,Apple iTunes Search API,https://itunes.apple.com/lookup?id=892514705&entity=song&limit=200&country=hk,False
apple-892514705,幸福,ep,1,8,song,春光乍洩 (Live Version),陳奕迅,3:17,197413,892514713,,https://music.apple.com/hk/album/%E6%98%A5%E5%85%89%E4%B9%8D%E6%B4%A9-live-version/892514705?i=892514713&uo=4,https://audio-ssl.itunes.apple.com/itunes-assets/AudioPreview211/v4/65/c9/79/65c97978-f725-ec8c-5ec1-82b067ba22e7/mzaf_2693183444595374450.plus.aac.p.m4a,Apple iTunes Search API,https://itunes.apple.com/lookup?id=892514705&entity=song&limit=200&country=hk,False
apple-892514705,幸福,ep,1,9,song,改造人 (Live Version),陳奕迅,4:27,266920,892514714,,https://music.apple.com/hk/album/%E6%94%B9%E9%80%A0%E4%BA%BA-live-version/892514705?i=892514714&uo=4,https://audio-ssl.itunes.apple.com/itunes-assets/AudioPreview221/v4/6a/3e/87/6a3e87f7-57d5-e7fb-e42e-bddab2c23b14/mzaf_10083988424186542587.plus.aac.p.m4a,Apple iTunes Search API,https://itunes.apple.com/lookup?id=892514705&entity=song&limit=200&country=hk,False
apple-892514705,幸福,ep,1,10,song,垃圾 (Live Version),陳奕迅,4:00,239693,892514715,,https://music.apple.com/hk/album/%E5%9E%83%E5%9C%BE-live-version/892514705?i=892514715&uo=4,https://audio-ssl.itunes.apple.com/itunes-assets/AudioPreview211/v4/b7/a5/0c/b7a50cd5-a954-9fdd-191d-961b96d21720/mzaf_3323590784324002701.plus.aac.p.m4a,Apple iTunes Search API,https://itunes.apple.com/lookup?id=892514705&entity=song&limit=200&country=hk,False
apple-892514705,幸福,ep,1,11,song,非走不可 (Live Version),陳奕迅,4:11,251453,892514716,,https://music.apple.com/hk/album/%E9%9D%9E%E8%B5%B0%E4%B8%8D%E5%8F%AF-live-version/892514705?i=892514716&uo=4,https://audio-ssl.itunes.apple.com/itunes-assets/AudioPreview221/v4/02/86/6f/02866fd7-77d9-7827-1007-15d24ec9f880/mzaf_12225492320803928689.plus.aac.p.m4a,Apple iTunes Search API,https://itunes.apple.com/lookup?id=892514705&entity=song&limit=200&country=hk,False
apple-892514705,幸福,ep,1,12,song,超人迪加/屎撈人,梁漢文 & 陳奕迅,4:58,297653,892514717,,https://music.apple.com/hk/album/%E8%B6%85%E4%BA%BA%E8%BF%AA%E5%8A%A0-%E5%B1%8E%E6%92%88%E4%BA%BA/892514705?i=892514717&uo=4,https://audio-ssl.itunes.apple.com/itunes-assets/AudioPreview211/v4/90/3e/a2/903ea2d5-e00c-a2a7-ed6e-c6fbe66716ee/mzaf_11244528510791586675.plus.aac.p.m4a,Apple iTunes Search API,https://itunes.apple.com/lookup?id=892514705&entity=song&limit=200&country=hk,False
apple-892458133,Eason & Friends 903 ID Club 拉闊音樂會,live,1,1,song,等 (Live),陳奕迅,4:25,265200,892458217,,https://music.apple.com/hk/album/%E7%AD%89-live/892458133?i=892458217&uo=4,https://audio-ssl.itunes.apple.com/itunes-assets/AudioPreview125/v4/9a/50/c1/9a50c10e-7c01-cf72-88d7-6574c8435fbb/mzaf_4696755462078701397.plus.aac.p.m4a,Apple iTunes Search API,https://itunes.apple.com/lookup?id=892458133&entity=song&limit=200&country=hk,False
apple-892458133,Eason & Friends 903 ID Club 拉闊音樂會,live,1,2,song,遙遠的她 (Live),陳奕迅,4:31,271000,892458218,,https://music.apple.com/hk/album/%E9%81%99%E9%81%A0%E7%9A%84%E5%A5%B9-live/892458133?i=892458218&uo=4,https://audio-ssl.itunes.apple.com/itunes-assets/AudioPreview115/v4/fd/7f/5a/fd7f5a3c-b223-b1c0-a4ea-75a2ba50e4a8/mzaf_5457448431555135431.plus.aac.p.m4a,Apple iTunes Search API,https://itunes.apple.com/lookup?id=892458133&entity=song&limit=200&country=hk,False
apple-892458133,Eason & Friends 903 ID Club 拉闊音樂會,live,1,3,song,要是有緣 (Live),陳奕迅,3:54,234147,892458219,,https://music.apple.com/hk/album/%E8%A6%81%E6%98%AF%E6%9C%89%E7%B7%A3-live/892458133?i=892458219&uo=4,https://audio-ssl.itunes.apple.com/itunes-assets/AudioPreview125/v4/e1/01/07/e101072b-bd9b-059c-90c0-81801fdb1906/mzaf_5585956595842893818.plus.aac.p.m4a,Apple iTunes Search API,https://itunes.apple.com/lookup?id=892458133&entity=song&limit=200&country=hk,False
apple-892458133,Eason & Friends 903 ID Club 拉闊音樂會,live,1,4,song,奮鬥 (Live),陳奕迅,3:32,211840,892458220,,https://music.apple.com/hk/album/%E5%A5%AE%E9%AC%A5-live/892458133?i=892458220&uo=4,https://audio-ssl.itunes.apple.com/itunes-assets/AudioPreview125/v4/62/a9/e7/62a9e74a-7502-0988-3e5c-b15b75ca1a87/mzaf_11154277986731264837.plus.aac.p.m4a,Apple iTunes Search API,https://itunes.apple.com/lookup?id=892458133&entity=song&limit=200&country=hk,False
apple-892458133,Eason & Friends 903 ID Club 拉闊音樂會,live,1,5,song,幸福摩天輪 (Live),陳奕迅,2:56,175947,892458223,,https://music.apple.com/hk/album/%E5%B9%B8%E7%A6%8F%E6%91%A9%E5%A4%A9%E8%BC%AA-live/892458133?i=892458223&uo=4,https://audio-ssl.itunes.apple.com/itunes-assets/AudioPreview125/v4/05/81/67/058167bd-b033-7168-8ef0-5e1d1ccba591/mzaf_14757904513804172592.plus.aac.p.m4a,Apple iTunes Search API,https://itunes.apple.com/lookup?id=892458133&entity=song&limit=200&country=hk,False
apple-892458133,Eason & Friends 903 ID Club 拉闊音樂會,live,1,6,song,那一夜有沒有說 (Live),陳奕迅,3:07,187253,892458224,,https://music.apple.com/hk/album/%E9%82%A3%E4%B8%80%E5%A4%9C%E6%9C%89%E6%B2%92%E6%9C%89%E8%AA%AA-live/892458133?i=892458224&uo=4,https://audio-ssl.itunes.apple.com/itunes-assets/AudioPreview125/v4/de/df/49/dedf4919-953c-4e1d-6572-87675b39249d/mzaf_2828166608057617082.plus.aac.p.m4a,Apple iTunes Search API,https://itunes.apple.com/lookup?id=892458133&entity=song&limit=200&country=hk,False
apple-892458133,Eason & Friends 903 ID Club 拉闊音樂會,live,1,7,song,貝多芬與我 (Live),陳奕迅,4:24,263627,892458226,,https://music.apple.com/hk/album/%E8%B2%9D%E5%A4%9A%E8%8A%AC%E8%88%87%E6%88%91-live/892458133?i=892458226&uo=4,https://audio-ssl.itunes.apple.com/itunes-assets/AudioPreview115/v4/87/6d/55/876d55fb-7689-eabc-d792-73b50e268526/mzaf_14395867178053471841.plus.aac.p.m4a,Apple iTunes Search API,https://itunes.apple.com/lookup?id=892458133&entity=song&limit=200&country=hk,False
apple-892458133,Eason & Friends 903 ID Club 拉闊音樂會,live,1,8,song,美麗有罪 (Live),陳奕迅,2:46,165667,892458227,,https://music.apple.com/hk/album/%E7%BE%8E%E9%BA%97%E6%9C%89%E7%BD%AA-live/892458133?i=892458227&uo=4,https://audio-ssl.itunes.apple.com/itunes-assets/AudioPreview125/v4/d8/c4/06/d8c4064e-42af-8321-40b7-5b4faf0ed868/mzaf_17849821180805175515.plus.aac.p.m4a,Apple iTunes Search API,https://itunes.apple.com/lookup?id=892458133&entity=song&limit=200&country=hk,False
apple-892458133,Eason & Friends 903 ID Club 拉闊音樂會,live,1,9,song,我的世界末日 (Live),陳奕迅,5:30,330240,892458228,,https://music.apple.com/hk/album/%E6%88%91%E7%9A%84%E4%B8%96%E7%95%8C%E6%9C%AB%E6%97%A5-live/892458133?i=892458228&uo=4,https://audio-ssl.itunes.apple.com/itunes-assets/AudioPreview115/v4/6a/db/36/6adb3616-a157-762d-a5b7-92f711c6d588/mzaf_17745733693583715465.plus.aac.p.m4a,Apple iTunes Search API,https://itunes.apple.com/lookup?id=892458133&entity=song&limit=200&country=hk,False
apple-892458133,Eason & Friends 903 ID Club 拉闊音樂會,live,1,10,song,第五個現代化 (Live),陳奕迅,3:13,192747,892458230,,https://music.apple.com/hk/album/%E7%AC%AC%E4%BA%94%E5%80%8B%E7%8F%BE%E4%BB%A3%E5%8C%96-live/892458133?i=892458230&uo=4,https://audio-ssl.itunes.apple.com/itunes-assets/AudioPreview115/v4/6a/19/fe/6a19fe96-38e4-6960-1206-63d6c420b9be/mzaf_9209616898581706840.plus.aac.p.m4a,Apple iTunes Search API,https://itunes.apple.com/lookup?id=892458133&entity=song&limit=200&country=hk,False
apple-892458133,Eason & Friends 903 ID Club 拉闊音樂會,live,1,11,song,黑夜不再來 (Live),陳奕迅,3:39,219133,892458232,,https://music.apple.com/hk/album/%E9%BB%91%E5%A4%9C%E4%B8%8D%E5%86%8D%E4%BE%86-live/892458133?i=892458232&uo=4,https://audio-ssl.itunes.apple.com/itunes-assets/AudioPreview115/v4/ad/01/88/ad0188a4-7470-70ac-913d-bbf4f1adcb66/mzaf_9124565392554023215.plus.aac.p.m4a,Apple iTunes Search API,https://itunes.apple.com/lookup?id=892458133&entity=song&limit=200&country=hk,False
apple-1550844443,"68'29""",compilation,1,1,song,原來這裡沒有你 (無線電視劇《雷霆第一關》片尾曲),陳奕迅,5:15,314947,1550844447,,https://music.apple.com/hk/album/%E5%8E%9F%E4%BE%86%E9%80%99%E8%A3%A1%E6%B2%92%E6%9C%89%E4%BD%A0-%E7%84%A1%E7%B7%9A%E9%9B%BB%E8%A6%96%E5%8A%87-%E9%9B%B7%E9%9C%86%E7%AC%AC%E4%B8%80%E9%97%9C-%E7%89%87%E5%B0%BE%E6%9B%B2/1550844443?i=1550844447&uo=4,https://audio-ssl.itunes.apple.com/itunes-assets/AudioPreview125/v4/e4/0d/09/e40d09d9-81e1-3df0-d844-6f41203518a9/mzaf_9999355486505069497.plus.aac.p.m4a,Apple iTunes Search API,https://itunes.apple.com/lookup?id=1550844443&entity=song&limit=200&country=hk,False
apple-1550844443,"68'29""",compilation,1,2,song,天網 (無線電視劇《雷霆第一關》片頭曲),陳奕迅,3:50,229653,1550844451,,https://music.apple.com/hk/album/%E5%A4%A9%E7%B6%B2-%E7%84%A1%E7%B7%9A%E9%9B%BB%E8%A6%96%E5%8A%87-%E9%9B%B7%E9%9C%86%E7%AC%AC%E4%B8%80%E9%97%9C-%E7%89%87%E9%A0%AD%E6%9B%B2/1550844443?i=1550844451&uo=4,https://audio-ssl.itunes.apple.com/itunes-assets/AudioPreview115/v4/67/c9/49/67c949fb-f949-b482-5d17-0a102457e57b/mzaf_1444642299977930356.plus.aac.p.m4a,Apple iTunes Search API,https://itunes.apple.com/lookup?id=1550844443&entity=song&limit=200&country=hk,False
apple-1550844443,"68'29""",compilation,1,3,song,天下無雙,陳奕迅,4:21,260707,1550844455,,https://music.apple.com/hk/album/%E5%A4%A9%E4%B8%8B%E7%84%A1%E9%9B%99/1550844443?i=1550844455&uo=4,https://audio-ssl.itunes.apple.com/itunes-assets/AudioPreview115/v4/1a/d5/83/1ad5832c-fb3f-3d18-8750-b092e2196d6a/mzaf_9969781786983510746.plus.aac.p.m4a,Apple iTunes Search API,https://itunes.apple.com/lookup?id=1550844443&entity=song&limit=200&country=hk,False
apple-1550844443,"68'29""",compilation,1,4,song,我的快樂時代,陳奕迅,3:37,216760,1550844818,,https://music.apple.com/hk/album/%E6%88%91%E7%9A%84%E5%BF%AB%E6%A8%82%E6%99%82%E4%BB%A3/1550844443?i=1550844818&uo=4,https://audio-ssl.itunes.apple.com/itunes-assets/AudioPreview125/v4/c7/41/aa/c741aadc-8133-d873-859f-b2abe92ca40a/mzaf_16174522099243793699.plus.aac.p.m4a,Apple iTunes Search API,https://itunes.apple.com/lookup?id=1550844443&entity=song&limit=200&country=hk,False
apple-1550844443,"68'29""",compilation,1,5,song,黃金時代,陳奕迅,4:09,249400,1550844821,,https://music.apple.com/hk/album/%E9%BB%83%E9%87%91%E6%99%82%E4%BB%A3/1550844443?i=1550844821&uo=4,https://audio-ssl.itunes.apple.com/itunes-assets/AudioPreview115/v4/82/56/4b/82564be2-e046-b72a-aa75-ee9b22056466/mzaf_1029005443249629395.plus.aac.p.m4a,Apple iTunes Search API,https://itunes.apple.com/lookup?id=1550844443&entity=song&limit=200&country=hk,False
apple-1550844443,"68'29""",compilation,1,6,song,我甚麼都沒有,陳奕迅,3:52,231600,1550844827,,https://music.apple.com/hk/album/%E6%88%91%E7%94%9A%E9%BA%BC%E9%83%BD%E6%B2%92%E6%9C%89/1550844443?i=1550844827&uo=4,https://audio-ssl.itunes.apple.com/itunes-assets/AudioPreview125/v4/fb/98/c0/fb98c0fe-1f96-dfff-61c9-119bc9830e71/mzaf_12252418075814981229.plus.aac.p.m4a,Apple iTunes Search API,https://itunes.apple.com/lookup?id=1550844443&entity=song&limit=200&country=hk,False
apple-1550844443,"68'29""",compilation,1,7,song,第五個現代化,陳奕迅,3:26,205733,1550844829,,https://music.apple.com/hk/album/%E7%AC%AC%E4%BA%94%E5%80%8B%E7%8F%BE%E4%BB%A3%E5%8C%96/1550844443?i=1550844829&uo=4,https://audio-ssl.itunes.apple.com/itunes-assets/AudioPreview115/v4/b5/c0/60/b5c0605b-91bd-4ac5-3aca-00ff37e70a1d/mzaf_10227301845616835968.plus.aac.p.m4a,Apple iTunes Search API,https://itunes.apple.com/lookup?id=1550844443&entity=song&limit=200&country=hk,False
apple-1550844443,"68'29""",compilation,1,8,song,貝多芬與我,陳奕迅,3:23,202947,1550844838,,https://music.apple.com/hk/album/%E8%B2%9D%E5%A4%9A%E8%8A%AC%E8%88%87%E6%88%91/1550844443?i=1550844838&uo=4,https://audio-ssl.itunes.apple.com/itunes-assets/AudioPreview115/v4/b7/a0/6d/b7a06dc0-6404-397a-2378-012026bc6140/mzaf_17642082482910851582.plus.aac.p.m4a,Apple iTunes Search API,https://itunes.apple.com/lookup?id=1550844443&entity=song&limit=200&country=hk,False
apple-1550844443,"68'29""",compilation,1,9,song,今天等我來,陳奕迅,4:23,262680,1550844841,,https://music.apple.com/hk/album/%E4%BB%8A%E5%A4%A9%E7%AD%89%E6%88%91%E4%BE%86/1550844443?i=1550844841&uo=4,https://audio-ssl.itunes.apple.com/itunes-assets/AudioPreview115/v4/a4/12/c0/a412c055-c1d3-10d9-1d91-c5b35f8bbe7a/mzaf_9553475114710427770.plus.aac.p.m4a,Apple iTunes Search API,https://itunes.apple.com/lookup?id=1550844443&entity=song&limit=200&country=hk,False
apple-1550844443,"68'29""",compilation,1,10,song,抱擁這分鐘,陳奕迅,4:58,297613,1550844845,,https://music.apple.com/hk/album/%E6%8A%B1%E6%93%81%E9%80%99%E5%88%86%E9%90%98/1550844443?i=1550844845&uo=4,https://audio-ssl.itunes.apple.com/itunes-assets/AudioPreview115/v4/f8/b2/be/f8b2be5f-a970-0201-8a39-1a252d259927/mzaf_2885692375113908097.plus.aac.p.m4a,Apple iTunes Search API,https://itunes.apple.com/lookup?id=1550844443&entity=song&limit=200&country=hk,False
apple-1550844443,"68'29""",compilation,1,11,song,現場直播,陳奕迅,5:01,300893,1550845118,,https://music.apple.com/hk/album/%E7%8F%BE%E5%A0%B4%E7%9B%B4%E6%92%AD/1550844443?i=1550845118&uo=4,https://audio-ssl.itunes.apple.com/itunes-assets/AudioPreview125/v4/df/79/47/df7947c2-43bd-7338-88c1-b98877e8d13e/mzaf_2273752746270975688.plus.aac.p.m4a,Apple iTunes Search API,https://itunes.apple.com/lookup?id=1550844443&entity=song&limit=200&country=hk,False
apple-1550844443,"68'29""",compilation,1,12,song,傷信,陳奕迅,4:41,280640,1550845120,,https://music.apple.com/hk/album/%E5%82%B7%E4%BF%A1/1550844443?i=1550845120&uo=4,https://audio-ssl.itunes.apple.com/itunes-assets/AudioPreview115/v4/38/84/12/388412b6-7fc6-9f8a-a48c-b9e039d50d8e/mzaf_1796407141395766068.plus.aac.p.m4a,Apple iTunes Search API,https://itunes.apple.com/lookup?id=1550844443&entity=song&limit=200&country=hk,False
apple-1550844443,"68'29""",compilation,1,13,song,遊離份子,陳奕迅,4:56,296493,1550845123,,https://music.apple.com/hk/album/%E9%81%8A%E9%9B%A2%E4%BB%BD%E5%AD%90/1550844443?i=1550845123&uo=4,https://audio-ssl.itunes.apple.com/itunes-assets/AudioPreview125/v4/62/91/72/6291724a-e599-73b2-d518-b1f2fd6a708a/mzaf_12365421802219329583.plus.aac.p.m4a,Apple iTunes Search API,https://itunes.apple.com/lookup?id=1550844443&entity=song&limit=200&country=hk,False
apple-1550844443,"68'29""",compilation,1,14,song,安守本份,陳奕迅,5:01,300733,1550845125,,https://music.apple.com/hk/album/%E5%AE%89%E5%AE%88%E6%9C%AC%E4%BB%BD/1550844443?i=1550845125&uo=4,https://audio-ssl.itunes.apple.com/itunes-assets/AudioPreview115/v4/2f/cc/6c/2fcc6c8d-44d6-cbc4-9d71-9dba80145b63/mzaf_3960396514304425571.plus.aac.p.m4a,Apple iTunes Search API,https://itunes.apple.com/lookup?id=1550844443&entity=song&limit=200&country=hk,False
apple-1550844443,"68'29""",compilation,1,15,song,時代曲,陳奕迅,4:22,262427,1550845127,,https://music.apple.com/hk/album/%E6%99%82%E4%BB%A3%E6%9B%B2/1550844443?i=1550845127&uo=4,https://audio-ssl.itunes.apple.com/itunes-assets/AudioPreview115/v4/42/37/83/42378331-f129-8318-a39d-5e5a2193c8c2/mzaf_13781066705581435826.plus.aac.p.m4a,Apple iTunes Search API,https://itunes.apple.com/lookup?id=1550844443&entity=song&limit=200&country=hk,False
apple-1550844443,"68'29""",compilation,1,16,song,我們不哭了,"陳奕迅, 楊千嬅, 何超儀 & 海俊傑",3:16,195667,1550845133,,https://music.apple.com/hk/album/%E6%88%91%E5%80%91%E4%B8%8D%E5%93%AD%E4%BA%86/1550844443?i=1550845133&uo=4,https://audio-ssl.itunes.apple.com/itunes-assets/AudioPreview125/v4/fb/5d/05/fb5d05f9-2a0a-ba09-0ca4-159ffa032e3e/mzaf_13115538922321471422.plus.aac.p.m4a,Apple iTunes Search API,https://itunes.apple.com/lookup?id=1550844443&entity=song&limit=200&country=hk,False
apple-542594340,打得火熱,studio,1,1,song,K歌之王,陳奕迅,3:42,222351,542594345,,https://music.apple.com/hk/album/k%E6%AD%8C%E4%B9%8B%E7%8E%8B/542594340?i=542594345&uo=4,https://audio-ssl.itunes.apple.com/itunes-assets/AudioPreview221/v4/3f/cc/a9/3fcca90c-648c-3627-ba7d-08c0c9183f1d/mzaf_8985623907447594504.plus.aac.p.m4a,Apple iTunes Search API,https://itunes.apple.com/lookup?id=542594340&entity=song&limit=200&country=hk,False
apple-542594340,打得火熱,studio,1,2,song,打得火熱,陳奕迅,3:14,194115,542594346,,https://music.apple.com/hk/album/%E6%89%93%E5%BE%97%E7%81%AB%E7%86%B1/542594340?i=542594346&uo=4,https://audio-ssl.itunes.apple.com/itunes-assets/AudioPreview221/v4/20/93/8f/20938fa3-d0f1-3a95-acbc-90f327dbe02d/mzaf_5424514448131381065.plus.aac.p.m4a,Apple iTunes Search API,https://itunes.apple.com/lookup?id=542594340&entity=song&limit=200&country=hk,False
apple-542594340,打得火熱,studio,1,3,song,新廣告歌,陳奕迅,3:27,207089,542594347,,https://music.apple.com/hk/album/%E6%96%B0%E5%BB%A3%E5%91%8A%E6%AD%8C/542594340?i=542594347&uo=4,https://audio-ssl.itunes.apple.com/itunes-assets/AudioPreview221/v4/39/43/8f/39438f5e-bb3a-daea-6cef-203139b6973e/mzaf_13347013638785608514.plus.aac.p.m4a,Apple iTunes Search API,https://itunes.apple.com/lookup?id=542594340&entity=song&limit=200&country=hk,False
apple-542594340,打得火熱,studio,1,4,song,低等動物,陳奕迅,4:18,258358,542594348,,https://music.apple.com/hk/album/%E4%BD%8E%E7%AD%89%E5%8B%95%E7%89%A9/542594340?i=542594348&uo=4,https://audio-ssl.itunes.apple.com/itunes-assets/AudioPreview221/v4/08/6f/04/086f0435-f2d7-1eb1-8065-6af0ff955c89/mzaf_6584282722711535902.plus.aac.p.m4a,Apple iTunes Search API,https://itunes.apple.com/lookup?id=542594340&entity=song&limit=200&country=hk,False
apple-542594340,打得火熱,studio,1,5,song,綿綿,陳奕迅,4:04,244066,542594352,,https://music.apple.com/hk/album/%E7%B6%BF%E7%B6%BF/542594340?i=542594352&uo=4,https://audio-ssl.itunes.apple.com/itunes-assets/AudioPreview221/v4/cc/3c/4c/cc3c4c75-a332-9a27-8b31-4124d18e8eea/mzaf_3479692522954156633.plus.aac.p.m4a,Apple iTunes Search API,https://itunes.apple.com/lookup?id=542594340&entity=song&limit=200&country=hk,False
apple-542594340,打得火熱,studio,1,6,song,美麗謊言,陳奕迅,4:11,250934,542594353,,https://music.apple.com/hk/album/%E7%BE%8E%E9%BA%97%E8%AC%8A%E8%A8%80/542594340?i=542594353&uo=4,https://audio-ssl.itunes.apple.com/itunes-assets/AudioPreview211/v4/9a/a2/cc/9aa2ccdf-4691-43e2-20e6-c2d2f075ca26/mzaf_16783250728576778768.plus.aac.p.m4a,Apple iTunes Search API,https://itunes.apple.com/lookup?id=542594340&entity=song&limit=200&country=hk,False
apple-542594340,打得火熱,studio,1,7,song,吹微風,陳奕迅,3:39,219229,542594354,,https://music.apple.com/hk/album/%E5%90%B9%E5%BE%AE%E9%A2%A8/542594340?i=542594354&uo=4,https://audio-ssl.itunes.apple.com/itunes-assets/AudioPreview211/v4/e9/d2/de/e9d2ded6-d25e-2bf9-524b-ced600cf2647/mzaf_16445692580615971659.plus.aac.p.m4a,Apple iTunes Search API,https://itunes.apple.com/lookup?id=542594340&entity=song&limit=200&country=hk,False
apple-542594340,打得火熱,studio,1,8,song,溫室效應,陳奕迅,3:59,238794,542594355,,https://music.apple.com/hk/album/%E6%BA%AB%E5%AE%A4%E6%95%88%E6%87%89/542594340?i=542594355&uo=4,https://audio-ssl.itunes.apple.com/itunes-assets/AudioPreview221/v4/22/81/b7/2281b798-f845-a76e-6e9e-2685b72fdb8d/mzaf_15673864638208256855.plus.aac.p.m4a,Apple iTunes Search API,https://itunes.apple.com/lookup?id=542594340&entity=song&limit=200&country=hk,False
apple-542594340,打得火熱,studio,1,9,song,活躍症,陳奕迅,5:23,323294,542594356,,https://music.apple.com/hk/album/%E6%B4%BB%E8%BA%8D%E7%97%87/542594340?i=542594356&uo=4,https://audio-ssl.itunes.apple.com/itunes-assets/AudioPreview211/v4/0a/af/39/0aaf3972-a12a-c2a2-30a9-e7ec1c401a03/mzaf_6170758137350075923.plus.aac.p.m4a,Apple iTunes Search API,https://itunes.apple.com/lookup?id=542594340&entity=song&limit=200&country=hk,False
apple-542594340,打得火熱,studio,1,10,song,下週同樣時間(再見),陳奕迅,3:18,197653,542594357,,https://music.apple.com/hk/album/%E4%B8%8B%E9%80%B1%E5%90%8C%E6%A8%A3%E6%99%82%E9%96%93-%E5%86%8D%E8%A6%8B/542594340?i=542594357&uo=4,https://audio-ssl.itunes.apple.com/itunes-assets/AudioPreview211/v4/8b/cc/6c/8bcc6cc6-f091-09c8-0438-478e42e73825/mzaf_6058501287282337520.plus.aac.p.m4a,Apple iTunes Search API,https://itunes.apple.com/lookup?id=542594340&entity=song&limit=200&country=hk,False
apple-892390524,Mixed Up,remix,1,1,song,幸福摩天輪 (James Ting Remix),陳奕迅,7:26,445733,892390525,,https://music.apple.com/hk/album/%E5%B9%B8%E7%A6%8F%E6%91%A9%E5%A4%A9%E8%BC%AA-james-ting-remix/892390524?i=892390525&uo=4,https://audio-ssl.itunes.apple.com/itunes-assets/AudioPreview115/v4/6a/f7/00/6af7007c-6f35-44e2-e017-03b57f9299d2/mzaf_15129331825800496120.plus.aac.p.m4a,Apple iTunes Search API,https://itunes.apple.com/lookup?id=892390524&entity=song&limit=200&country=hk,False
apple-892390524,Mixed Up,remix,1,2,song,美麗有罪 (Erandon vs. Loopmusic Mix),陳奕迅,5:17,317427,892390526,,https://music.apple.com/hk/album/%E7%BE%8E%E9%BA%97%E6%9C%89%E7%BD%AA-erandon-vs-loopmusic-mix/892390524?i=892390526&uo=4,https://audio-ssl.itunes.apple.com/itunes-assets/AudioPreview115/v4/00/c7/73/00c773a4-de07-8283-e4fd-571a1e86a5e3/mzaf_4672821293450429197.plus.aac.p.m4a,Apple iTunes Search API,https://itunes.apple.com/lookup?id=892390524&entity=song&limit=200&country=hk,False
apple-892390524,Mixed Up,remix,1,3,song,我的世界末日 (Teoh Remix),陳奕迅,5:07,307040,892390527,,https://music.apple.com/hk/album/%E6%88%91%E7%9A%84%E4%B8%96%E7%95%8C%E6%9C%AB%E6%97%A5-teoh-remix/892390524?i=892390527&uo=4,https://audio-ssl.itunes.apple.com/itunes-assets/AudioPreview115/v4/aa/3e/33/aa3e33c8-e484-3a93-3eae-bf0077355ada/mzaf_10617058970891442444.plus.aac.p.m4a,Apple iTunes Search API,https://itunes.apple.com/lookup?id=892390524&entity=song&limit=200&country=hk,False
apple-892390524,Mixed Up,remix,1,4,song,時代曲 (Tszpun Remix),陳奕迅,6:29,389133,892390531,,https://music.apple.com/hk/album/%E6%99%82%E4%BB%A3%E6%9B%B2-tszpun-remix/892390524?i=892390531&uo=4,https://audio-ssl.itunes.apple.com/itunes-assets/AudioPreview115/v4/01/45/27/01452756-116e-2d30-daba-6a8f0e75cb4d/mzaf_3265203731663311038.plus.aac.p.m4a,Apple iTunes Search API,https://itunes.apple.com/lookup?id=892390524&entity=song&limit=200&country=hk,False
apple-892390524,Mixed Up,remix,1,5,song,超人的主題曲 (Club Mix),陳奕迅,6:40,399667,892390548,,https://music.apple.com/hk/album/%E8%B6%85%E4%BA%BA%E7%9A%84%E4%B8%BB%E9%A1%8C%E6%9B%B2-club-mix/892390524?i=892390548&uo=4,https://audio-ssl.itunes.apple.com/itunes-assets/AudioPreview115/v4/ba/96/ff/ba96ff64-b6db-e7ed-7537-2a3c029eb1de/mzaf_8955812297535499218.plus.aac.p.m4a,Apple iTunes Search API,https://itunes.apple.com/lookup?id=892390524&entity=song&limit=200&country=hk,False
apple-892390524,Mixed Up,remix,1,6,song,美麗有罪 (James Ting Remix),陳奕迅,8:06,486227,892390549,,https://music.apple.com/hk/album/%E7%BE%8E%E9%BA%97%E6%9C%89%E7%BD%AA-james-ting-remix/892390524?i=892390549&uo=4,https://audio-ssl.itunes.apple.com/itunes-assets/AudioPreview115/v4/ec/1d/91/ec1d91a7-9d85-0bf9-2080-9d3b051aeff3/mzaf_6844476782650280915.plus.aac.p.m4a,Apple iTunes Search API,https://itunes.apple.com/lookup?id=892390524&entity=song&limit=200&country=hk,False
apple-892390524,Mixed Up,remix,1,7,song,專家話 (Minimul Remix),陳奕迅,3:53,232640,892390550,,https://music.apple.com/hk/album/%E5%B0%88%E5%AE%B6%E8%A9%B1-minimul-remix/892390524?i=892390550&uo=4,https://audio-ssl.itunes.apple.com/itunes-assets/AudioPreview115/v4/4a/ba/d5/4abad5db-4523-8c51-61d2-50dcbf74d9b3/mzaf_9027570705058158606.plus.aac.p.m4a,Apple iTunes Search API,https://itunes.apple.com/lookup?id=892390524&entity=song&limit=200&country=hk,False
apple-892390524,Mixed Up,remix,1,8,song,黑夜不再來 (Slow Tech Riddim Remix),陳奕迅,5:43,342960,892390551,,https://music.apple.com/hk/album/%E9%BB%91%E5%A4%9C%E4%B8%8D%E5%86%8D%E4%BE%86-slow-tech-riddim-remix/892390524?i=892390551&uo=4,https://audio-ssl.itunes.apple.com/itunes-assets/AudioPreview125/v4/05/60/05/056005fa-b625-32ea-5a32-69f375ea41fd/mzaf_13889038981094181227.plus.aac.p.m4a,Apple iTunes Search API,https://itunes.apple.com/lookup?id=892390524&entity=song&limit=200&country=hk,False
apple-892390524,Mixed Up,remix,1,9,song,傷信 (梁基爵 Remix),陳奕迅,3:42,222467,892390552,,https://music.apple.com/hk/album/%E5%82%B7%E4%BF%A1-%E6%A2%81%E5%9F%BA%E7%88%B5-remix/892390524?i=892390552&uo=4,https://audio-ssl.itunes.apple.com/itunes-assets/AudioPreview115/v4/6c/64/f8/6c64f823-2351-416b-75e8-0c0ac870a4ae/mzaf_4541258243636260270.plus.aac.p.m4a,Apple iTunes Search API,https://itunes.apple.com/lookup?id=892390524&entity=song&limit=200&country=hk,False
apple-892390524,Mixed Up,remix,1,10,song,貝多芬與我 (四方果 Remix),陳奕迅,8:24,503787,892390553,,https://music.apple.com/hk/album/%E8%B2%9D%E5%A4%9A%E8%8A%AC%E8%88%87%E6%88%91-%E5%9B%9B%E6%96%B9%E6%9E%9C-remix/892390524?i=892390553&uo=4,https://audio-ssl.itunes.apple.com/itunes-assets/AudioPreview115/v4/ef/25/b2/ef25b272-79be-1261-e561-1fdb7b4aa128/mzaf_7332590441961466531.plus.aac.p.m4a,Apple iTunes Search API,https://itunes.apple.com/lookup?id=892390524&entity=song&limit=200&country=hk,False
mb-753015ea-05eb-4b32-a02e-84c10cb8116f,Eason 18首選,compilation,1,1,song,黑夜不再來,陳奕迅,2:56,176066,,e88f1777-bc4b-4c85-9884-60cb177d3879,https://musicbrainz.org/recording/e88f1777-bc4b-4c85-9884-60cb177d3879,,MusicBrainz physical release metadata,https://musicbrainz.org/release/753015ea-05eb-4b32-a02e-84c10cb8116f,False
mb-753015ea-05eb-4b32-a02e-84c10cb8116f,Eason 18首選,compilation,1,2,song,美麗有罪,陳奕迅,3:38,218226,,837b3f7d-834a-4f4a-b212-2afd48493c25,https://musicbrainz.org/recording/837b3f7d-834a-4f4a-b212-2afd48493c25,,MusicBrainz physical release metadata,https://musicbrainz.org/release/753015ea-05eb-4b32-a02e-84c10cb8116f,False
mb-753015ea-05eb-4b32-a02e-84c10cb8116f,Eason 18首選,compilation,1,3,song,當這地球沒有花,陳奕迅,3:44,223826,,576bc337-12b2-43ed-ae08-3950d3c8e6d8,https://musicbrainz.org/recording/576bc337-12b2-43ed-ae08-3950d3c8e6d8,,MusicBrainz physical release metadata,https://musicbrainz.org/release/753015ea-05eb-4b32-a02e-84c10cb8116f,False
mb-753015ea-05eb-4b32-a02e-84c10cb8116f,Eason 18首選,compilation,1,4,song,和平飯店,陳奕迅,2:38,158040,,afc03506-64ea-4fa2-a97c-f73cb474a3fc,https://musicbrainz.org/recording/afc03506-64ea-4fa2-a97c-f73cb474a3fc,,MusicBrainz physical release metadata,https://musicbrainz.org/release/753015ea-05eb-4b32-a02e-84c10cb8116f,False
mb-753015ea-05eb-4b32-a02e-84c10cb8116f,Eason 18首選,compilation,1,5,song,幸福摩天輪,陳奕迅,4:18,257813,,64ab93ef-bcea-4f6e-9d5c-36c850af1729,https://musicbrainz.org/recording/64ab93ef-bcea-4f6e-9d5c-36c850af1729,,MusicBrainz physical release metadata,https://musicbrainz.org/release/753015ea-05eb-4b32-a02e-84c10cb8116f,False
mb-753015ea-05eb-4b32-a02e-84c10cb8116f,Eason 18首選,compilation,1,6,song,時光倒流二十年,陳奕迅,3:26,206466,,2b8d058a-a00e-4421-934b-c859466c91f9,https://musicbrainz.org/recording/2b8d058a-a00e-4421-934b-c859466c91f9,,MusicBrainz physical release metadata,https://musicbrainz.org/release/753015ea-05eb-4b32-a02e-84c10cb8116f,False
mb-753015ea-05eb-4b32-a02e-84c10cb8116f,Eason 18首選,compilation,1,7,song,每一個明天,陳奕迅,4:27,267000,,8df2b2cb-1399-49e0-856f-263fc58cd83b,https://musicbrainz.org/recording/8df2b2cb-1399-49e0-856f-263fc58cd83b,,MusicBrainz physical release metadata,https://musicbrainz.org/release/753015ea-05eb-4b32-a02e-84c10cb8116f,False
mb-753015ea-05eb-4b32-a02e-84c10cb8116f,Eason 18首選,compilation,1,8,song,今日,陳奕迅,4:33,272853,,0e10b45c-f2b2-49ca-8347-e9166a26a467,https://musicbrainz.org/recording/0e10b45c-f2b2-49ca-8347-e9166a26a467,,MusicBrainz physical release metadata,https://musicbrainz.org/release/753015ea-05eb-4b32-a02e-84c10cb8116f,False
mb-753015ea-05eb-4b32-a02e-84c10cb8116f,Eason 18首選,compilation,1,9,song,多一點,陳奕迅,4:01,241306,,9eca2528-018a-49d6-9d98-d81bb7c08c64,https://musicbrainz.org/recording/9eca2528-018a-49d6-9d98-d81bb7c08c64,,MusicBrainz physical release metadata,https://musicbrainz.org/release/753015ea-05eb-4b32-a02e-84c10cb8116f,False
mb-753015ea-05eb-4b32-a02e-84c10cb8116f,Eason 18首選,compilation,1,10,song,美滿人生,陳奕迅,3:46,225986,,4046b689-215b-4bb6-9a22-725384bfbfeb,https://musicbrainz.org/recording/4046b689-215b-4bb6-9a22-725384bfbfeb,,MusicBrainz physical release metadata,https://musicbrainz.org/release/753015ea-05eb-4b32-a02e-84c10cb8116f,False
mb-753015ea-05eb-4b32-a02e-84c10cb8116f,Eason 18首選,compilation,1,11,song,一個人,陳奕迅,3:45,224880,,86c6bcb4-a8a2-4d84-a5a8-5abdce604b96,https://musicbrainz.org/recording/86c6bcb4-a8a2-4d84-a5a8-5abdce604b96,,MusicBrainz physical release metadata,https://musicbrainz.org/release/753015ea-05eb-4b32-a02e-84c10cb8116f,False
mb-753015ea-05eb-4b32-a02e-84c10cb8116f,Eason 18首選,compilation,1,12,song,始終我係我,陳奕迅,3:48,228253,,aea838aa-5d29-467d-a276-862e8fd3b629,https://musicbrainz.org/recording/aea838aa-5d29-467d-a276-862e8fd3b629,,MusicBrainz physical release metadata,https://musicbrainz.org/release/753015ea-05eb-4b32-a02e-84c10cb8116f,False
mb-753015ea-05eb-4b32-a02e-84c10cb8116f,Eason 18首選,compilation,1,13,song,望月,陳奕迅,4:46,285933,,22802f6d-a017-4985-819f-1070cf5b9cfd,https://musicbrainz.org/recording/22802f6d-a017-4985-819f-1070cf5b9cfd,,MusicBrainz physical release metadata,https://musicbrainz.org/release/753015ea-05eb-4b32-a02e-84c10cb8116f,False
mb-753015ea-05eb-4b32-a02e-84c10cb8116f,Eason 18首選,compilation,1,14,song,垃圾,陳奕迅,3:59,239280,,db7f5b15-51dd-452f-b951-969d8b537520,https://musicbrainz.org/recording/db7f5b15-51dd-452f-b951-969d8b537520,,MusicBrainz physical release metadata,https://musicbrainz.org/release/753015ea-05eb-4b32-a02e-84c10cb8116f,False
mb-753015ea-05eb-4b32-a02e-84c10cb8116f,Eason 18首選,compilation,1,15,song,情誡,陳奕迅,3:59,238653,,f501f535-f553-4157-8254-2f7db0de591d,https://musicbrainz.org/recording/f501f535-f553-4157-8254-2f7db0de591d,,MusicBrainz physical release metadata,https://musicbrainz.org/release/753015ea-05eb-4b32-a02e-84c10cb8116f,False
mb-753015ea-05eb-4b32-a02e-84c10cb8116f,Eason 18首選,compilation,1,16,song,等,陳奕迅,4:26,266400,,ed18d52d-d816-4d8f-af96-32bd532bf460,https://musicbrainz.org/recording/ed18d52d-d816-4d8f-af96-32bd532bf460,,MusicBrainz physical release metadata,https://musicbrainz.org/release/753015ea-05eb-4b32-a02e-84c10cb8116f,False
mb-753015ea-05eb-4b32-a02e-84c10cb8116f,Eason 18首選,compilation,1,17,song,非走不可,陳奕迅,4:11,250706,,4135c44a-86ce-4b52-a645-fdb59efe987f,https://musicbrainz.org/recording/4135c44a-86ce-4b52-a645-fdb59efe987f,,MusicBrainz physical release metadata,https://musicbrainz.org/release/753015ea-05eb-4b32-a02e-84c10cb8116f,False
mb-753015ea-05eb-4b32-a02e-84c10cb8116f,Eason 18首選,compilation,1,18,song,有了你,陳奕迅,2:52,171653,,22fbc5ca-14bf-41e4-b64e-462569ffb622,https://musicbrainz.org/recording/22fbc5ca-14bf-41e4-b64e-462569ffb622,,MusicBrainz physical release metadata,https://musicbrainz.org/release/753015ea-05eb-4b32-a02e-84c10cb8116f,False
apple-542593700,Shall We Dance? Shall We Talk!,studio,1,1,song,嚟喇,陳奕迅,0:13,13182,542593701,,https://music.apple.com/hk/album/%E5%9A%9F%E5%96%87/542593700?i=542593701&uo=4,https://audio-ssl.itunes.apple.com/itunes-assets/AudioPreview221/v4/b1/01/0e/b1010e5b-0730-69f0-e5b3-fc6b2f3acd5d/mzaf_7455322968025717311.plus.aac.p.m4a,Apple iTunes Search API,https://itunes.apple.com/lookup?id=542593700&entity=song&limit=200&country=hk,False
apple-542593700,Shall We Dance? Shall We Talk!,studio,1,2,song,Shall We Dance,陳奕迅,3:25,204730,542593702,,https://music.apple.com/hk/album/shall-we-dance/542593700?i=542593702&uo=4,https://audio-ssl.itunes.apple.com/itunes-assets/AudioPreview221/v4/b8/61/6d/b8616dde-12a1-5b49-9b9c-a201ce9f9776/mzaf_6125855433758551293.plus.aac.p.m4a,Apple iTunes Search API,https://itunes.apple.com/lookup?id=542593700&entity=song&limit=200&country=hk,False
apple-542593700,Shall We Dance? Shall We Talk!,studio,1,3,song,Shall We Talk,陳奕迅,3:47,227208,542593703,,https://music.apple.com/hk/album/shall-we-talk/542593700?i=542593703&uo=4,https://audio-ssl.itunes.apple.com/itunes-assets/AudioPreview221/v4/bf/25/99/bf259954-53ab-52ab-a84f-da823303cfae/mzaf_15718893069241014521.plus.aac.p.m4a,Apple iTunes Search API,https://itunes.apple.com/lookup?id=542593700&entity=song&limit=200&country=hk,False
apple-542593700,Shall We Dance? Shall We Talk!,studio,1,4,song,2001,陳奕迅,0:04,4093,542593704,,https://music.apple.com/hk/album/2001/542593700?i=542593704&uo=4,https://audio-ssl.itunes.apple.com/itunes-assets/AudioPreview221/v4/b4/4a/74/b44a7483-9b01-0ab6-d0f9-afc0bf4c48ce/mzaf_15022851428766402831.plus.aac.p.m4a,Apple iTunes Search API,https://itunes.apple.com/lookup?id=542593700&entity=song&limit=200&country=hk,False
apple-542593700,Shall We Dance? Shall We Talk!,studio,1,5,song,太空漫遊,陳奕迅,3:58,238239,542593706,,https://music.apple.com/hk/album/%E5%A4%AA%E7%A9%BA%E6%BC%AB%E9%81%8A/542593700?i=542593706&uo=4,https://audio-ssl.itunes.apple.com/itunes-assets/AudioPreview211/v4/e8/93/79/e8937948-f157-c285-c0f5-94f7082934c4/mzaf_15056031333576411286.plus.aac.p.m4a,Apple iTunes Search API,https://itunes.apple.com/lookup?id=542593700&entity=song&limit=200&country=hk,False
apple-542593700,Shall We Dance? Shall We Talk!,studio,1,6,song,單車,陳奕迅,3:31,211251,542593707,,https://music.apple.com/hk/album/%E5%96%AE%E8%BB%8A/542593700?i=542593707&uo=4,https://audio-ssl.itunes.apple.com/itunes-assets/AudioPreview221/v4/85/6e/4e/856e4e16-7f71-2dcd-c034-26bb54d3c2dc/mzaf_12909384631848030465.plus.aac.p.m4a,Apple iTunes Search API,https://itunes.apple.com/lookup?id=542593700&entity=song&limit=200&country=hk,False
apple-542593700,Shall We Dance? Shall We Talk!,studio,1,7,song,天使的禮物,陳奕迅,3:23,202926,542593730,,https://music.apple.com/hk/album/%E5%A4%A9%E4%BD%BF%E7%9A%84%E7%A6%AE%E7%89%A9/542593700?i=542593730&uo=4,https://audio-ssl.itunes.apple.com/itunes-assets/AudioPreview221/v4/22/43/c2/2243c2a7-5df2-d7bf-66c2-64970b91c627/mzaf_8989281428172182743.plus.aac.p.m4a,Apple iTunes Search API,https://itunes.apple.com/lookup?id=542593700&entity=song&limit=200&country=hk,False
apple-542593700,Shall We Dance? Shall We Talk!,studio,1,8,song,Eason's Angel,陳奕迅,0:51,50645,542593731,,https://music.apple.com/hk/album/easons-angel/542593700?i=542593731&uo=4,https://audio-ssl.itunes.apple.com/itunes-assets/AudioPreview211/v4/b3/1a/c9/b31ac917-7682-29b2-6ba3-2b531e54183f/mzaf_9533705019786723973.plus.aac.p.m4a,Apple iTunes Search API,https://itunes.apple.com/lookup?id=542593700&entity=song&limit=200&country=hk,False
apple-542593700,Shall We Dance? Shall We Talk!,studio,1,9,song,怪物,陳奕迅,3:13,192936,542593733,,https://music.apple.com/hk/album/%E6%80%AA%E7%89%A9/542593700?i=542593733&uo=4,https://audio-ssl.itunes.apple.com/itunes-assets/AudioPreview211/v4/d3/e9/61/d3e96107-9629-f788-f22e-1e10cc16a6fc/mzaf_11215417252803876198.plus.aac.p.m4a,Apple iTunes Search API,https://itunes.apple.com/lookup?id=542593700&entity=song&limit=200&country=hk,False
apple-542593700,Shall We Dance? Shall We Talk!,studio,1,10,song,孤獨探戈,陳奕迅,3:26,206256,542593734,,https://music.apple.com/hk/album/%E5%AD%A4%E7%8D%A8%E6%8E%A2%E6%88%88/542593700?i=542593734&uo=4,https://audio-ssl.itunes.apple.com/itunes-assets/AudioPreview221/v4/02/04/41/02044153-f39e-c2b1-45d5-ca8abb4b95fa/mzaf_8486133987749914470.plus.aac.p.m4a,Apple iTunes Search API,https://itunes.apple.com/lookup?id=542593700&entity=song&limit=200&country=hk,False
apple-542593700,Shall We Dance? Shall We Talk!,studio,1,11,song,信心花舍,陳奕迅,3:25,205007,542593735,,https://music.apple.com/hk/album/%E4%BF%A1%E5%BF%83%E8%8A%B1%E8%88%8D/542593700?i=542593735&uo=4,https://audio-ssl.itunes.apple.com/itunes-assets/AudioPreview221/v4/dc/ef/10/dcef1087-c502-0395-a9d1-373bd841404a/mzaf_7018541368776617469.plus.aac.p.m4a,Apple iTunes Search API,https://itunes.apple.com/lookup?id=542593700&entity=song&limit=200&country=hk,False
apple-542593700,Shall We Dance? Shall We Talk!,studio,1,12,song,黑暗中漫舞,陳奕迅,3:15,195295,542593736,,https://music.apple.com/hk/album/%E9%BB%91%E6%9A%97%E4%B8%AD%E6%BC%AB%E8%88%9E/542593700?i=542593736&uo=4,https://audio-ssl.itunes.apple.com/itunes-assets/AudioPreview211/v4/29/86/ea/2986eab2-bc52-6e6b-2f5b-b73ce4c2abdf/mzaf_166850977921948371.plus.aac.p.m4a,Apple iTunes Search API,https://itunes.apple.com/lookup?id=542593700&entity=song&limit=200&country=hk,False
apple-542593700,Shall We Dance? Shall We Talk!,studio,2,1,song,遺失的國度,陳奕迅,4:42,282067,542593737,,https://music.apple.com/hk/album/%E9%81%BA%E5%A4%B1%E7%9A%84%E5%9C%8B%E5%BA%A6/542593700?i=542593737&uo=4,https://audio-ssl.itunes.apple.com/itunes-assets/AudioPreview211/v4/a7/79/30/a77930ec-7f40-4f52-e89e-506541d5b625/mzaf_5959131585411005638.plus.aac.p.m4a,Apple iTunes Search API,https://itunes.apple.com/lookup?id=542593700&entity=song&limit=200&country=hk,False
apple-542592136,反正是我 (國),studio,1,1,song,Because You're Good to Me,陳奕迅,3:39,218952,542592140,,https://music.apple.com/hk/album/because-youre-good-to-me/542592136?i=542592140&uo=4,https://audio-ssl.itunes.apple.com/itunes-assets/AudioPreview115/v4/0c/82/40/0c8240ed-21c5-6c8c-40af-a59584709f84/mzaf_8896127858334699829.plus.aac.p.m4a,Apple iTunes Search API,https://itunes.apple.com/lookup?id=542592136&entity=song&limit=200&country=hk,False
apple-542592136,反正是我 (國),studio,1,2,song,低等動物,陳奕迅,4:20,259884,542592141,,https://music.apple.com/hk/album/%E4%BD%8E%E7%AD%89%E5%8B%95%E7%89%A9/542592136?i=542592141&uo=4,https://audio-ssl.itunes.apple.com/itunes-assets/AudioPreview125/v4/97/78/a4/9778a449-953f-5f23-3502-c16b0fa8ab81/mzaf_8605286834499407275.plus.aac.p.m4a,Apple iTunes Search API,https://itunes.apple.com/lookup?id=542592136&entity=song&limit=200&country=hk,False
apple-542592136,反正是我 (國),studio,1,3,song,不如這樣,陳奕迅,4:40,279864,542592142,,https://music.apple.com/hk/album/%E4%B8%8D%E5%A6%82%E9%80%99%E6%A8%A3/542592136?i=542592142&uo=4,https://audio-ssl.itunes.apple.com/itunes-assets/AudioPreview115/v4/30/79/0f/30790f03-ccc6-effa-dd58-c96249e37849/mzaf_4079767588599148505.plus.aac.p.m4a,Apple iTunes Search API,https://itunes.apple.com/lookup?id=542592136&entity=song&limit=200&country=hk,False
apple-542592136,反正是我 (國),studio,1,4,song,愛是懷疑,陳奕迅,4:34,273893,542592143,,https://music.apple.com/hk/album/%E6%84%9B%E6%98%AF%E6%87%B7%E7%96%91/542592136?i=542592143&uo=4,https://audio-ssl.itunes.apple.com/itunes-assets/AudioPreview125/v4/7d/f7/c1/7df7c107-ef54-438f-28c4-7b6033964cce/mzaf_1477457365624856301.plus.aac.p.m4a,Apple iTunes Search API,https://itunes.apple.com/lookup?id=542592136&entity=song&limit=200&country=hk,False
apple-542592136,反正是我 (國),studio,1,5,song,我也不會那麼做,陳奕迅,4:28,268001,542592144,,https://music.apple.com/hk/album/%E6%88%91%E4%B9%9F%E4%B8%8D%E6%9C%83%E9%82%A3%E9%BA%BC%E5%81%9A/542592136?i=542592144&uo=4,https://audio-ssl.itunes.apple.com/itunes-assets/AudioPreview115/v4/f0/e3/8a/f0e38a26-3c5a-c8a8-5873-eb09fb06a3e7/mzaf_18153701106007539549.plus.aac.p.m4a,Apple iTunes Search API,https://itunes.apple.com/lookup?id=542592136&entity=song&limit=200&country=hk,False
apple-542592136,反正是我 (國),studio,1,6,song,K歌之王,陳奕迅,3:38,218050,542592145,,https://music.apple.com/hk/album/k%E6%AD%8C%E4%B9%8B%E7%8E%8B/542592136?i=542592145&uo=4,https://audio-ssl.itunes.apple.com/itunes-assets/AudioPreview125/v4/f0/f7/eb/f0f7ebf7-7877-e2ee-9f1c-e6449eb02594/mzaf_8742664996320721721.plus.aac.p.m4a,Apple iTunes Search API,https://itunes.apple.com/lookup?id=542592136&entity=song&limit=200&country=hk,False
apple-542592136,反正是我 (國),studio,1,7,song,沒有你,陳奕迅,4:27,266752,542592148,,https://music.apple.com/hk/album/%E6%B2%92%E6%9C%89%E4%BD%A0/542592136?i=542592148&uo=4,https://audio-ssl.itunes.apple.com/itunes-assets/AudioPreview125/v4/f9/d5/63/f9d563fb-3159-83b9-9962-3fdf9b94c643/mzaf_4848483013846847436.plus.aac.p.m4a,Apple iTunes Search API,https://itunes.apple.com/lookup?id=542592136&entity=song&limit=200&country=hk,False
apple-542592136,反正是我 (國),studio,1,8,song,冤家,陳奕迅,4:17,256970,542592489,,https://music.apple.com/hk/album/%E5%86%A4%E5%AE%B6/542592136?i=542592489&uo=4,https://audio-ssl.itunes.apple.com/itunes-assets/AudioPreview115/v4/35/74/90/35749019-85cf-9e9e-93e9-50f7ed8964bd/mzaf_8938094478192321170.plus.aac.p.m4a,Apple iTunes Search API,https://itunes.apple.com/lookup?id=542592136&entity=song&limit=200&country=hk,False
apple-542592136,反正是我 (國),studio,1,9,song,全世界失眠,陳奕迅,4:09,249200,542592490,,https://music.apple.com/hk/album/%E5%85%A8%E4%B8%96%E7%95%8C%E5%A4%B1%E7%9C%A0/542592136?i=542592490&uo=4,https://audio-ssl.itunes.apple.com/itunes-assets/AudioPreview115/v4/a6/f8/99/a6f89958-7307-7578-8045-c05f9202b292/mzaf_17157539185347368523.plus.aac.p.m4a,Apple iTunes Search API,https://itunes.apple.com/lookup?id=542592136&entity=song&limit=200&country=hk,False
apple-542592136,反正是我 (國),studio,1,10,song,Good Times,陳奕迅,8:25,504783,542592491,,https://music.apple.com/hk/album/good-times/542592136?i=542592491&uo=4,https://audio-ssl.itunes.apple.com/itunes-assets/AudioPreview125/v4/00/4d/a5/004da540-b14d-915f-57c1-91b3ef116cf8/mzaf_8766580423544635721.plus.aac.p.m4a,Apple iTunes Search API,https://itunes.apple.com/lookup?id=542592136&entity=song&limit=200&country=hk,False
apple-545058478,謝霆鋒 + 陳奕迅 (純音樂世界),instrumental,1,1,song,玉蝴蝶 (純音樂),謝霆鋒,4:26,265651,545058480,,https://music.apple.com/hk/album/%E7%8E%89%E8%9D%B4%E8%9D%B6-%E7%B4%94%E9%9F%B3%E6%A8%82/545058478?i=545058480&uo=4,https://audio-ssl.itunes.apple.com/itunes-assets/AudioPreview125/v4/f7/77/da/f777da5c-1cb7-e9e8-62b5-92b91c87d444/mzaf_1737786783199344686.plus.aac.p.m4a,Apple iTunes Search API,https://itunes.apple.com/lookup?id=545058478&entity=song&limit=200&country=hk,False
apple-545058478,謝霆鋒 + 陳奕迅 (純音樂世界),instrumental,1,2,song,遊樂場 (純音樂),謝霆鋒,3:57,237200,545058481,,https://music.apple.com/hk/album/%E9%81%8A%E6%A8%82%E5%A0%B4-%E7%B4%94%E9%9F%B3%E6%A8%82/545058478?i=545058481&uo=4,https://audio-ssl.itunes.apple.com/itunes-assets/AudioPreview115/v4/a5/a9/43/a5a94383-cc93-d63d-9f91-d5f30808ec80/mzaf_6657971090242855898.plus.aac.p.m4a,Apple iTunes Search API,https://itunes.apple.com/lookup?id=545058478&entity=song&limit=200&country=hk,False
apple-545058478,謝霆鋒 + 陳奕迅 (純音樂世界),instrumental,1,3,song,愛後餘生 (純音樂),謝霆鋒,3:15,195080,545058482,,https://music.apple.com/hk/album/%E6%84%9B%E5%BE%8C%E9%A4%98%E7%94%9F-%E7%B4%94%E9%9F%B3%E6%A8%82/545058478?i=545058482&uo=4,https://audio-ssl.itunes.apple.com/itunes-assets/AudioPreview125/v4/1a/90/e8/1a90e8b9-0415-0e74-1da0-9245d5901fe4/mzaf_7048986255769616514.plus.aac.p.m4a,Apple iTunes Search API,https://itunes.apple.com/lookup?id=545058478&entity=song&limit=200&country=hk,False
apple-545058478,謝霆鋒 + 陳奕迅 (純音樂世界),instrumental,1,4,song,非走不可 (純音樂),謝霆鋒,3:56,236200,545058483,,https://music.apple.com/hk/album/%E9%9D%9E%E8%B5%B0%E4%B8%8D%E5%8F%AF-%E7%B4%94%E9%9F%B3%E6%A8%82/545058478?i=545058483&uo=4,https://audio-ssl.itunes.apple.com/itunes-assets/AudioPreview125/v4/4e/a3/90/4ea390d1-7ecb-e2fa-6646-506f58a23d11/mzaf_12574701435986242270.plus.aac.p.m4a,Apple iTunes Search API,https://itunes.apple.com/lookup?id=545058478&entity=song&limit=200&country=hk,False
apple-545058478,謝霆鋒 + 陳奕迅 (純音樂世界),instrumental,1,5,song,早知 (純音樂),謝霆鋒,3:14,193853,545058484,,https://music.apple.com/hk/album/%E6%97%A9%E7%9F%A5-%E7%B4%94%E9%9F%B3%E6%A8%82/545058478?i=545058484&uo=4,https://audio-ssl.itunes.apple.com/itunes-assets/AudioPreview125/v4/d6/b6/ad/d6b6ad65-3427-93d8-6866-6244def0e16a/mzaf_6898383977767106549.plus.aac.p.m4a,Apple iTunes Search API,https://itunes.apple.com/lookup?id=545058478&entity=song&limit=200&country=hk,False
apple-545058478,謝霆鋒 + 陳奕迅 (純音樂世界),instrumental,1,6,song,無聲仿有聲 (純音樂),謝霆鋒,3:25,205200,545058485,,https://music.apple.com/hk/album/%E7%84%A1%E8%81%B2%E4%BB%BF%E6%9C%89%E8%81%B2-%E7%B4%94%E9%9F%B3%E6%A8%82/545058478?i=545058485&uo=4,https://audio-ssl.itunes.apple.com/itunes-assets/AudioPreview115/v4/c8/3f/f4/c83ff406-92ab-d913-07f4-3b533c804c2c/mzaf_1593311408576160746.plus.aac.p.m4a,Apple iTunes Search API,https://itunes.apple.com/lookup?id=545058478&entity=song&limit=200&country=hk,False
apple-545058478,謝霆鋒 + 陳奕迅 (純音樂世界),instrumental,1,7,song,一了百了 (純音樂),謝霆鋒,3:17,197093,545058486,,https://music.apple.com/hk/album/%E4%B8%80%E4%BA%86%E7%99%BE%E4%BA%86-%E7%B4%94%E9%9F%B3%E6%A8%82/545058478?i=545058486&uo=4,https://audio-ssl.itunes.apple.com/itunes-assets/AudioPreview125/v4/70/01/eb/7001eb35-cff7-b745-3db3-05d03c97ec73/mzaf_14061382452409014385.plus.aac.p.m4a,Apple iTunes Search API,https://itunes.apple.com/lookup?id=545058478&entity=song&limit=200&country=hk,False
apple-545058478,謝霆鋒 + 陳奕迅 (純音樂世界),instrumental,1,8,song,別來無恙 (純音樂),謝霆鋒,3:00,180320,545058487,,https://music.apple.com/hk/album/%E5%88%A5%E4%BE%86%E7%84%A1%E6%81%99-%E7%B4%94%E9%9F%B3%E6%A8%82/545058478?i=545058487&uo=4,https://audio-ssl.itunes.apple.com/itunes-assets/AudioPreview125/v4/03/a8/46/03a846b8-25ff-2fc0-e895-5dfbfb2de24e/mzaf_5459937736140718161.plus.aac.p.m4a,Apple iTunes Search API,https://itunes.apple.com/lookup?id=545058478&entity=song&limit=200&country=hk,False
apple-545058478,謝霆鋒 + 陳奕迅 (純音樂世界),instrumental,1,9,song,謝謝你的愛1999 (純音樂),謝霆鋒,2:53,172907,545058488,,https://music.apple.com/hk/album/%E8%AC%9D%E8%AC%9D%E4%BD%A0%E7%9A%84%E6%84%9B1999-%E7%B4%94%E9%9F%B3%E6%A8%82/545058478?i=545058488&uo=4,https://audio-ssl.itunes.apple.com/itunes-assets/AudioPreview115/v4/09/43/6f/09436fc9-1ec2-dabe-8ed8-185c20a299ac/mzaf_14636868130182305046.plus.aac.p.m4a,Apple iTunes Search API,https://itunes.apple.com/lookup?id=545058478&entity=song&limit=200&country=hk,False
apple-545058478,謝霆鋒 + 陳奕迅 (純音樂世界),instrumental,1,10,song,因為愛所以愛 (純音樂),謝霆鋒,3:07,186760,545058689,,https://music.apple.com/hk/album/%E5%9B%A0%E7%82%BA%E6%84%9B%E6%89%80%E4%BB%A5%E6%84%9B-%E7%B4%94%E9%9F%B3%E6%A8%82/545058478?i=545058689&uo=4,https://audio-ssl.itunes.apple.com/itunes-assets/AudioPreview115/v4/1f/ee/1a/1fee1a83-1130-d83d-bd4b-d86bcc7404ce/mzaf_4420977868257155836.plus.aac.p.m4a,Apple iTunes Search API,https://itunes.apple.com/lookup?id=545058478&entity=song&limit=200&country=hk,False
apple-545058478,謝霆鋒 + 陳奕迅 (純音樂世界),instrumental,1,11,song,Shall We Talk (純音樂),陳奕迅,3:39,219040,545058690,,https://music.apple.com/hk/album/shall-we-talk-%E7%B4%94%E9%9F%B3%E6%A8%82/545058478?i=545058690&uo=4,https://audio-ssl.itunes.apple.com/itunes-assets/AudioPreview115/v4/96/27/55/96275516-2641-004e-0a16-78cad278849b/mzaf_4187073778913500794.plus.aac.p.m4a,Apple iTunes Search API,https://itunes.apple.com/lookup?id=545058478&entity=song&limit=200&country=hk,False
apple-545058478,謝霆鋒 + 陳奕迅 (純音樂世界),instrumental,1,12,song,單車 (純音樂),陳奕迅,3:21,200520,545058691,,https://music.apple.com/hk/album/%E5%96%AE%E8%BB%8A-%E7%B4%94%E9%9F%B3%E6%A8%82/545058478?i=545058691&uo=4,https://audio-ssl.itunes.apple.com/itunes-assets/AudioPreview125/v4/e0/cb/8d/e0cb8dc9-2500-d0a0-c478-18f79a4744fa/mzaf_17720599129292213480.plus.aac.p.m4a,Apple iTunes Search API,https://itunes.apple.com/lookup?id=545058478&entity=song&limit=200&country=hk,False
apple-545058478,謝霆鋒 + 陳奕迅 (純音樂世界),instrumental,1,13,song,K歌之王 (純音樂),陳奕迅,3:48,227987,545058692,,https://music.apple.com/hk/album/k%E6%AD%8C%E4%B9%8B%E7%8E%8B-%E7%B4%94%E9%9F%B3%E6%A8%82/545058478?i=545058692&uo=4,https://audio-ssl.itunes.apple.com/itunes-assets/AudioPreview125/v4/40/c0/d1/40c0d1ab-3ed8-cdbe-1590-75995271899d/mzaf_15444102182023019142.plus.aac.p.m4a,Apple iTunes Search API,https://itunes.apple.com/lookup?id=545058478&entity=song&limit=200&country=hk,False
apple-545058478,謝霆鋒 + 陳奕迅 (純音樂世界),instrumental,1,14,song,幸福摩天輪 (純音樂),陳奕迅,3:27,207373,545058693,,https://music.apple.com/hk/album/%E5%B9%B8%E7%A6%8F%E6%91%A9%E5%A4%A9%E8%BC%AA-%E7%B4%94%E9%9F%B3%E6%A8%82/545058478?i=545058693&uo=4,https://audio-ssl.itunes.apple.com/itunes-assets/AudioPreview115/v4/a7/5b/e8/a75be870-b7fe-1507-bafe-3f7e20885595/mzaf_12232035458245654308.plus.aac.p.m4a,Apple iTunes Search API,https://itunes.apple.com/lookup?id=545058478&entity=song&limit=200&country=hk,False
apple-545058478,謝霆鋒 + 陳奕迅 (純音樂世界),instrumental,1,15,song,當這地球沒有花 (純音樂),陳奕迅,3:51,230547,545058694,,https://music.apple.com/hk/album/%E7%95%B6%E9%80%99%E5%9C%B0%E7%90%83%E6%B2%92%E6%9C%89%E8%8A%B1-%E7%B4%94%E9%9F%B3%E6%A8%82/545058478?i=545058694&uo=4,https://audio-ssl.itunes.apple.com/itunes-assets/AudioPreview115/v4/ab/60/94/ab6094fa-ec42-ec52-473c-3ae4bad6441e/mzaf_12098218825939928879.plus.aac.p.m4a,Apple iTunes Search API,https://itunes.apple.com/lookup?id=545058478&entity=song&limit=200&country=hk,False
apple-545058478,謝霆鋒 + 陳奕迅 (純音樂世界),instrumental,1,16,song,黑夜不再來 (純音樂),陳奕迅,2:33,153253,545058695,,https://music.apple.com/hk/album/%E9%BB%91%E5%A4%9C%E4%B8%8D%E5%86%8D%E4%BE%86-%E7%B4%94%E9%9F%B3%E6%A8%82/545058478?i=545058695&uo=4,https://audio-ssl.itunes.apple.com/itunes-assets/AudioPreview115/v4/a7/45/3c/a7453cfe-b827-7be0-6ee1-20eec78fb429/mzaf_11237926118978949941.plus.aac.p.m4a,Apple iTunes Search API,https://itunes.apple.com/lookup?id=545058478&entity=song&limit=200&country=hk,False
apple-545058478,謝霆鋒 + 陳奕迅 (純音樂世界),instrumental,1,17,song,綿綿 (純音樂),陳奕迅,3:33,212867,545058696,,https://music.apple.com/hk/album/%E7%B6%BF%E7%B6%BF-%E7%B4%94%E9%9F%B3%E6%A8%82/545058478?i=545058696&uo=4,https://audio-ssl.itunes.apple.com/itunes-assets/AudioPreview125/v4/17/3a/86/173a86d0-b9e3-aa85-82eb-3d117e707113/mzaf_3677491613858739212.plus.aac.p.m4a,Apple iTunes Search API,https://itunes.apple.com/lookup?id=545058478&entity=song&limit=200&country=hk,False
apple-545058478,謝霆鋒 + 陳奕迅 (純音樂世界),instrumental,1,18,song,低等動物 (純音樂),陳奕迅,4:14,254333,545058697,,https://music.apple.com/hk/album/%E4%BD%8E%E7%AD%89%E5%8B%95%E7%89%A9-%E7%B4%94%E9%9F%B3%E6%A8%82/545058478?i=545058697&uo=4,https://audio-ssl.itunes.apple.com/itunes-assets/AudioPreview125/v4/0c/8e/78/0c8e7848-acfd-461a-8aad-67703ed04d3a/mzaf_8456003678288487532.plus.aac.p.m4a,Apple iTunes Search API,https://itunes.apple.com/lookup?id=545058478&entity=song&limit=200&country=hk,False
apple-545058478,謝霆鋒 + 陳奕迅 (純音樂世界),instrumental,1,19,song,天下無雙 (純音樂),陳奕迅,4:09,248773,545058698,,https://music.apple.com/hk/album/%E5%A4%A9%E4%B8%8B%E7%84%A1%E9%9B%99-%E7%B4%94%E9%9F%B3%E6%A8%82/545058478?i=545058698&uo=4,https://audio-ssl.itunes.apple.com/itunes-assets/AudioPreview115/v4/08/2c/b1/082cb1c5-5765-1968-1c1f-0f6d2c6fd705/mzaf_13576730581568062915.plus.aac.p.m4a,Apple iTunes Search API,https://itunes.apple.com/lookup?id=545058478&entity=song&limit=200&country=hk,False
apple-545058478,謝霆鋒 + 陳奕迅 (純音樂世界),instrumental,1,20,song,傷信 (純音樂),陳奕迅,3:59,239360,545058699,,https://music.apple.com/hk/album/%E5%82%B7%E4%BF%A1-%E7%B4%94%E9%9F%B3%E6%A8%82/545058478?i=545058699&uo=4,https://audio-ssl.itunes.apple.com/itunes-assets/AudioPreview125/v4/7d/b4/ce/7db4cec6-a943-a376-1e48-4b04293350c7/mzaf_446516141333388951.plus.aac.p.m4a,Apple iTunes Search API,https://itunes.apple.com/lookup?id=545058478&entity=song&limit=200&country=hk,False
apple-542634698,The Easy Ride,studio,1,1,song,阿士匹靈,陳奕迅,3:47,227277,542634700,,https://music.apple.com/hk/album/%E9%98%BF%E5%A3%AB%E5%8C%B9%E9%9D%88/542634698?i=542634700&uo=4,https://audio-ssl.itunes.apple.com/itunes-assets/AudioPreview221/v4/61/ed/f3/61edf3d3-468e-c993-7fa8-6bd1ac197bb7/mzaf_9227374178920212151.plus.aac.p.m4a,Apple iTunes Search API,https://itunes.apple.com/lookup?id=542634698&entity=song&limit=200&country=hk,False
apple-542634698,The Easy Ride,studio,1,2,song,陽性反應,陳奕迅,0:14,14153,542634701,,https://music.apple.com/hk/album/%E9%99%BD%E6%80%A7%E5%8F%8D%E6%87%89/542634698?i=542634701&uo=4,https://audio-ssl.itunes.apple.com/itunes-assets/AudioPreview221/v4/04/a0/4d/04a04dcc-4663-d7c2-19ed-c7da1e4f050c/mzaf_8550587099005894029.plus.aac.p.m4a,Apple iTunes Search API,https://itunes.apple.com/lookup?id=542634698&entity=song&limit=200&country=hk,False
apple-542634698,The Easy Ride,studio,1,3,song,衝口而出,陳奕迅,3:33,213124,542634702,,https://music.apple.com/hk/album/%E8%A1%9D%E5%8F%A3%E8%80%8C%E5%87%BA/542634698?i=542634702&uo=4,https://audio-ssl.itunes.apple.com/itunes-assets/AudioPreview211/v4/fd/d3/d8/fdd3d885-abbb-da5f-798d-bb48c263786a/mzaf_14262040458705759065.plus.aac.p.m4a,Apple iTunes Search API,https://itunes.apple.com/lookup?id=542634698&entity=song&limit=200&country=hk,False
apple-542634698,The Easy Ride,studio,1,4,song,大開眼戒,陳奕迅,4:11,250934,542634703,,https://music.apple.com/hk/album/%E5%A4%A7%E9%96%8B%E7%9C%BC%E6%88%92/542634698?i=542634703&uo=4,https://audio-ssl.itunes.apple.com/itunes-assets/AudioPreview211/v4/68/e9/01/68e9015b-c1d4-6386-ff1b-f78dffd2b312/mzaf_4511522594944284487.plus.aac.p.m4a,Apple iTunes Search API,https://itunes.apple.com/lookup?id=542634698&entity=song&limit=200&country=hk,False
apple-542634698,The Easy Ride,studio,1,5,song,我不好愛,陳奕迅,3:58,238447,542634704,,https://music.apple.com/hk/album/%E6%88%91%E4%B8%8D%E5%A5%BD%E6%84%9B/542634698?i=542634704&uo=4,https://audio-ssl.itunes.apple.com/itunes-assets/AudioPreview211/v4/ca/e3/5d/cae35d2b-8cce-8b92-b51a-deaf9778854f/mzaf_7073967488998436310.plus.aac.p.m4a,Apple iTunes Search API,https://itunes.apple.com/lookup?id=542634698&entity=song&limit=200&country=hk,False
apple-542634698,The Easy Ride,studio,1,6,song,熱帶雨林,陳奕迅,4:18,258080,542634705,,https://music.apple.com/hk/album/%E7%86%B1%E5%B8%B6%E9%9B%A8%E6%9E%97/542634698?i=542634705&uo=4,https://audio-ssl.itunes.apple.com/itunes-assets/AudioPreview221/v4/36/9f/29/369f293e-e93e-29cd-5692-bcb65781b79a/mzaf_3646718996094605230.plus.aac.p.m4a,Apple iTunes Search API,https://itunes.apple.com/lookup?id=542634698&entity=song&limit=200&country=hk,False
apple-542634698,The Easy Ride,studio,1,7,song,人工智能,陳奕迅,3:42,222282,542634706,,https://music.apple.com/hk/album/%E4%BA%BA%E5%B7%A5%E6%99%BA%E8%83%BD/542634698?i=542634706&uo=4,https://audio-ssl.itunes.apple.com/itunes-assets/AudioPreview221/v4/fa/17/2f/fa172f29-304d-7900-a262-053224782752/mzaf_10399021634272334934.plus.aac.p.m4a,Apple iTunes Search API,https://itunes.apple.com/lookup?id=542634698&entity=song&limit=200&country=hk,False
apple-542634698,The Easy Ride,studio,1,8,song,結束開始,陳奕迅,3:47,227000,542634707,,https://music.apple.com/hk/album/%E7%B5%90%E6%9D%9F%E9%96%8B%E5%A7%8B/542634698?i=542634707&uo=4,https://audio-ssl.itunes.apple.com/itunes-assets/AudioPreview211/v4/b1/ce/7b/b1ce7bc4-776e-872b-ad1c-58631d72f48c/mzaf_16053613385566728533.plus.aac.p.m4a,Apple iTunes Search API,https://itunes.apple.com/lookup?id=542634698&entity=song&limit=200&country=hk,False
apple-542634698,The Easy Ride,studio,1,9,song,活著多好,陳奕迅,4:24,263630,542634708,,https://music.apple.com/hk/album/%E6%B4%BB%E8%91%97%E5%A4%9A%E5%A5%BD/542634698?i=542634708&uo=4,https://audio-ssl.itunes.apple.com/itunes-assets/AudioPreview211/v4/30/c3/25/30c3253c-9f9d-91af-c838-ad939b340154/mzaf_15278938291920338153.plus.aac.p.m4a,Apple iTunes Search API,https://itunes.apple.com/lookup?id=542634698&entity=song&limit=200&country=hk,False
apple-542634698,The Easy Ride,studio,1,10,song,他一個人,陳奕迅,4:25,264532,542634729,,https://music.apple.com/hk/album/%E4%BB%96%E4%B8%80%E5%80%8B%E4%BA%BA/542634698?i=542634729&uo=4,https://audio-ssl.itunes.apple.com/itunes-assets/AudioPreview221/v4/9d/38/0e/9d380e6a-0b2c-eb33-ed9b-d946e3cbd39f/mzaf_7744501943644964138.plus.aac.p.m4a,Apple iTunes Search API,https://itunes.apple.com/lookup?id=542634698&entity=song&limit=200&country=hk,False
apple-542634698,The Easy Ride,studio,1,11,song,不知所謂,陳奕迅,3:22,201816,542634730,,https://music.apple.com/hk/album/%E4%B8%8D%E7%9F%A5%E6%89%80%E8%AC%82/542634698?i=542634730&uo=4,https://audio-ssl.itunes.apple.com/itunes-assets/AudioPreview221/v4/af/9c/24/af9c245a-97e9-efb4-15d3-c20dda246c7c/mzaf_4610357852899603062.plus.aac.p.m4a,Apple iTunes Search API,https://itunes.apple.com/lookup?id=542634698&entity=song&limit=200&country=hk,False
apple-542611053,The Easy Ride 演唱會 (Live),live,1,1,song,Shall We Dance (Live),陳奕迅,3:42,222067,542611054,,https://music.apple.com/hk/album/shall-we-dance-live/542611053?i=542611054&uo=4,https://audio-ssl.itunes.apple.com/itunes-assets/AudioPreview221/v4/4d/d0/7e/4dd07e62-1604-a948-1075-13cc97957bb7/mzaf_1260997976654661254.plus.aac.p.m4a,Apple iTunes Search API,https://itunes.apple.com/lookup?id=542611053&entity=song&limit=200&country=hk,False
apple-542611053,The Easy Ride 演唱會 (Live),live,1,2,song,打得火熱 (Live),陳奕迅,3:49,228760,542611056,,https://music.apple.com/hk/album/%E6%89%93%E5%BE%97%E7%81%AB%E7%86%B1-live/542611053?i=542611056&uo=4,https://audio-ssl.itunes.apple.com/itunes-assets/AudioPreview211/v4/97/b9/75/97b97598-4ab7-5a59-b4a7-63c9faefb0d5/mzaf_549760599648916047.plus.aac.p.m4a,Apple iTunes Search API,https://itunes.apple.com/lookup?id=542611053&entity=song&limit=200&country=hk,False
apple-542611053,The Easy Ride 演唱會 (Live),live,1,3,song,2001太空漫遊 (Live),陳奕迅,3:42,221600,542611060,,https://music.apple.com/hk/album/2001%E5%A4%AA%E7%A9%BA%E6%BC%AB%E9%81%8A-live/542611053?i=542611060&uo=4,https://audio-ssl.itunes.apple.com/itunes-assets/AudioPreview211/v4/e4/b4/24/e4b42462-3ddc-e67e-2cda-d9f91f999a8b/mzaf_15662681942536952396.plus.aac.p.m4a,Apple iTunes Search API,https://itunes.apple.com/lookup?id=542611053&entity=song&limit=200&country=hk,False
apple-542611053,The Easy Ride 演唱會 (Live),live,1,4,song,阿士匹靈 (Live),陳奕迅,5:08,307667,542611061,,https://music.apple.com/hk/album/%E9%98%BF%E5%A3%AB%E5%8C%B9%E9%9D%88-live/542611053?i=542611061&uo=4,https://audio-ssl.itunes.apple.com/itunes-assets/AudioPreview221/v4/e7/b7/57/e7b75726-d71f-3de8-1619-d2c2d4109024/mzaf_15256772232433953446.plus.aac.p.m4a,Apple iTunes Search API,https://itunes.apple.com/lookup?id=542611053&entity=song&limit=200&country=hk,False
apple-542611053,The Easy Ride 演唱會 (Live),live,1,5,song,孤獨探戈 (Live),陳奕迅,3:35,215373,542611068,,https://music.apple.com/hk/album/%E5%AD%A4%E7%8D%A8%E6%8E%A2%E6%88%88-live/542611053?i=542611068&uo=4,https://audio-ssl.itunes.apple.com/itunes-assets/AudioPreview211/v4/1c/29/9c/1c299c52-5948-7099-0fce-a9ca31b4dfdb/mzaf_18286988701963907071.plus.aac.p.m4a,Apple iTunes Search API,https://itunes.apple.com/lookup?id=542611053&entity=song&limit=200&country=hk,False
apple-542611053,The Easy Ride 演唱會 (Live),live,1,6,song,天使的禮物 (Live),陳奕迅,3:54,233827,542611097,,https://music.apple.com/hk/album/%E5%A4%A9%E4%BD%BF%E7%9A%84%E7%A6%AE%E7%89%A9-live/542611053?i=542611097&uo=4,https://audio-ssl.itunes.apple.com/itunes-assets/AudioPreview211/v4/a1/be/c9/a1bec9a8-b3d1-a2fe-518e-f3875916a1d0/mzaf_3040625241969795717.plus.aac.p.m4a,Apple iTunes Search API,https://itunes.apple.com/lookup?id=542611053&entity=song&limit=200&country=hk,False
apple-542611053,The Easy Ride 演唱會 (Live),live,1,7,song,大開眼戒 (Live),陳奕迅,5:06,306040,542611098,,https://music.apple.com/hk/album/%E5%A4%A7%E9%96%8B%E7%9C%BC%E6%88%92-live/542611053?i=542611098&uo=4,https://audio-ssl.itunes.apple.com/itunes-assets/AudioPreview221/v4/26/c9/27/26c92731-a958-5788-ba64-c2212f40cc41/mzaf_16879389013848649717.plus.aac.p.m4a,Apple iTunes Search API,https://itunes.apple.com/lookup?id=542611053&entity=song&limit=200&country=hk,False
apple-542611053,The Easy Ride 演唱會 (Live),live,1,8,song,黑暗中漫舞 (Live),陳奕迅,3:40,220400,542611099,,https://music.apple.com/hk/album/%E9%BB%91%E6%9A%97%E4%B8%AD%E6%BC%AB%E8%88%9E-live/542611053?i=542611099&uo=4,https://audio-ssl.itunes.apple.com/itunes-assets/AudioPreview221/v4/e5/e2/64/e5e264dc-252d-5f5d-bd7c-b0359299f9fc/mzaf_6434930743352429333.plus.aac.p.m4a,Apple iTunes Search API,https://itunes.apple.com/lookup?id=542611053&entity=song&limit=200&country=hk,False
apple-542611053,The Easy Ride 演唱會 (Live),live,1,9,song,低等動物 (Live),陳奕迅,5:22,321760,542611100,,https://music.apple.com/hk/album/%E4%BD%8E%E7%AD%89%E5%8B%95%E7%89%A9-live/542611053?i=542611100&uo=4,https://audio-ssl.itunes.apple.com/itunes-assets/AudioPreview211/v4/dd/19/17/dd1917c1-6106-57ed-a5e5-5b0466d670d8/mzaf_1944362598941320262.plus.aac.p.m4a,Apple iTunes Search API,https://itunes.apple.com/lookup?id=542611053&entity=song&limit=200&country=hk,False
apple-542611053,The Easy Ride 演唱會 (Live),live,1,10,song,綿綿 (Live),陳奕迅,4:53,292973,542611101,,https://music.apple.com/hk/album/%E7%B6%BF%E7%B6%BF-live/542611053?i=542611101&uo=4,https://audio-ssl.itunes.apple.com/itunes-assets/AudioPreview211/v4/ba/02/c9/ba02c9b8-0695-2c3b-1d43-9c8328c90cde/mzaf_16623693073124021414.plus.aac.p.m4a,Apple iTunes Search API,https://itunes.apple.com/lookup?id=542611053&entity=song&limit=200&country=hk,False
apple-542611053,The Easy Ride 演唱會 (Live),live,2,1,song,衝口而出 (Live),陳奕迅,4:07,247293,542611103,,https://music.apple.com/hk/album/%E8%A1%9D%E5%8F%A3%E8%80%8C%E5%87%BA-live/542611053?i=542611103&uo=4,https://audio-ssl.itunes.apple.com/itunes-assets/AudioPreview221/v4/a3/2c/46/a32c4629-178a-f358-fd61-e94954b01342/mzaf_5657235992874519310.plus.aac.p.m4a,Apple iTunes Search API,https://itunes.apple.com/lookup?id=542611053&entity=song&limit=200&country=hk,False
apple-542611053,The Easy Ride 演唱會 (Live),live,2,2,song,愛是懷疑 (Live),陳奕迅,2:31,151467,542611104,,https://music.apple.com/hk/album/%E6%84%9B%E6%98%AF%E6%87%B7%E7%96%91-live/542611053?i=542611104&uo=4,https://audio-ssl.itunes.apple.com/itunes-assets/AudioPreview211/v4/9d/7e/93/9d7e938f-861b-7087-016b-3249a1c7e719/mzaf_9899282860478873800.plus.aac.p.m4a,Apple iTunes Search API,https://itunes.apple.com/lookup?id=542611053&entity=song&limit=200&country=hk,False
apple-542611053,The Easy Ride 演唱會 (Live),live,2,3,song,怪物 (Live),陳奕迅,1:47,107267,542611105,,https://music.apple.com/hk/album/%E6%80%AA%E7%89%A9-live/542611053?i=542611105&uo=4,https://audio-ssl.itunes.apple.com/itunes-assets/AudioPreview221/v4/7b/fa/9e/7bfa9eb2-bac6-f3f9-d160-4f0bff4617f0/mzaf_8387011132201797040.plus.aac.p.m4a,Apple iTunes Search API,https://itunes.apple.com/lookup?id=542611053&entity=song&limit=200&country=hk,False
apple-542611053,The Easy Ride 演唱會 (Live),live,2,4,song,活躍症 (Live),陳奕迅,7:10,430373,542611106,,https://music.apple.com/hk/album/%E6%B4%BB%E8%BA%8D%E7%97%87-live/542611053?i=542611106&uo=4,https://audio-ssl.itunes.apple.com/itunes-assets/AudioPreview211/v4/0a/30/cb/0a30cbd0-25d2-a7db-1fc3-c7f559ef0224/mzaf_2154454181199837676.plus.aac.p.m4a,Apple iTunes Search API,https://itunes.apple.com/lookup?id=542611053&entity=song&limit=200&country=hk,False
apple-542611053,The Easy Ride 演唱會 (Live),live,2,5,song,失戀太少 (Live),陳奕迅,5:59,358533,542611107,,https://music.apple.com/hk/album/%E5%A4%B1%E6%88%80%E5%A4%AA%E5%B0%91-live/542611053?i=542611107&uo=4,https://audio-ssl.itunes.apple.com/itunes-assets/AudioPreview221/v4/ef/03/ec/ef03ecb1-0b19-e2c2-e94c-078a7080e44f/mzaf_3318233835477099646.plus.aac.p.m4a,Apple iTunes Search API,https://itunes.apple.com/lookup?id=542611053&entity=song&limit=200&country=hk,False
apple-542611053,The Easy Ride 演唱會 (Live),live,2,6,song,活著多好 (Live),陳奕迅,4:49,288693,542611108,,https://music.apple.com/hk/album/%E6%B4%BB%E8%91%97%E5%A4%9A%E5%A5%BD-live/542611053?i=542611108&uo=4,https://audio-ssl.itunes.apple.com/itunes-assets/AudioPreview211/v4/ea/b7/bf/eab7bf15-4d40-2c2c-461b-1168721e7c74/mzaf_238531967988837036.plus.aac.p.m4a,Apple iTunes Search API,https://itunes.apple.com/lookup?id=542611053&entity=song&limit=200&country=hk,False
apple-542611053,The Easy Ride 演唱會 (Live),live,2,7,song,單車 (Live),陳奕迅,3:30,209667,542611109,,https://music.apple.com/hk/album/%E5%96%AE%E8%BB%8A-live/542611053?i=542611109&uo=4,https://audio-ssl.itunes.apple.com/itunes-assets/AudioPreview221/v4/c7/fb/21/c7fb2121-35f0-be26-2796-8147bdaf7ac2/mzaf_14662755692265683341.plus.aac.p.m4a,Apple iTunes Search API,https://itunes.apple.com/lookup?id=542611053&entity=song&limit=200&country=hk,False
apple-542611053,The Easy Ride 演唱會 (Live),live,2,8,song,Shall We Talk (Live),陳奕迅,3:55,235200,542611110,,https://music.apple.com/hk/album/shall-we-talk-live/542611053?i=542611110&uo=4,https://audio-ssl.itunes.apple.com/itunes-assets/AudioPreview221/v4/83/ad/9a/83ad9a09-5d74-82b5-c367-cabd48c34367/mzaf_7991077663653096067.plus.aac.p.m4a,Apple iTunes Search API,https://itunes.apple.com/lookup?id=542611053&entity=song&limit=200&country=hk,False
apple-542611053,The Easy Ride 演唱會 (Live),live,2,9,song,Talk (Live),陳奕迅,1:45,105200,542611111,,https://music.apple.com/hk/album/talk-live/542611053?i=542611111&uo=4,https://audio-ssl.itunes.apple.com/itunes-assets/AudioPreview211/v4/66/19/6c/66196c07-5a21-9d4a-2bd9-09a8a0d20281/mzaf_15638013237246700494.plus.aac.p.m4a,Apple iTunes Search API,https://itunes.apple.com/lookup?id=542611053&entity=song&limit=200&country=hk,False
apple-542611053,The Easy Ride 演唱會 (Live),live,2,10,song,熱帶雨林 (Live),陳奕迅,5:09,308707,542611112,,https://music.apple.com/hk/album/%E7%86%B1%E5%B8%B6%E9%9B%A8%E6%9E%97-live/542611053?i=542611112&uo=4,https://audio-ssl.itunes.apple.com/itunes-assets/AudioPreview221/v4/05/03/9b/05039b0e-739c-1437-e9b6-b68231a2411e/mzaf_18011396934214073670.plus.aac.p.m4a,Apple iTunes Search API,https://itunes.apple.com/lookup?id=542611053&entity=song&limit=200&country=hk,False
apple-542611053,The Easy Ride 演唱會 (Live),live,2,11,song,不如這樣 (Live),陳奕迅,5:11,311227,542611113,,https://music.apple.com/hk/album/%E4%B8%8D%E5%A6%82%E9%80%99%E6%A8%A3-live/542611053?i=542611113&uo=4,https://audio-ssl.itunes.apple.com/itunes-assets/AudioPreview221/v4/f8/3b/35/f83b350b-35bc-1ada-e4c6-abcd5a477596/mzaf_6778111858231648056.plus.aac.p.m4a,Apple iTunes Search API,https://itunes.apple.com/lookup?id=542611053&entity=song&limit=200&country=hk,False
apple-542611053,The Easy Ride 演唱會 (Live),live,2,12,song,K歌之王 (Live),陳奕迅,4:25,265000,542611114,,https://music.apple.com/hk/album/k%E6%AD%8C%E4%B9%8B%E7%8E%8B-live/542611053?i=542611114&uo=4,https://audio-ssl.itunes.apple.com/itunes-assets/AudioPreview221/v4/1e/3e/b4/1e3eb42f-2f7f-643f-394f-176eacddd74a/mzaf_6454577713281987319.plus.aac.p.m4a,Apple iTunes Search API,https://itunes.apple.com/lookup?id=542611053&entity=song&limit=200&country=hk,False
mb-797e7833-e52e-4c21-a4f3-7d37bb2b5333,拉闊壓軸：林子祥 / 陳奕迅,live,1,1,song,YMCA好知己,林子祥/陳奕迅,3:21,201000,,b371ff31-5205-424e-bd8f-5460a7657c9b,https://musicbrainz.org/recording/b371ff31-5205-424e-bd8f-5460a7657c9b,,MusicBrainz physical release metadata,https://musicbrainz.org/release/797e7833-e52e-4c21-a4f3-7d37bb2b5333,False
mb-797e7833-e52e-4c21-a4f3-7d37bb2b5333,拉闊壓軸：林子祥 / 陳奕迅,live,1,2,song,海市蜃樓,林子祥,3:21,201000,,ecc4a28e-51bf-4a85-a1a8-530f37d51ea4,https://musicbrainz.org/recording/ecc4a28e-51bf-4a85-a1a8-530f37d51ea4,,MusicBrainz physical release metadata,https://musicbrainz.org/release/797e7833-e52e-4c21-a4f3-7d37bb2b5333,False
mb-797e7833-e52e-4c21-a4f3-7d37bb2b5333,拉闊壓軸：林子祥 / 陳奕迅,live,1,3,song,衝口而出,陳奕迅,3:24,204000,,2fc6fbb0-138b-431a-a672-3e5201f7ebb0,https://musicbrainz.org/recording/2fc6fbb0-138b-431a-a672-3e5201f7ebb0,,MusicBrainz physical release metadata,https://musicbrainz.org/release/797e7833-e52e-4c21-a4f3-7d37bb2b5333,False
mb-797e7833-e52e-4c21-a4f3-7d37bb2b5333,拉闊壓軸：林子祥 / 陳奕迅,live,1,4,song,花街70號,林子祥,3:48,228000,,cf5912f0-cec8-46f4-8c04-c5beedd49fb2,https://musicbrainz.org/recording/cf5912f0-cec8-46f4-8c04-c5beedd49fb2,,MusicBrainz physical release metadata,https://musicbrainz.org/release/797e7833-e52e-4c21-a4f3-7d37bb2b5333,False
mb-797e7833-e52e-4c21-a4f3-7d37bb2b5333,拉闊壓軸：林子祥 / 陳奕迅,live,1,5,song,愛是懷疑,陳奕迅,5:15,315000,,ac1b070a-dddd-4917-b02d-bb776b9fb912,https://musicbrainz.org/recording/ac1b070a-dddd-4917-b02d-bb776b9fb912,,MusicBrainz physical release metadata,https://musicbrainz.org/release/797e7833-e52e-4c21-a4f3-7d37bb2b5333,False
mb-797e7833-e52e-4c21-a4f3-7d37bb2b5333,拉闊壓軸：林子祥 / 陳奕迅,live,1,6,song,活色生香,林子祥,3:10,190000,,76da6d01-c688-4dea-9d1f-ff9b310ca8b7,https://musicbrainz.org/recording/76da6d01-c688-4dea-9d1f-ff9b310ca8b7,,MusicBrainz physical release metadata,https://musicbrainz.org/release/797e7833-e52e-4c21-a4f3-7d37bb2b5333,False
mb-797e7833-e52e-4c21-a4f3-7d37bb2b5333,拉闊壓軸：林子祥 / 陳奕迅,live,1,7,song,孤獨探戈,陳奕迅,3:45,225000,,0612159f-1707-4708-8db1-7ce25b95ba24,https://musicbrainz.org/recording/0612159f-1707-4708-8db1-7ce25b95ba24,,MusicBrainz physical release metadata,https://musicbrainz.org/release/797e7833-e52e-4c21-a4f3-7d37bb2b5333,False
mb-797e7833-e52e-4c21-a4f3-7d37bb2b5333,拉闊壓軸：林子祥 / 陳奕迅,live,1,8,song,單車,陳奕迅,3:24,204000,,b22f9e54-962d-47ce-9b33-07d1a23a0287,https://musicbrainz.org/recording/b22f9e54-962d-47ce-9b33-07d1a23a0287,,MusicBrainz physical release metadata,https://musicbrainz.org/release/797e7833-e52e-4c21-a4f3-7d37bb2b5333,False
mb-797e7833-e52e-4c21-a4f3-7d37bb2b5333,拉闊壓軸：林子祥 / 陳奕迅,live,1,9,song,追憶,林子祥,3:29,209000,,9815508e-093b-4595-9a6c-883732f7efc0,https://musicbrainz.org/recording/9815508e-093b-4595-9a6c-883732f7efc0,,MusicBrainz physical release metadata,https://musicbrainz.org/release/797e7833-e52e-4c21-a4f3-7d37bb2b5333,False
mb-797e7833-e52e-4c21-a4f3-7d37bb2b5333,拉闊壓軸：林子祥 / 陳奕迅,live,1,10,song,天使的禮物,陳奕迅,4:28,268000,,df5ed8ef-21cf-4e91-8ad3-1c081770c177,https://musicbrainz.org/recording/df5ed8ef-21cf-4e91-8ad3-1c081770c177,,MusicBrainz physical release metadata,https://musicbrainz.org/release/797e7833-e52e-4c21-a4f3-7d37bb2b5333,False
mb-797e7833-e52e-4c21-a4f3-7d37bb2b5333,拉闊壓軸：林子祥 / 陳奕迅,live,1,11,song,我不好愛,陳奕迅,3:51,231000,,c9aeb606-05d4-4a4b-845a-2af545fe18e8,https://musicbrainz.org/recording/c9aeb606-05d4-4a4b-845a-2af545fe18e8,,MusicBrainz physical release metadata,https://musicbrainz.org/release/797e7833-e52e-4c21-a4f3-7d37bb2b5333,False
mb-797e7833-e52e-4c21-a4f3-7d37bb2b5333,拉闊壓軸：林子祥 / 陳奕迅,live,1,12,song,活著多好,陳奕迅,4:30,270000,,a081a77e-e125-4b2c-9cd0-6d2c608b0366,https://musicbrainz.org/recording/a081a77e-e125-4b2c-9cd0-6d2c608b0366,,MusicBrainz physical release metadata,https://musicbrainz.org/release/797e7833-e52e-4c21-a4f3-7d37bb2b5333,False
mb-797e7833-e52e-4c21-a4f3-7d37bb2b5333,拉闊壓軸：林子祥 / 陳奕迅,live,1,13,song,大開眼戒,陳奕迅,4:01,241000,,94e58fc8-a2a5-4021-be7f-0b03bb238eb2,https://musicbrainz.org/recording/94e58fc8-a2a5-4021-be7f-0b03bb238eb2,,MusicBrainz physical release metadata,https://musicbrainz.org/release/797e7833-e52e-4c21-a4f3-7d37bb2b5333,False
mb-797e7833-e52e-4c21-a4f3-7d37bb2b5333,拉闊壓軸：林子祥 / 陳奕迅,live,2,1,song,最愛是誰,林子祥,3:17,197000,,3e98bf2d-82d3-4627-9bd8-5d87d34e3db3,https://musicbrainz.org/recording/3e98bf2d-82d3-4627-9bd8-5d87d34e3db3,,MusicBrainz physical release metadata,https://musicbrainz.org/release/797e7833-e52e-4c21-a4f3-7d37bb2b5333,False
mb-797e7833-e52e-4c21-a4f3-7d37bb2b5333,拉闊壓軸：林子祥 / 陳奕迅,live,2,2,song,友愛長存,林子祥,4:43,283000,,c5763147-3cd5-487b-9d09-f1eb7342d1c6,https://musicbrainz.org/recording/c5763147-3cd5-487b-9d09-f1eb7342d1c6,,MusicBrainz physical release metadata,https://musicbrainz.org/release/797e7833-e52e-4c21-a4f3-7d37bb2b5333,False
mb-797e7833-e52e-4c21-a4f3-7d37bb2b5333,拉闊壓軸：林子祥 / 陳奕迅,live,2,3,song,千億個夜晚,林子祥,4:38,278000,,95d71891-ac4e-425c-bbd7-9ebb05d8c962,https://musicbrainz.org/recording/95d71891-ac4e-425c-bbd7-9ebb05d8c962,,MusicBrainz physical release metadata,https://musicbrainz.org/release/797e7833-e52e-4c21-a4f3-7d37bb2b5333,False
mb-797e7833-e52e-4c21-a4f3-7d37bb2b5333,拉闊壓軸：林子祥 / 陳奕迅,live,2,4,song,敢愛敢做,林子祥,4:01,241000,,377dfe1c-e2bf-48d0-9898-e1630dadbc65,https://musicbrainz.org/recording/377dfe1c-e2bf-48d0-9898-e1630dadbc65,,MusicBrainz physical release metadata,https://musicbrainz.org/release/797e7833-e52e-4c21-a4f3-7d37bb2b5333,False
mb-797e7833-e52e-4c21-a4f3-7d37bb2b5333,拉闊壓軸：林子祥 / 陳奕迅,live,2,5,song,Smooth,林子祥/陳奕迅,4:20,260000,,d6867512-d1f7-4223-a380-df68a17323b3,https://musicbrainz.org/recording/d6867512-d1f7-4223-a380-df68a17323b3,,MusicBrainz physical release metadata,https://musicbrainz.org/release/797e7833-e52e-4c21-a4f3-7d37bb2b5333,False
mb-797e7833-e52e-4c21-a4f3-7d37bb2b5333,拉闊壓軸：林子祥 / 陳奕迅,live,2,6,song,Uptown Girl,林子祥/陳奕迅,4:16,256000,,f4a2527c-c023-4c12-970d-35a6ca62496b,https://musicbrainz.org/recording/f4a2527c-c023-4c12-970d-35a6ca62496b,,MusicBrainz physical release metadata,https://musicbrainz.org/release/797e7833-e52e-4c21-a4f3-7d37bb2b5333,False
mb-797e7833-e52e-4c21-a4f3-7d37bb2b5333,拉闊壓軸：林子祥 / 陳奕迅,live,2,7,song,Somethin’ Stupid,林子祥/陳奕迅/Rita Maria Carpio/Angelita Li,3:25,205000,,de280561-8af0-4b5d-bc78-ce44103a85fe,https://musicbrainz.org/recording/de280561-8af0-4b5d-bc78-ce44103a85fe,,MusicBrainz physical release metadata,https://musicbrainz.org/release/797e7833-e52e-4c21-a4f3-7d37bb2b5333,False
mb-797e7833-e52e-4c21-a4f3-7d37bb2b5333,拉闊壓軸：林子祥 / 陳奕迅,live,2,8,song,When a Man Loves a Woman,林子祥/陳奕迅,3:33,213000,,bf17a81a-8a1b-41e9-9d90-02af5e827fe5,https://musicbrainz.org/recording/bf17a81a-8a1b-41e9-9d90-02af5e827fe5,,MusicBrainz physical release metadata,https://musicbrainz.org/release/797e7833-e52e-4c21-a4f3-7d37bb2b5333,False
mb-797e7833-e52e-4c21-a4f3-7d37bb2b5333,拉闊壓軸：林子祥 / 陳奕迅,live,2,9,song,在水中央,林子祥/陳奕迅,4:33,273000,,28663d93-2d9a-4fc4-be21-b3d4433f0439,https://musicbrainz.org/recording/28663d93-2d9a-4fc4-be21-b3d4433f0439,,MusicBrainz physical release metadata,https://musicbrainz.org/release/797e7833-e52e-4c21-a4f3-7d37bb2b5333,False
mb-797e7833-e52e-4c21-a4f3-7d37bb2b5333,拉闊壓軸：林子祥 / 陳奕迅,live,2,10,song,這一個夜,林子祥/陳奕迅,5:50,350000,,e00dc9bc-f314-46ff-aaa3-7e742a819e84,https://musicbrainz.org/recording/e00dc9bc-f314-46ff-aaa3-7e742a819e84,,MusicBrainz physical release metadata,https://musicbrainz.org/release/797e7833-e52e-4c21-a4f3-7d37bb2b5333,False
mb-797e7833-e52e-4c21-a4f3-7d37bb2b5333,拉闊壓軸：林子祥 / 陳奕迅,live,2,11,song,Shall We Talk,林子祥/陳奕迅,4:09,249000,,c0c91fdb-b9a4-4733-8763-1e87a30e8b7a,https://musicbrainz.org/recording/c0c91fdb-b9a4-4733-8763-1e87a30e8b7a,,MusicBrainz physical release metadata,https://musicbrainz.org/release/797e7833-e52e-4c21-a4f3-7d37bb2b5333,False
mb-797e7833-e52e-4c21-a4f3-7d37bb2b5333,拉闊壓軸：林子祥 / 陳奕迅,live,2,12,song,十分十二吋,林子祥/陳奕迅,10:01,601000,,e95e2596-93a6-4726-a886-e28a8abe475d,https://musicbrainz.org/recording/e95e2596-93a6-4726-a886-e28a8abe475d,,MusicBrainz physical release metadata,https://musicbrainz.org/release/797e7833-e52e-4c21-a4f3-7d37bb2b5333,False
apple-542612232,Special Thanks To.. (香港版),studio,1,1,song,Special Thanks To 1,陳奕迅,1:06,66046,542612238,,https://music.apple.com/hk/album/special-thanks-to-1/542612232?i=542612238&uo=4,https://audio-ssl.itunes.apple.com/itunes-assets/AudioPreview115/v4/f5/37/a2/f537a296-26c7-9f15-b46f-10feaf28bb96/mzaf_4283354369728822897.plus.aac.p.m4a,Apple iTunes Search API,https://itunes.apple.com/lookup?id=542612232&entity=song&limit=200&country=hk,False
apple-542612232,Special Thanks To.. (香港版),studio,1,2,song,謝謝儂,陳奕迅,4:22,262312,542612239,,https://music.apple.com/hk/album/%E8%AC%9D%E8%AC%9D%E5%84%82/542612232?i=542612239&uo=4,https://audio-ssl.itunes.apple.com/itunes-assets/AudioPreview125/v4/02/6c/7b/026c7b87-e139-1cdc-8f61-2fcbd9eb3a93/mzaf_2602530143050584649.plus.aac.p.m4a,Apple iTunes Search API,https://itunes.apple.com/lookup?id=542612232&entity=song&limit=200&country=hk,False
apple-542612232,Special Thanks To.. (香港版),studio,1,3,song,男人的錯,陳奕迅,3:52,231648,542612240,,https://music.apple.com/hk/album/%E7%94%B7%E4%BA%BA%E7%9A%84%E9%8C%AF/542612232?i=542612240&uo=4,https://audio-ssl.itunes.apple.com/itunes-assets/AudioPreview125/v4/9b/f3/c1/9bf3c106-9f29-d148-3afe-abe475a7f3c6/mzaf_18442004151094698118.plus.aac.p.m4a,Apple iTunes Search API,https://itunes.apple.com/lookup?id=542612232&entity=song&limit=200&country=hk,False
apple-542612232,Special Thanks To.. (香港版),studio,1,4,song,你會不會,陳奕迅,4:30,270221,542612241,,https://music.apple.com/hk/album/%E4%BD%A0%E6%9C%83%E4%B8%8D%E6%9C%83/542612232?i=542612241&uo=4,https://audio-ssl.itunes.apple.com/itunes-assets/AudioPreview125/v4/09/ba/8e/09ba8ea2-ecbb-70b0-bbae-35f869cb19e4/mzaf_12449365969111002736.plus.aac.p.m4a,Apple iTunes Search API,https://itunes.apple.com/lookup?id=542612232&entity=song&limit=200&country=hk,False
apple-542612232,Special Thanks To.. (香港版),studio,1,5,song,故事,陳奕迅,3:46,226236,542612242,,https://music.apple.com/hk/album/%E6%95%85%E4%BA%8B/542612232?i=542612242&uo=4,https://audio-ssl.itunes.apple.com/itunes-assets/AudioPreview125/v4/16/d8/de/16d8deaa-e41c-7a1c-bb49-e0632a73027c/mzaf_2477125142997061154.plus.aac.p.m4a,Apple iTunes Search API,https://itunes.apple.com/lookup?id=542612232&entity=song&limit=200&country=hk,False
apple-542612232,Special Thanks To.. (香港版),studio,1,6,song,人造衛星,陳奕迅,3:59,239349,542612243,,https://music.apple.com/hk/album/%E4%BA%BA%E9%80%A0%E8%A1%9B%E6%98%9F/542612232?i=542612243&uo=4,https://audio-ssl.itunes.apple.com/itunes-assets/AudioPreview115/v4/c6/3e/40/c63e4007-d05c-fb3a-35c1-910bbffe5f4a/mzaf_6789954544879557630.plus.aac.p.m4a,Apple iTunes Search API,https://itunes.apple.com/lookup?id=542612232&entity=song&limit=200&country=hk,False
apple-542612232,Special Thanks To.. (香港版),studio,1,7,song,沒有手機的日子,陳奕迅,4:28,268348,542612244,,https://music.apple.com/hk/album/%E6%B2%92%E6%9C%89%E6%89%8B%E6%A9%9F%E7%9A%84%E6%97%A5%E5%AD%90/542612232?i=542612244&uo=4,https://audio-ssl.itunes.apple.com/itunes-assets/AudioPreview125/v4/83/30/02/8330026c-73f1-d71c-ce19-7a657b1c7e2d/mzaf_18296760550978568839.plus.aac.p.m4a,Apple iTunes Search API,https://itunes.apple.com/lookup?id=542612232&entity=song&limit=200&country=hk,False
apple-542612232,Special Thanks To.. (香港版),studio,1,8,song,跳蚤市場,陳奕迅,3:34,213749,542612245,,https://music.apple.com/hk/album/%E8%B7%B3%E8%9A%A4%E5%B8%82%E5%A0%B4/542612232?i=542612245&uo=4,https://audio-ssl.itunes.apple.com/itunes-assets/AudioPreview125/v4/ba/95/4d/ba954d36-6fa5-96f2-0654-2d783287a94b/mzaf_7877148622438612181.plus.aac.p.m4a,Apple iTunes Search API,https://itunes.apple.com/lookup?id=542612232&entity=song&limit=200&country=hk,False
apple-542612232,Special Thanks To.. (香港版),studio,1,9,song,狂人日記,陳奕迅,4:22,262173,542612246,,https://music.apple.com/hk/album/%E7%8B%82%E4%BA%BA%E6%97%A5%E8%A8%98/542612232?i=542612246&uo=4,https://audio-ssl.itunes.apple.com/itunes-assets/AudioPreview125/v4/cc/10/fc/cc10fc75-67cd-026e-f580-758bdc3c78ea/mzaf_14501979076285531524.plus.aac.p.m4a,Apple iTunes Search API,https://itunes.apple.com/lookup?id=542612232&entity=song&limit=200&country=hk,False
apple-542612232,Special Thanks To.. (香港版),studio,1,10,song,給愛麗斯,陳奕迅,3:31,210904,542612247,,https://music.apple.com/hk/album/%E7%B5%A6%E6%84%9B%E9%BA%97%E6%96%AF/542612232?i=542612247&uo=4,https://audio-ssl.itunes.apple.com/itunes-assets/AudioPreview115/v4/87/03/22/870322ea-fdd4-7e4b-a8f4-501e9334f06b/mzaf_16916531819956401355.plus.aac.p.m4a,Apple iTunes Search API,https://itunes.apple.com/lookup?id=542612232&entity=song&limit=200&country=hk,False
apple-542611601,The Line-Up,studio,1,1,song,心裡有鬼,陳奕迅,3:50,229636,542611604,,https://music.apple.com/hk/album/%E5%BF%83%E8%A3%A1%E6%9C%89%E9%AC%BC/542611601?i=542611604&uo=4,https://audio-ssl.itunes.apple.com/itunes-assets/AudioPreview221/v4/9c/c9/a0/9cc9a071-5706-aa2f-93d6-9219c19836a2/mzaf_10691834157878329432.plus.aac.p.m4a,Apple iTunes Search API,https://itunes.apple.com/lookup?id=542611601&entity=song&limit=200&country=hk,False
apple-542611601,The Line-Up,studio,1,2,song,我有我愛你,陳奕迅,2:58,178020,542611605,,https://music.apple.com/hk/album/%E6%88%91%E6%9C%89%E6%88%91%E6%84%9B%E4%BD%A0/542611601?i=542611605&uo=4,https://audio-ssl.itunes.apple.com/itunes-assets/AudioPreview221/v4/a0/b7/18/a0b71822-0754-4f9b-f675-b3cadf26c50d/mzaf_13460370723131652053.plus.aac.p.m4a,Apple iTunes Search API,https://itunes.apple.com/lookup?id=542611601&entity=song&limit=200&country=hk,False
apple-542611601,The Line-Up,studio,1,3,song,明年今日,陳奕迅,3:26,206117,542611606,,https://music.apple.com/hk/album/%E6%98%8E%E5%B9%B4%E4%BB%8A%E6%97%A5/542611601?i=542611606&uo=4,https://audio-ssl.itunes.apple.com/itunes-assets/AudioPreview221/v4/c5/70/ef/c570ef6c-0c68-3cd7-3074-635db365b4e6/mzaf_8868612859503622140.plus.aac.p.m4a,Apple iTunes Search API,https://itunes.apple.com/lookup?id=542611601&entity=song&limit=200&country=hk,False
apple-542611601,The Line-Up,studio,1,4,song,人來人往,陳奕迅,3:55,234770,542611607,,https://music.apple.com/hk/album/%E4%BA%BA%E4%BE%86%E4%BA%BA%E5%BE%80/542611601?i=542611607&uo=4,https://audio-ssl.itunes.apple.com/itunes-assets/AudioPreview211/v4/aa/66/0a/aa660a82-c723-5a90-df77-4d36826ec8eb/mzaf_15122158772738331078.plus.aac.p.m4a,Apple iTunes Search API,https://itunes.apple.com/lookup?id=542611601&entity=song&limit=200&country=hk,False
apple-542611601,The Line-Up,studio,1,5,song,季軍,陳奕迅,3:39,218605,542611608,,https://music.apple.com/hk/album/%E5%AD%A3%E8%BB%8D/542611601?i=542611608&uo=4,https://audio-ssl.itunes.apple.com/itunes-assets/AudioPreview221/v4/8b/22/aa/8b22aa4a-ea22-e5c5-1015-1a51125b784d/mzaf_6278369258445977175.plus.aac.p.m4a,Apple iTunes Search API,https://itunes.apple.com/lookup?id=542611601&entity=song&limit=200&country=hk,False
apple-542611601,The Line-Up,studio,1,6,song,隨意門,陳奕迅,4:07,246633,542611729,,https://music.apple.com/hk/album/%E9%9A%A8%E6%84%8F%E9%96%80/542611601?i=542611729&uo=4,https://audio-ssl.itunes.apple.com/itunes-assets/AudioPreview211/v4/5f/59/1e/5f591eea-b9fb-1ff1-519a-adacf4882ca5/mzaf_12710631848470813081.plus.aac.p.m4a,Apple iTunes Search API,https://itunes.apple.com/lookup?id=542611601&entity=song&limit=200&country=hk,False
apple-542611601,The Line-Up,studio,1,7,song,1874,陳奕迅,3:50,230191,542611732,,https://music.apple.com/hk/album/1874/542611601?i=542611732&uo=4,https://audio-ssl.itunes.apple.com/itunes-assets/AudioPreview221/v4/cf/20/d6/cf20d683-4a7d-a1b5-1cf1-f3d7741847ab/mzaf_17469923069184636378.plus.aac.p.m4a,Apple iTunes Search API,https://itunes.apple.com/lookup?id=542611601&entity=song&limit=200&country=hk,False
apple-542611601,The Line-Up,studio,1,8,song,防不勝防,陳奕迅,4:25,265018,542611733,,https://music.apple.com/hk/album/%E9%98%B2%E4%B8%8D%E5%8B%9D%E9%98%B2/542611601?i=542611733&uo=4,https://audio-ssl.itunes.apple.com/itunes-assets/AudioPreview211/v4/31/c7/27/31c72721-4a4f-5039-e002-476b7a8467d5/mzaf_11033619282100486569.plus.aac.p.m4a,Apple iTunes Search API,https://itunes.apple.com/lookup?id=542611601&entity=song&limit=200&country=hk,False
apple-542611601,The Line-Up,studio,1,9,song,兩名男子街頭相遇,陳奕迅,3:45,225335,542611734,,https://music.apple.com/hk/album/%E5%85%A9%E5%90%8D%E7%94%B7%E5%AD%90%E8%A1%97%E9%A0%AD%E7%9B%B8%E9%81%87/542611601?i=542611734&uo=4,https://audio-ssl.itunes.apple.com/itunes-assets/AudioPreview211/v4/d8/1f/6e/d81f6e5d-2714-062f-5a27-589f83c2a5d4/mzaf_15933281468335751233.plus.aac.p.m4a,Apple iTunes Search API,https://itunes.apple.com/lookup?id=542611601&entity=song&limit=200&country=hk,False
apple-542611601,The Line-Up,studio,1,10,song,黑面,陳奕迅,5:42,342164,542611735,,https://music.apple.com/hk/album/%E9%BB%91%E9%9D%A2/542611601?i=542611735&uo=4,https://audio-ssl.itunes.apple.com/itunes-assets/AudioPreview211/v4/a2/62/51/a2625115-c7fe-41a4-298e-b6a6aa969ee0/mzaf_8643469829816757816.plus.aac.p.m4a,Apple iTunes Search API,https://itunes.apple.com/lookup?id=542611601&entity=song&limit=200&country=hk,False
apple-542613324,For a Change & Hits (新曲+精選),compilation,1,1,song,King Kong,陳奕迅,3:24,203620,542613325,,https://music.apple.com/hk/album/king-kong/542613324?i=542613325&uo=4,https://audio-ssl.itunes.apple.com/itunes-assets/AudioPreview115/v4/98/d8/1f/98d81f1b-9711-f0f7-beea-b4099df984ca/mzaf_18255679023567619348.plus.aac.p.m4a,Apple iTunes Search API,https://itunes.apple.com/lookup?id=542613324&entity=song&limit=200&country=hk,False
apple-542613324,For a Change & Hits (新曲+精選),compilation,1,2,song,Lonely Christmas,陳奕迅,4:40,280211,542613326,,https://music.apple.com/hk/album/lonely-christmas/542613324?i=542613326&uo=4,https://audio-ssl.itunes.apple.com/itunes-assets/AudioPreview125/v4/50/b9/b9/50b9b9b6-2720-8715-a24f-764b7ca727fa/mzaf_7033426337316306522.plus.aac.p.m4a,Apple iTunes Search API,https://itunes.apple.com/lookup?id=542613324&entity=song&limit=200&country=hk,False
apple-542613324,For a Change & Hits (新曲+精選),compilation,1,3,song,第一類接觸,陳奕迅,2:59,178644,542613327,,https://music.apple.com/hk/album/%E7%AC%AC%E4%B8%80%E9%A1%9E%E6%8E%A5%E8%A7%B8/542613324?i=542613327&uo=4,https://audio-ssl.itunes.apple.com/itunes-assets/AudioPreview125/v4/ce/2f/6d/ce2f6da1-b1c9-84c1-2c86-a8552d73f191/mzaf_13038758841270488096.plus.aac.p.m4a,Apple iTunes Search API,https://itunes.apple.com/lookup?id=542613324&entity=song&limit=200&country=hk,False
apple-542613324,For a Change & Hits (新曲+精選),compilation,1,4,song,少見不怪,陳奕迅,3:49,228942,542613328,,https://music.apple.com/hk/album/%E5%B0%91%E8%A6%8B%E4%B8%8D%E6%80%AA/542613324?i=542613328&uo=4,https://audio-ssl.itunes.apple.com/itunes-assets/AudioPreview115/v4/67/e2/61/67e261d2-76ee-377d-f20b-d99f433e03ad/mzaf_1125540191879026447.plus.aac.p.m4a,Apple iTunes Search API,https://itunes.apple.com/lookup?id=542613324&entity=song&limit=200&country=hk,False
apple-542613324,For a Change & Hits (新曲+精選),compilation,1,5,song,打得火熱,陳奕迅,3:14,194115,542613529,,https://music.apple.com/hk/album/%E6%89%93%E5%BE%97%E7%81%AB%E7%86%B1/542613324?i=542613529&uo=4,https://audio-ssl.itunes.apple.com/itunes-assets/AudioPreview115/v4/9d/e8/1f/9de81fd7-67e9-834a-b349-5d9fea85ea41/mzaf_15038308277155648033.plus.aac.p.m4a,Apple iTunes Search API,https://itunes.apple.com/lookup?id=542613324&entity=song&limit=200&country=hk,False
apple-542613324,For a Change & Hits (新曲+精選),compilation,1,6,song,K歌之王,陳奕迅,3:42,222351,542613530,,https://music.apple.com/hk/album/k%E6%AD%8C%E4%B9%8B%E7%8E%8B/542613324?i=542613530&uo=4,https://audio-ssl.itunes.apple.com/itunes-assets/AudioPreview125/v4/f2/49/bf/f249bf1f-cb11-c1af-753e-514e74f2e530/mzaf_17411363511854429330.plus.aac.p.m4a,Apple iTunes Search API,https://itunes.apple.com/lookup?id=542613324&entity=song&limit=200&country=hk,False
apple-542613324,For a Change & Hits (新曲+精選),compilation,1,7,song,綿綿,陳奕迅,4:04,244066,542613531,,https://music.apple.com/hk/album/%E7%B6%BF%E7%B6%BF/542613324?i=542613531&uo=4,https://audio-ssl.itunes.apple.com/itunes-assets/AudioPreview115/v4/ad/51/6e/ad516e86-f470-9e7d-b4c8-8d9c2a631ae8/mzaf_12889237897238267295.plus.aac.p.m4a,Apple iTunes Search API,https://itunes.apple.com/lookup?id=542613324&entity=song&limit=200&country=hk,False
apple-542613324,For a Change & Hits (新曲+精選),compilation,1,8,song,低等動物,陳奕迅,4:18,258358,542613532,,https://music.apple.com/hk/album/%E4%BD%8E%E7%AD%89%E5%8B%95%E7%89%A9/542613324?i=542613532&uo=4,https://audio-ssl.itunes.apple.com/itunes-assets/AudioPreview115/v4/1b/b1/2f/1bb12f2e-4bac-2091-37d3-40d9b3017431/mzaf_12734723072359228127.plus.aac.p.m4a,Apple iTunes Search API,https://itunes.apple.com/lookup?id=542613324&entity=song&limit=200&country=hk,False
apple-542613324,For a Change & Hits (新曲+精選),compilation,1,9,song,2001 太空漫遊,陳奕迅,3:58,238239,542613533,,https://music.apple.com/hk/album/2001-%E5%A4%AA%E7%A9%BA%E6%BC%AB%E9%81%8A/542613324?i=542613533&uo=4,https://audio-ssl.itunes.apple.com/itunes-assets/AudioPreview115/v4/52/99/24/529924f1-5b0a-1a0f-08ee-78dcef3a8e1d/mzaf_7929526371101564515.plus.aac.p.m4a,Apple iTunes Search API,https://itunes.apple.com/lookup?id=542613324&entity=song&limit=200&country=hk,False
apple-542613324,For a Change & Hits (新曲+精選),compilation,1,10,song,Shall We Talk,陳奕迅,3:47,227208,542613534,,https://music.apple.com/hk/album/shall-we-talk/542613324?i=542613534&uo=4,https://audio-ssl.itunes.apple.com/itunes-assets/AudioPreview115/v4/6e/76/3a/6e763adf-705c-b907-0576-d64f1c4f6fc4/mzaf_10011633321504171102.plus.aac.p.m4a,Apple iTunes Search API,https://itunes.apple.com/lookup?id=542613324&entity=song&limit=200&country=hk,False
apple-542613324,For a Change & Hits (新曲+精選),compilation,1,11,song,單車,陳奕迅,3:31,211251,542613535,,https://music.apple.com/hk/album/%E5%96%AE%E8%BB%8A/542613324?i=542613535&uo=4,https://audio-ssl.itunes.apple.com/itunes-assets/AudioPreview125/v4/a3/dc/8f/a3dc8fbb-3319-17e2-b81a-a5753d20f096/mzaf_14218783847190943057.plus.aac.p.m4a,Apple iTunes Search API,https://itunes.apple.com/lookup?id=542613324&entity=song&limit=200&country=hk,False
apple-542613324,For a Change & Hits (新曲+精選),compilation,2,1,song,天使的禮物,陳奕迅,3:23,202926,542613536,,https://music.apple.com/hk/album/%E5%A4%A9%E4%BD%BF%E7%9A%84%E7%A6%AE%E7%89%A9/542613324?i=542613536&uo=4,https://audio-ssl.itunes.apple.com/itunes-assets/AudioPreview125/v4/74/42/46/744246eb-f82b-b427-512a-c3a39173a22b/mzaf_190046473402771993.plus.aac.p.m4a,Apple iTunes Search API,https://itunes.apple.com/lookup?id=542613324&entity=song&limit=200&country=hk,False
apple-542613324,For a Change & Hits (新曲+精選),compilation,2,2,song,衝口而出,陳奕迅,3:33,213124,542613537,,https://music.apple.com/hk/album/%E8%A1%9D%E5%8F%A3%E8%80%8C%E5%87%BA/542613324?i=542613537&uo=4,https://audio-ssl.itunes.apple.com/itunes-assets/AudioPreview115/v4/5f/31/66/5f316608-951c-f283-5680-c8923811c855/mzaf_3914991466484572663.plus.aac.p.m4a,Apple iTunes Search API,https://itunes.apple.com/lookup?id=542613324&entity=song&limit=200&country=hk,False
apple-542613324,For a Change & Hits (新曲+精選),compilation,2,3,song,大開眼戒,陳奕迅,4:11,250934,542613538,,https://music.apple.com/hk/album/%E5%A4%A7%E9%96%8B%E7%9C%BC%E6%88%92/542613324?i=542613538&uo=4,https://audio-ssl.itunes.apple.com/itunes-assets/AudioPreview115/v4/08/c0/bd/08c0bdde-e57e-b5a3-ce4c-61cb2293b253/mzaf_13723740694076252432.plus.aac.p.m4a,Apple iTunes Search API,https://itunes.apple.com/lookup?id=542613324&entity=song&limit=200&country=hk,False
apple-542613324,For a Change & Hits (新曲+精選),compilation,2,4,song,熱帶雨林,陳奕迅,4:18,258080,542613539,,https://music.apple.com/hk/album/%E7%86%B1%E5%B8%B6%E9%9B%A8%E6%9E%97/542613324?i=542613539&uo=4,https://audio-ssl.itunes.apple.com/itunes-assets/AudioPreview115/v4/22/da/8e/22da8e89-136a-23a2-438d-3a84d2bc6285/mzaf_2208234476047995730.plus.aac.p.m4a,Apple iTunes Search API,https://itunes.apple.com/lookup?id=542613324&entity=song&limit=200&country=hk,False
apple-542613324,For a Change & Hits (新曲+精選),compilation,2,5,song,活著多好,陳奕迅,4:24,263630,542613540,,https://music.apple.com/hk/album/%E6%B4%BB%E8%91%97%E5%A4%9A%E5%A5%BD/542613324?i=542613540&uo=4,https://audio-ssl.itunes.apple.com/itunes-assets/AudioPreview125/v4/df/35/89/df35897b-94a6-63ea-f500-653ac2e43ed1/mzaf_11539385515618843024.plus.aac.p.m4a,Apple iTunes Search API,https://itunes.apple.com/lookup?id=542613324&entity=song&limit=200&country=hk,False
apple-542613324,For a Change & Hits (新曲+精選),compilation,2,6,song,給愛麗斯,陳奕迅,3:31,210904,542613541,,https://music.apple.com/hk/album/%E7%B5%A6%E6%84%9B%E9%BA%97%E6%96%AF/542613324?i=542613541&uo=4,https://audio-ssl.itunes.apple.com/itunes-assets/AudioPreview125/v4/9c/5c/e3/9c5ce3f3-dec2-909b-6776-6d9c31df14d2/mzaf_5630322509657688563.plus.aac.p.m4a,Apple iTunes Search API,https://itunes.apple.com/lookup?id=542613324&entity=song&limit=200&country=hk,False
apple-542613324,For a Change & Hits (新曲+精選),compilation,2,7,song,孤兒仔,陳奕迅,3:43,223040,542613542,,https://music.apple.com/hk/album/%E5%AD%A4%E5%85%92%E4%BB%94/542613324?i=542613542&uo=4,https://audio-ssl.itunes.apple.com/itunes-assets/AudioPreview115/v4/47/a0/d7/47a0d717-ae17-d05c-5d52-47129aafbd19/mzaf_6428641999696521859.plus.aac.p.m4a,Apple iTunes Search API,https://itunes.apple.com/lookup?id=542613324&entity=song&limit=200&country=hk,False
apple-542613324,For a Change & Hits (新曲+精選),compilation,2,8,song,一疋布,陳奕迅,2:59,179187,542613543,,https://music.apple.com/hk/album/%E4%B8%80%E7%96%8B%E5%B8%83/542613324?i=542613543&uo=4,https://audio-ssl.itunes.apple.com/itunes-assets/AudioPreview125/v4/6e/6c/93/6e6c93ee-de4a-ced6-4736-108926d9151c/mzaf_8072791746297282033.plus.aac.p.m4a,Apple iTunes Search API,https://itunes.apple.com/lookup?id=542613324&entity=song&limit=200&country=hk,False
apple-542613324,For a Change & Hits (新曲+精選),compilation,2,9,song,孤獨探戈,陳奕迅,3:26,206256,542613544,,https://music.apple.com/hk/album/%E5%AD%A4%E7%8D%A8%E6%8E%A2%E6%88%88/542613324?i=542613544&uo=4,https://audio-ssl.itunes.apple.com/itunes-assets/AudioPreview115/v4/61/63/bc/6163bc2d-b237-6100-944b-b08bc979b281/mzaf_17944523160994538246.plus.aac.p.m4a,Apple iTunes Search API,https://itunes.apple.com/lookup?id=542613324&entity=song&limit=200&country=hk,False
apple-542613324,For a Change & Hits (新曲+精選),compilation,2,10,song,我不好愛,陳奕迅,3:58,238447,542613545,,https://music.apple.com/hk/album/%E6%88%91%E4%B8%8D%E5%A5%BD%E6%84%9B/542613324?i=542613545&uo=4,https://audio-ssl.itunes.apple.com/itunes-assets/AudioPreview125/v4/00/8e/08/008e0813-e38c-c353-46c8-a1445db5107b/mzaf_11047289574228042173.plus.aac.p.m4a,Apple iTunes Search API,https://itunes.apple.com/lookup?id=542613324&entity=song&limit=200&country=hk,False
apple-542681657,Third Encounter Concert Live,live,1,1,song,Se vuoi ballare (Live),陳奕迅,2:22,141893,542681736,,https://music.apple.com/hk/album/se-vuoi-ballare-live/542681657?i=542681736&uo=4,https://audio-ssl.itunes.apple.com/itunes-assets/AudioPreview221/v4/3c/f5/fb/3cf5fb95-ccca-ef12-caac-2e25ec2528e8/mzaf_3456132756197725835.plus.aac.p.m4a,Apple iTunes Search API,https://itunes.apple.com/lookup?id=542681657&entity=song&limit=200&country=hk,False
apple-542681657,Third Encounter Concert Live,live,1,2,song,孤獨探戈 (Live),陳奕迅,3:27,207307,542681737,,https://music.apple.com/hk/album/%E5%AD%A4%E7%8D%A8%E6%8E%A2%E6%88%88-live/542681657?i=542681737&uo=4,https://audio-ssl.itunes.apple.com/itunes-assets/AudioPreview211/v4/45/29/3e/45293e09-b240-de3d-a259-2dbe1f685eeb/mzaf_9461220901583963288.plus.aac.p.m4a,Apple iTunes Search API,https://itunes.apple.com/lookup?id=542681657&entity=song&limit=200&country=hk,False
apple-542681657,Third Encounter Concert Live,live,1,3,song,人工智能 (Live),陳奕迅,3:41,220893,542681738,,https://music.apple.com/hk/album/%E4%BA%BA%E5%B7%A5%E6%99%BA%E8%83%BD-live/542681657?i=542681738&uo=4,https://audio-ssl.itunes.apple.com/itunes-assets/AudioPreview211/v4/c6/e3/c7/c6e3c73a-0d5c-ab6d-a813-8644e08cdc1b/mzaf_13231480297212317212.plus.aac.p.m4a,Apple iTunes Search API,https://itunes.apple.com/lookup?id=542681657&entity=song&limit=200&country=hk,False
apple-542681657,Third Encounter Concert Live,live,1,4,song,第一類接觸 (Live),陳奕迅,3:15,194573,542681745,,https://music.apple.com/hk/album/%E7%AC%AC%E4%B8%80%E9%A1%9E%E6%8E%A5%E8%A7%B8-live/542681657?i=542681745&uo=4,https://audio-ssl.itunes.apple.com/itunes-assets/AudioPreview211/v4/02/cd/bf/02cdbff1-7866-7b58-ba19-0406ade41398/mzaf_8905701788177033864.plus.aac.p.m4a,Apple iTunes Search API,https://itunes.apple.com/lookup?id=542681657&entity=song&limit=200&country=hk,False
apple-542681657,Third Encounter Concert Live,live,1,5,song,King Kong (Live),陳奕迅,3:21,201080,542681752,,https://music.apple.com/hk/album/king-kong-live/542681657?i=542681752&uo=4,https://audio-ssl.itunes.apple.com/itunes-assets/AudioPreview211/v4/24/2e/13/242e13d8-6705-384c-00b4-5e4b160cc350/mzaf_6548628771330959076.plus.aac.p.m4a,Apple iTunes Search API,https://itunes.apple.com/lookup?id=542681657&entity=song&limit=200&country=hk,False
apple-542681657,Third Encounter Concert Live,live,1,6,song,給愛麗斯 (Live),陳奕迅,3:58,238387,542681753,,https://music.apple.com/hk/album/%E7%B5%A6%E6%84%9B%E9%BA%97%E6%96%AF-live/542681657?i=542681753&uo=4,https://audio-ssl.itunes.apple.com/itunes-assets/AudioPreview211/v4/dc/81/f0/dc81f032-0bce-0b3f-9a4c-6268f7bb6a35/mzaf_14593387531581939508.plus.aac.p.m4a,Apple iTunes Search API,https://itunes.apple.com/lookup?id=542681657&entity=song&limit=200&country=hk,False
apple-542681657,Third Encounter Concert Live,live,1,7,song,愛是懷疑 (Live),陳奕迅,4:38,278307,542681754,,https://music.apple.com/hk/album/%E6%84%9B%E6%98%AF%E6%87%B7%E7%96%91-live/542681657?i=542681754&uo=4,https://audio-ssl.itunes.apple.com/itunes-assets/AudioPreview211/v4/c4/b3/c5/c4b3c553-2932-e87c-c328-17f843c00871/mzaf_9550222280966601012.plus.aac.p.m4a,Apple iTunes Search API,https://itunes.apple.com/lookup?id=542681657&entity=song&limit=200&country=hk,False
apple-542681657,Third Encounter Concert Live,live,1,8,song,阿士匹靈 (Live),陳奕迅,6:41,400853,542681755,,https://music.apple.com/hk/album/%E9%98%BF%E5%A3%AB%E5%8C%B9%E9%9D%88-live/542681657?i=542681755&uo=4,https://audio-ssl.itunes.apple.com/itunes-assets/AudioPreview221/v4/2b/e6/fa/2be6fa2f-2973-5852-9a31-5c2a3d79f1ff/mzaf_10370978813452620656.plus.aac.p.m4a,Apple iTunes Search API,https://itunes.apple.com/lookup?id=542681657&entity=song&limit=200&country=hk,False
apple-542681657,Third Encounter Concert Live,live,1,9,song,我有我愛你 (Live),陳奕迅,3:06,185747,542681756,,https://music.apple.com/hk/album/%E6%88%91%E6%9C%89%E6%88%91%E6%84%9B%E4%BD%A0-live/542681657?i=542681756&uo=4,https://audio-ssl.itunes.apple.com/itunes-assets/AudioPreview221/v4/24/fe/74/24fe7465-dc87-469b-8152-5a03871d2da6/mzaf_17688640762351285946.plus.aac.p.m4a,Apple iTunes Search API,https://itunes.apple.com/lookup?id=542681657&entity=song&limit=200&country=hk,False
apple-542681657,Third Encounter Concert Live,live,1,10,song,1874 (Live),陳奕迅,4:02,241840,542681757,,https://music.apple.com/hk/album/1874-live/542681657?i=542681757&uo=4,https://audio-ssl.itunes.apple.com/itunes-assets/AudioPreview211/v4/20/25/c6/2025c69f-58ff-0f76-3051-8c12eb5bc7c8/mzaf_2337174964113555925.plus.aac.p.m4a,Apple iTunes Search API,https://itunes.apple.com/lookup?id=542681657&entity=song&limit=200&country=hk,False
apple-542681657,Third Encounter Concert Live,live,1,11,song,Lonely Christmas (Live),陳奕迅,4:38,278080,542681758,,https://music.apple.com/hk/album/lonely-christmas-live/542681657?i=542681758&uo=4,https://audio-ssl.itunes.apple.com/itunes-assets/AudioPreview221/v4/de/d6/c1/ded6c187-1981-91c8-b384-c72c9f65e5ed/mzaf_6309669366622036201.plus.aac.p.m4a,Apple iTunes Search API,https://itunes.apple.com/lookup?id=542681657&entity=song&limit=200&country=hk,False
apple-542681657,Third Encounter Concert Live,live,1,12,song,謝謝儂 (Live),陳奕迅,4:07,246627,542681759,,https://music.apple.com/hk/album/%E8%AC%9D%E8%AC%9D%E5%84%82-live/542681657?i=542681759&uo=4,https://audio-ssl.itunes.apple.com/itunes-assets/AudioPreview221/v4/2a/ee/32/2aee323d-bfe5-7499-d242-2b5fb054ad2f/mzaf_7103789606778869564.plus.aac.p.m4a,Apple iTunes Search API,https://itunes.apple.com/lookup?id=542681657&entity=song&limit=200&country=hk,False
apple-542681657,Third Encounter Concert Live,live,1,13,song,他一個人 (Live),陳奕迅,4:23,263013,542681762,,https://music.apple.com/hk/album/%E4%BB%96%E4%B8%80%E5%80%8B%E4%BA%BA-live/542681657?i=542681762&uo=4,https://audio-ssl.itunes.apple.com/itunes-assets/AudioPreview221/v4/6f/ee/f6/6feef6a1-c973-b40c-48c7-a4b604d4c3c1/mzaf_17689617064734864543.plus.aac.p.m4a,Apple iTunes Search API,https://itunes.apple.com/lookup?id=542681657&entity=song&limit=200&country=hk,False
apple-542681657,Third Encounter Concert Live,live,1,14,song,活躍症 (Live),陳奕迅,3:37,217293,542681763,,https://music.apple.com/hk/album/%E6%B4%BB%E8%BA%8D%E7%97%87-live/542681657?i=542681763&uo=4,https://audio-ssl.itunes.apple.com/itunes-assets/AudioPreview211/v4/e3/0b/af/e30baf0d-c3b2-9836-e073-ec9b94cab426/mzaf_3686242175519413622.plus.aac.p.m4a,Apple iTunes Search API,https://itunes.apple.com/lookup?id=542681657&entity=song&limit=200&country=hk,False
apple-542681657,Third Encounter Concert Live,live,1,15,song,幾許風雨 (Live),陳奕迅,5:36,335827,542681767,,https://music.apple.com/hk/album/%E5%B9%BE%E8%A8%B1%E9%A2%A8%E9%9B%A8-live/542681657?i=542681767&uo=4,https://audio-ssl.itunes.apple.com/itunes-assets/AudioPreview211/v4/35/be/f3/35bef363-1a5c-af4e-eb13-ab5f156499ba/mzaf_4976046932674017983.plus.aac.p.m4a,Apple iTunes Search API,https://itunes.apple.com/lookup?id=542681657&entity=song&limit=200&country=hk,False
apple-542681657,Third Encounter Concert Live,live,1,16,song,一生中最愛 (Live),陳奕迅,4:29,268773,542681772,,https://music.apple.com/hk/album/%E4%B8%80%E7%94%9F%E4%B8%AD%E6%9C%80%E6%84%9B-live/542681657?i=542681772&uo=4,https://audio-ssl.itunes.apple.com/itunes-assets/AudioPreview211/v4/96/8a/3d/968a3dab-95de-0e9b-09ff-e9a6db68d697/mzaf_2252742421693673967.plus.aac.p.m4a,Apple iTunes Search API,https://itunes.apple.com/lookup?id=542681657&entity=song&limit=200&country=hk,False
apple-542681657,Third Encounter Concert Live,live,2,1,song,不再問究竟 (Live),陳奕迅,3:15,194867,542681775,,https://music.apple.com/hk/album/%E4%B8%8D%E5%86%8D%E5%95%8F%E7%A9%B6%E7%AB%9F-live/542681657?i=542681775&uo=4,https://audio-ssl.itunes.apple.com/itunes-assets/AudioPreview211/v4/44/48/03/44480311-1407-a012-f720-48df665bfc26/mzaf_14379792713521539930.plus.aac.p.m4a,Apple iTunes Search API,https://itunes.apple.com/lookup?id=542681657&entity=song&limit=200&country=hk,False
apple-542681657,Third Encounter Concert Live,live,2,2,song,人來人往 (Live),陳奕迅,4:22,261520,542681780,,https://music.apple.com/hk/album/%E4%BA%BA%E4%BE%86%E4%BA%BA%E5%BE%80-live/542681657?i=542681780&uo=4,https://audio-ssl.itunes.apple.com/itunes-assets/AudioPreview211/v4/f1/13/cb/f113cbd9-5f32-47d7-38e6-d2a9ff2acefc/mzaf_6648328189286828468.plus.aac.p.m4a,Apple iTunes Search API,https://itunes.apple.com/lookup?id=542681657&entity=song&limit=200&country=hk,False
apple-542681657,Third Encounter Concert Live,live,2,3,song,Shall We Talk (Live),陳奕迅,6:12,371507,542681781,,https://music.apple.com/hk/album/shall-we-talk-live/542681657?i=542681781&uo=4,https://audio-ssl.itunes.apple.com/itunes-assets/AudioPreview221/v4/e5/31/3e/e5313e08-76e0-3916-11fe-da117d527f6d/mzaf_15731749472654375793.plus.aac.p.m4a,Apple iTunes Search API,https://itunes.apple.com/lookup?id=542681657&entity=song&limit=200&country=hk,False
apple-542681657,Third Encounter Concert Live,live,2,4,song,打回原形 (Live),陳奕迅,4:10,250320,542681782,,https://music.apple.com/hk/album/%E6%89%93%E5%9B%9E%E5%8E%9F%E5%BD%A2-live/542681657?i=542681782&uo=4,https://audio-ssl.itunes.apple.com/itunes-assets/AudioPreview211/v4/fb/37/8e/fb378e48-d7ba-a38b-927c-318289c35bd4/mzaf_11319199583354481269.plus.aac.p.m4a,Apple iTunes Search API,https://itunes.apple.com/lookup?id=542681657&entity=song&limit=200&country=hk,False
apple-542681657,Third Encounter Concert Live,live,2,5,song,K歌之王 (Live),陳奕迅,3:53,232507,542681783,,https://music.apple.com/hk/album/k%E6%AD%8C%E4%B9%8B%E7%8E%8B-live/542681657?i=542681783&uo=4,https://audio-ssl.itunes.apple.com/itunes-assets/AudioPreview221/v4/1e/b3/c8/1eb3c8ce-1c56-74f1-f20b-c3ee660d3e63/mzaf_9721083697986307965.plus.aac.p.m4a,Apple iTunes Search API,https://itunes.apple.com/lookup?id=542681657&entity=song&limit=200&country=hk,False
apple-542681657,Third Encounter Concert Live,live,2,6,song,孤兒仔 (Live),陳奕迅,4:55,294907,542681784,,https://music.apple.com/hk/album/%E5%AD%A4%E5%85%92%E4%BB%94-live/542681657?i=542681784&uo=4,https://audio-ssl.itunes.apple.com/itunes-assets/AudioPreview221/v4/d9/49/bc/d949bc20-07ad-2ace-7927-e0937e493ad7/mzaf_5307767241607380540.plus.aac.p.m4a,Apple iTunes Search API,https://itunes.apple.com/lookup?id=542681657&entity=song&limit=200&country=hk,False
apple-542681657,Third Encounter Concert Live,live,2,7,song,綿綿 (Live),陳奕迅,4:44,283533,542681785,,https://music.apple.com/hk/album/%E7%B6%BF%E7%B6%BF-live/542681657?i=542681785&uo=4,https://audio-ssl.itunes.apple.com/itunes-assets/AudioPreview211/v4/27/b1/41/27b14178-cb09-d298-a68a-451f32d67baa/mzaf_4727687433070966172.plus.aac.p.m4a,Apple iTunes Search API,https://itunes.apple.com/lookup?id=542681657&entity=song&limit=200&country=hk,False
apple-542681657,Third Encounter Concert Live,live,2,8,song,單車 (Live),陳奕迅,3:28,208200,542681786,,https://music.apple.com/hk/album/%E5%96%AE%E8%BB%8A-live/542681657?i=542681786&uo=4,https://audio-ssl.itunes.apple.com/itunes-assets/AudioPreview211/v4/67/dc/94/67dc94d0-a4b0-4094-8fe6-359297ba3991/mzaf_13486176335924725603.plus.aac.p.m4a,Apple iTunes Search API,https://itunes.apple.com/lookup?id=542681657&entity=song&limit=200&country=hk,False
apple-542681657,Third Encounter Concert Live,live,2,9,song,明年今日 (Live),陳奕迅,3:48,227867,542681787,,https://music.apple.com/hk/album/%E6%98%8E%E5%B9%B4%E4%BB%8A%E6%97%A5-live/542681657?i=542681787&uo=4,https://audio-ssl.itunes.apple.com/itunes-assets/AudioPreview221/v4/7e/38/09/7e3809e6-0fa5-6e1e-96b1-0ea72c19d4f0/mzaf_12130701456160908356.plus.aac.p.m4a,Apple iTunes Search API,https://itunes.apple.com/lookup?id=542681657&entity=song&limit=200&country=hk,False
apple-542923554,黑.白.灰,studio,1,1,song,阿怪,陳奕迅,5:12,312124,542923710,,https://music.apple.com/hk/album/%E9%98%BF%E6%80%AA/542923554?i=542923710&uo=4,https://audio-ssl.itunes.apple.com/itunes-assets/AudioPreview211/v4/31/c4/e9/31c4e90a-9466-d096-6ce4-64c38341a9de/mzaf_15076600979518229519.plus.aac.p.m4a,Apple iTunes Search API,https://itunes.apple.com/lookup?id=542923554&entity=song&limit=200&country=hk,False
apple-542923554,黑.白.灰,studio,1,2,song,我們都寂寞,陳奕迅,4:53,292907,542923713,,https://music.apple.com/hk/album/%E6%88%91%E5%80%91%E9%83%BD%E5%AF%82%E5%AF%9E/542923554?i=542923713&uo=4,https://audio-ssl.itunes.apple.com/itunes-assets/AudioPreview221/v4/1a/94/e5/1a94e5c7-c416-e1b0-34f7-f5513df4bdcb/mzaf_1684219755088393281.plus.aac.p.m4a,Apple iTunes Search API,https://itunes.apple.com/lookup?id=542923554&entity=song&limit=200&country=hk,False
apple-542923554,黑.白.灰,studio,1,3,song,兄妹,陳奕迅,3:30,210141,542923716,,https://music.apple.com/hk/album/%E5%85%84%E5%A6%B9/542923554?i=542923716&uo=4,https://audio-ssl.itunes.apple.com/itunes-assets/AudioPreview211/v4/89/b9/20/89b920dc-a258-8545-414d-59f23c7b622b/mzaf_2525110542083703929.plus.aac.p.m4a,Apple iTunes Search API,https://itunes.apple.com/lookup?id=542923554&entity=song&limit=200&country=hk,False
apple-542923554,黑.白.灰,studio,1,4,song,十年,陳奕迅,3:25,205424,542923776,,https://music.apple.com/hk/album/%E5%8D%81%E5%B9%B4/542923554?i=542923776&uo=4,https://audio-ssl.itunes.apple.com/itunes-assets/AudioPreview221/v4/a0/2f/29/a02f2922-9375-059c-9a3c-e53bc407b955/mzaf_12688901698901632999.plus.aac.p.m4a,Apple iTunes Search API,https://itunes.apple.com/lookup?id=542923554&entity=song&limit=200&country=hk,False
apple-542923554,黑.白.灰,studio,1,5,song,要你的,陳奕迅,3:43,222627,542923777,,https://music.apple.com/hk/album/%E8%A6%81%E4%BD%A0%E7%9A%84/542923554?i=542923777&uo=4,https://audio-ssl.itunes.apple.com/itunes-assets/AudioPreview221/v4/db/df/ab/dbdfab13-9553-3095-c20e-35563aab7981/mzaf_4147641283681770245.plus.aac.p.m4a,Apple iTunes Search API,https://itunes.apple.com/lookup?id=542923554&entity=song&limit=200&country=hk,False
apple-542923554,黑.白.灰,studio,1,6,song,世界,陳奕迅,4:22,262333,542923779,,https://music.apple.com/hk/album/%E4%B8%96%E7%95%8C/542923554?i=542923779&uo=4,https://audio-ssl.itunes.apple.com/itunes-assets/AudioPreview211/v4/d1/09/e5/d109e5e0-c5d5-c72a-0d10-fe87031bed41/mzaf_6549491667134818227.plus.aac.p.m4a,Apple iTunes Search API,https://itunes.apple.com/lookup?id=542923554&entity=song&limit=200&country=hk,False
apple-542923554,黑.白.灰,studio,1,7,song,謝謝,陳奕迅,4:59,298573,542923782,,https://music.apple.com/hk/album/%E8%AC%9D%E8%AC%9D/542923554?i=542923782&uo=4,https://audio-ssl.itunes.apple.com/itunes-assets/AudioPreview211/v4/6a/d8/35/6ad835fd-c6db-efbf-c7a5-35e9d3ebca02/mzaf_9370813710423018645.plus.aac.p.m4a,Apple iTunes Search API,https://itunes.apple.com/lookup?id=542923554&entity=song&limit=200&country=hk,False
apple-542923554,黑.白.灰,studio,1,8,song,像一句廣告,陳奕迅,4:01,240800,542923784,,https://music.apple.com/hk/album/%E5%83%8F%E4%B8%80%E5%8F%A5%E5%BB%A3%E5%91%8A/542923554?i=542923784&uo=4,https://audio-ssl.itunes.apple.com/itunes-assets/AudioPreview211/v4/b9/af/49/b9af49bf-6b75-c038-463c-299e4fcaddc3/mzaf_14796568817009005202.plus.aac.p.m4a,Apple iTunes Search API,https://itunes.apple.com/lookup?id=542923554&entity=song&limit=200&country=hk,False
apple-542923554,黑.白.灰,studio,1,9,song,寂寞奏鳴曲,陳奕迅,3:34,213827,542923785,,https://music.apple.com/hk/album/%E5%AF%82%E5%AF%9E%E5%A5%8F%E9%B3%B4%E6%9B%B2/542923554?i=542923785&uo=4,https://audio-ssl.itunes.apple.com/itunes-assets/AudioPreview211/v4/cc/d4/2e/ccd42e0b-6369-7530-473d-29b181106e47/mzaf_11478752379339327627.plus.aac.p.m4a,Apple iTunes Search API,https://itunes.apple.com/lookup?id=542923554&entity=song&limit=200&country=hk,False
apple-542923554,黑.白.灰,studio,1,10,song,Last Order,陳奕迅,3:56,235667,542923852,,https://music.apple.com/hk/album/last-order/542923554?i=542923852&uo=4,https://audio-ssl.itunes.apple.com/itunes-assets/AudioPreview221/v4/d5/9e/2f/d59e2fe9-83db-79eb-6bf4-8f128d54495c/mzaf_18012398393029665468.plus.aac.p.m4a,Apple iTunes Search API,https://itunes.apple.com/lookup?id=542923554&entity=song&limit=200&country=hk,False
apple-542676848,Live for Today,studio,1,1,song,幸災樂禍,陳奕迅,3:26,206256,542677233,,https://music.apple.com/hk/album/%E5%B9%B8%E7%81%BD%E6%A8%82%E7%A6%8D/542676848?i=542677233&uo=4,https://audio-ssl.itunes.apple.com/itunes-assets/AudioPreview221/v4/2a/86/d3/2a86d389-4caa-b359-ca23-44abef67e32a/mzaf_17415222871721488210.plus.aac.p.m4a,Apple iTunes Search API,https://itunes.apple.com/lookup?id=542676848&entity=song&limit=200&country=hk,False
apple-542676848,Live for Today,studio,1,2,song,Katrina,陳奕迅,3:51,230815,542677236,,https://music.apple.com/hk/album/katrina/542676848?i=542677236&uo=4,https://audio-ssl.itunes.apple.com/itunes-assets/AudioPreview221/v4/22/6b/fe/226bfe9f-02db-81c0-1cc9-deb93869d7c2/mzaf_14250355138048643762.plus.aac.p.m4a,Apple iTunes Search API,https://itunes.apple.com/lookup?id=542676848&entity=song&limit=200&country=hk,False
apple-542676848,Live for Today,studio,1,3,song,十面埋伏,陳奕迅,3:52,232133,542677237,,https://music.apple.com/hk/album/%E5%8D%81%E9%9D%A2%E5%9F%8B%E4%BC%8F/542676848?i=542677237&uo=4,https://audio-ssl.itunes.apple.com/itunes-assets/AudioPreview211/v4/48/55/92/485592d4-1ddc-7ce7-62a1-941af3fcfcbe/mzaf_7888793824058965167.plus.aac.p.m4a,Apple iTunes Search API,https://itunes.apple.com/lookup?id=542676848&entity=song&limit=200&country=hk,False
apple-542676848,Live for Today,studio,1,4,song,呀邊個邊個,陳奕迅,3:06,185998,542677238,,https://music.apple.com/hk/album/%E5%91%80%E9%82%8A%E5%80%8B%E9%82%8A%E5%80%8B/542676848?i=542677238&uo=4,https://audio-ssl.itunes.apple.com/itunes-assets/AudioPreview221/v4/58/e4/b8/58e4b89f-aed6-e8b8-3961-f91918647d9c/mzaf_13988335664000976027.plus.aac.p.m4a,Apple iTunes Search API,https://itunes.apple.com/lookup?id=542676848&entity=song&limit=200&country=hk,False
apple-542676848,Live for Today,studio,1,5,song,小孩不懂怕,陳奕迅,3:45,225126,542677243,,https://music.apple.com/hk/album/%E5%B0%8F%E5%AD%A9%E4%B8%8D%E6%87%82%E6%80%95/542676848?i=542677243&uo=4,https://audio-ssl.itunes.apple.com/itunes-assets/AudioPreview211/v4/ca/74/ec/ca74ec6f-6b7e-b993-0ee2-7f30adb31886/mzaf_8587487643085272608.plus.aac.p.m4a,Apple iTunes Search API,https://itunes.apple.com/lookup?id=542676848&entity=song&limit=200&country=hk,False
apple-542676848,Live for Today,studio,1,6,song,謊言,陳奕迅,4:10,249547,542677430,,https://music.apple.com/hk/album/%E8%AC%8A%E8%A8%80/542676848?i=542677430&uo=4,https://audio-ssl.itunes.apple.com/itunes-assets/AudioPreview221/v4/cf/99/64/cf9964c8-e3fe-89fb-1707-bae44bf9e6a8/mzaf_2402410374405192405.plus.aac.p.m4a,Apple iTunes Search API,https://itunes.apple.com/lookup?id=542676848&entity=song&limit=200&country=hk,False
apple-542676848,Live for Today,studio,1,7,song,真相,陳奕迅,3:21,200706,542677431,,https://music.apple.com/hk/album/%E7%9C%9F%E7%9B%B8/542676848?i=542677431&uo=4,https://audio-ssl.itunes.apple.com/itunes-assets/AudioPreview221/v4/77/6c/ac/776cac4f-61b4-c40f-af2e-9e078a868ea3/mzaf_11962538119217100387.plus.aac.p.m4a,Apple iTunes Search API,https://itunes.apple.com/lookup?id=542676848&entity=song&limit=200&country=hk,False
apple-542676848,Live for Today,studio,1,8,song,猜情尋,陳奕迅,4:07,246841,542677432,,https://music.apple.com/hk/album/%E7%8C%9C%E6%83%85%E5%B0%8B/542676848?i=542677432&uo=4,https://audio-ssl.itunes.apple.com/itunes-assets/AudioPreview221/v4/8f/87/72/8f877240-f700-fec4-cb8a-53a36bb570df/mzaf_2899488361957945230.plus.aac.p.m4a,Apple iTunes Search API,https://itunes.apple.com/lookup?id=542676848&entity=song&limit=200&country=hk,False
apple-542676848,Live for Today,studio,1,9,song,忘記歌詞,陳奕迅,3:34,213887,542677435,,https://music.apple.com/hk/album/%E5%BF%98%E8%A8%98%E6%AD%8C%E8%A9%9E/542676848?i=542677435&uo=4,https://audio-ssl.itunes.apple.com/itunes-assets/AudioPreview221/v4/cc/96/7b/cc967bb9-2aef-aa28-9f26-6c8999e48508/mzaf_4144470144162609510.plus.aac.p.m4a,Apple iTunes Search API,https://itunes.apple.com/lookup?id=542676848&entity=song&limit=200&country=hk,False
apple-542676848,Live for Today,studio,1,10,song,New Order,陳奕迅,4:28,268001,542677436,,https://music.apple.com/hk/album/new-order/542676848?i=542677436&uo=4,https://audio-ssl.itunes.apple.com/itunes-assets/AudioPreview211/v4/b5/2d/14/b52d14b6-7a64-d407-5aeb-2b1e988b67f3/mzaf_2636635945669414523.plus.aac.p.m4a,Apple iTunes Search API,https://itunes.apple.com/lookup?id=542676848&entity=song&limit=200&country=hk,False
apple-542676848,Live for Today,studio,1,11,song,歲月如歌,陳奕迅,3:28,207852,542677437,,https://music.apple.com/hk/album/%E6%AD%B2%E6%9C%88%E5%A6%82%E6%AD%8C/542676848?i=542677437&uo=4,https://audio-ssl.itunes.apple.com/itunes-assets/AudioPreview211/v4/d4/ed/ab/d4edab2c-1cc8-05a3-a3db-4b52c5a7bc56/mzaf_6586276179830073275.plus.aac.p.m4a,Apple iTunes Search API,https://itunes.apple.com/lookup?id=542676848&entity=song&limit=200&country=hk,False
mb-9c154b03-65bf-42ba-a884-3074bc5abab1,七,compilation,1,1,song,聖誕結,陳奕迅,4:42,282000,,f9601425-d399-4860-afe7-0d12fca99ea8,https://musicbrainz.org/recording/f9601425-d399-4860-afe7-0d12fca99ea8,,MusicBrainz physical release metadata,https://musicbrainz.org/release/9c154b03-65bf-42ba-a884-3074bc5abab1,False
mb-9c154b03-65bf-42ba-a884-3074bc5abab1,七,compilation,1,2,song,Shall We Talk,陳奕迅,3:48,228000,,016f83ff-aadc-41ca-a539-5f4f3e404498,https://musicbrainz.org/recording/016f83ff-aadc-41ca-a539-5f4f3e404498,,MusicBrainz physical release metadata,https://musicbrainz.org/release/9c154b03-65bf-42ba-a884-3074bc5abab1,False
mb-9c154b03-65bf-42ba-a884-3074bc5abab1,七,compilation,1,3,song,寂寞讓你更快樂,陳奕迅,4:13,253000,,122fb285-2da2-48d9-9a1a-174c5ed2c0ef,https://musicbrainz.org/recording/122fb285-2da2-48d9-9a1a-174c5ed2c0ef,,MusicBrainz physical release metadata,https://musicbrainz.org/release/9c154b03-65bf-42ba-a884-3074bc5abab1,False
mb-9c154b03-65bf-42ba-a884-3074bc5abab1,七,compilation,1,4,song,K歌之王,陳奕迅,3:39,219000,,dd4e5f37-a1ef-46dc-b95e-1498dfbf3556,https://musicbrainz.org/recording/dd4e5f37-a1ef-46dc-b95e-1498dfbf3556,,MusicBrainz physical release metadata,https://musicbrainz.org/release/9c154b03-65bf-42ba-a884-3074bc5abab1,False
mb-9c154b03-65bf-42ba-a884-3074bc5abab1,七,compilation,1,5,song,想哭,陳奕迅,4:01,241000,,c7c03259-d307-4c13-ba0c-56a4f229b55f,https://musicbrainz.org/recording/c7c03259-d307-4c13-ba0c-56a4f229b55f,,MusicBrainz physical release metadata,https://musicbrainz.org/release/9c154b03-65bf-42ba-a884-3074bc5abab1,False
mb-9c154b03-65bf-42ba-a884-3074bc5abab1,七,compilation,1,6,song,愛是懷疑,陳奕迅,4:34,274000,,75001eda-2796-4df9-bca2-f7ab0672f232,https://musicbrainz.org/recording/75001eda-2796-4df9-bca2-f7ab0672f232,,MusicBrainz physical release metadata,https://musicbrainz.org/release/9c154b03-65bf-42ba-a884-3074bc5abab1,False
mb-9c154b03-65bf-42ba-a884-3074bc5abab1,七,compilation,1,7,song,十年,陳奕迅,3:25,205000,,2cb0f1e8-0cd3-442c-8c9a-1d5d8ae05970,https://musicbrainz.org/recording/2cb0f1e8-0cd3-442c-8c9a-1d5d8ae05970,,MusicBrainz physical release metadata,https://musicbrainz.org/release/9c154b03-65bf-42ba-a884-3074bc5abab1,False
mb-9c154b03-65bf-42ba-a884-3074bc5abab1,七,compilation,1,8,song,不如這樣,陳奕迅,4:43,283000,,c3e7ab5a-9f34-4928-86e5-07ffa2508fb4,https://musicbrainz.org/recording/c3e7ab5a-9f34-4928-86e5-07ffa2508fb4,,MusicBrainz physical release metadata,https://musicbrainz.org/release/9c154b03-65bf-42ba-a884-3074bc5abab1,False
mb-9c154b03-65bf-42ba-a884-3074bc5abab1,七,compilation,1,9,song,謝謝儂,陳奕迅,4:21,261000,,ad7886bc-7492-4c2f-9eef-0b1681dbbb0a,https://musicbrainz.org/recording/ad7886bc-7492-4c2f-9eef-0b1681dbbb0a,,MusicBrainz physical release metadata,https://musicbrainz.org/release/9c154b03-65bf-42ba-a884-3074bc5abab1,False
mb-9c154b03-65bf-42ba-a884-3074bc5abab1,七,compilation,2,1,song,你的背包,陳奕迅,3:58,238000,,8889e2ca-6846-4293-886a-f975d259e305,https://musicbrainz.org/recording/8889e2ca-6846-4293-886a-f975d259e305,,MusicBrainz physical release metadata,https://musicbrainz.org/release/9c154b03-65bf-42ba-a884-3074bc5abab1,False
mb-9c154b03-65bf-42ba-a884-3074bc5abab1,七,compilation,2,2,song,低等動物,陳奕迅,4:21,261000,,fdc9cbe7-99ad-464c-a563-4f0db98c9c93,https://musicbrainz.org/recording/fdc9cbe7-99ad-464c-a563-4f0db98c9c93,,MusicBrainz physical release metadata,https://musicbrainz.org/release/9c154b03-65bf-42ba-a884-3074bc5abab1,False
mb-9c154b03-65bf-42ba-a884-3074bc5abab1,七,compilation,2,3,song,男人的錯,陳奕迅,3:52,232000,,de5233d8-4191-4389-80cf-ca48cc158310,https://musicbrainz.org/recording/de5233d8-4191-4389-80cf-ca48cc158310,,MusicBrainz physical release metadata,https://musicbrainz.org/release/9c154b03-65bf-42ba-a884-3074bc5abab1,False
mb-9c154b03-65bf-42ba-a884-3074bc5abab1,七,compilation,2,4,song,Last Order,陳奕迅,3:59,239000,,5795d51d-9582-47bd-8d37-491e278d836a,https://musicbrainz.org/recording/5795d51d-9582-47bd-8d37-491e278d836a,,MusicBrainz physical release metadata,https://musicbrainz.org/release/9c154b03-65bf-42ba-a884-3074bc5abab1,False
mb-9c154b03-65bf-42ba-a884-3074bc5abab1,七,compilation,2,5,song,沒有手機的日子,陳奕迅,4:29,269000,,b0929302-a6d9-486b-9b49-0449a32f5aae,https://musicbrainz.org/recording/b0929302-a6d9-486b-9b49-0449a32f5aae,,MusicBrainz physical release metadata,https://musicbrainz.org/release/9c154b03-65bf-42ba-a884-3074bc5abab1,False
mb-9c154b03-65bf-42ba-a884-3074bc5abab1,七,compilation,2,6,song,要你的,陳奕迅,3:43,223000,,2a2bb3f8-ece9-455b-b844-015aff343b65,https://musicbrainz.org/recording/2a2bb3f8-ece9-455b-b844-015aff343b65,,MusicBrainz physical release metadata,https://musicbrainz.org/release/9c154b03-65bf-42ba-a884-3074bc5abab1,False
mb-9c154b03-65bf-42ba-a884-3074bc5abab1,七,compilation,2,7,song,全世界失眠,陳奕迅,4:11,251000,,5260c92b-649b-4b38-a63b-d2488f69e702,https://musicbrainz.org/recording/5260c92b-649b-4b38-a63b-d2488f69e702,,MusicBrainz physical release metadata,https://musicbrainz.org/release/9c154b03-65bf-42ba-a884-3074bc5abab1,False
mb-9c154b03-65bf-42ba-a884-3074bc5abab1,七,compilation,2,8,song,兄妹,陳奕迅,3:30,210000,,a5be1958-0e26-4694-bfd2-24edd6b9e4a4,https://musicbrainz.org/recording/a5be1958-0e26-4694-bfd2-24edd6b9e4a4,,MusicBrainz physical release metadata,https://musicbrainz.org/release/9c154b03-65bf-42ba-a884-3074bc5abab1,False
mb-9c154b03-65bf-42ba-a884-3074bc5abab1,七,compilation,2,9,song,我們都寂寞,陳奕迅,4:51,291000,,ccd2cc86-1a3f-4072-a39e-6ff2713ef146,https://musicbrainz.org/recording/ccd2cc86-1a3f-4072-a39e-6ff2713ef146,,MusicBrainz physical release metadata,https://musicbrainz.org/release/9c154b03-65bf-42ba-a884-3074bc5abab1,False
mb-3763f14e-d9bf-4805-9b1e-9fc0e9f7ebce,陳奕迅&葉蒨文 903 id club 拉闊音樂會,live,1,1,song,幸災樂禍,陳奕迅,4:15,254973,,111de7a1-83fd-4722-9b2f-114f7ef0826d,https://musicbrainz.org/recording/111de7a1-83fd-4722-9b2f-114f7ef0826d,,MusicBrainz physical release metadata,https://musicbrainz.org/release/3763f14e-d9bf-4805-9b1e-9fc0e9f7ebce,False
mb-3763f14e-d9bf-4805-9b1e-9fc0e9f7ebce,陳奕迅&葉蒨文 903 id club 拉闊音樂會,live,1,2,song,沒有手機的日子,陳奕迅,4:56,296466,,dc5f152d-04b5-4afb-ab6d-e76781405997,https://musicbrainz.org/recording/dc5f152d-04b5-4afb-ab6d-e76781405997,,MusicBrainz physical release metadata,https://musicbrainz.org/release/3763f14e-d9bf-4805-9b1e-9fc0e9f7ebce,False
mb-3763f14e-d9bf-4805-9b1e-9fc0e9f7ebce,陳奕迅&葉蒨文 903 id club 拉闊音樂會,live,1,3,song,我們都寂寞,陳奕迅,4:33,272640,,95111bac-bdc6-4eed-ad87-740c9e8cdc37,https://musicbrainz.org/recording/95111bac-bdc6-4eed-ad87-740c9e8cdc37,,MusicBrainz physical release metadata,https://musicbrainz.org/release/3763f14e-d9bf-4805-9b1e-9fc0e9f7ebce,False
mb-3763f14e-d9bf-4805-9b1e-9fc0e9f7ebce,陳奕迅&葉蒨文 903 id club 拉闊音樂會,live,1,4,song,人造衛星,陳奕迅,4:24,264133,,93787af2-4c88-47a8-b682-8daa23f61f7c,https://musicbrainz.org/recording/93787af2-4c88-47a8-b682-8daa23f61f7c,,MusicBrainz physical release metadata,https://musicbrainz.org/release/3763f14e-d9bf-4805-9b1e-9fc0e9f7ebce,False
mb-3763f14e-d9bf-4805-9b1e-9fc0e9f7ebce,陳奕迅&葉蒨文 903 id club 拉闊音樂會,live,1,5,song,謊言,陳奕迅,4:52,291933,,a8d770ef-4c9a-4a18-bb91-ef1f735f2145,https://musicbrainz.org/recording/a8d770ef-4c9a-4a18-bb91-ef1f735f2145,,MusicBrainz physical release metadata,https://musicbrainz.org/release/3763f14e-d9bf-4805-9b1e-9fc0e9f7ebce,False
mb-3763f14e-d9bf-4805-9b1e-9fc0e9f7ebce,陳奕迅&葉蒨文 903 id club 拉闊音樂會,live,1,6,song,想哭,陳奕迅,4:04,243546,,a5264059-5f97-455d-9ef9-1cc1a94e46b8,https://musicbrainz.org/recording/a5264059-5f97-455d-9ef9-1cc1a94e46b8,,MusicBrainz physical release metadata,https://musicbrainz.org/release/3763f14e-d9bf-4805-9b1e-9fc0e9f7ebce,False
mb-3763f14e-d9bf-4805-9b1e-9fc0e9f7ebce,陳奕迅&葉蒨文 903 id club 拉闊音樂會,live,1,7,song,歲月如歌 / 兄妹,陳奕迅,3:34,213733,,5df1246e-b4ad-4c4b-b326-674bc60a8387,https://musicbrainz.org/recording/5df1246e-b4ad-4c4b-b326-674bc60a8387,,MusicBrainz physical release metadata,https://musicbrainz.org/release/3763f14e-d9bf-4805-9b1e-9fc0e9f7ebce,False
mb-3763f14e-d9bf-4805-9b1e-9fc0e9f7ebce,陳奕迅&葉蒨文 903 id club 拉闊音樂會,live,1,8,song,最難唱的情歌,葉蒨文,3:39,218960,,9a068c59-0726-40eb-a486-4d776becd23c,https://musicbrainz.org/recording/9a068c59-0726-40eb-a486-4d776becd23c,,MusicBrainz physical release metadata,https://musicbrainz.org/release/3763f14e-d9bf-4805-9b1e-9fc0e9f7ebce,False
mb-3763f14e-d9bf-4805-9b1e-9fc0e9f7ebce,陳奕迅&葉蒨文 903 id club 拉闊音樂會,live,1,9,song,不要關電視,葉蒨文,5:58,357680,,260a89ec-d112-4fd2-adf2-252319b31dff,https://musicbrainz.org/recording/260a89ec-d112-4fd2-adf2-252319b31dff,,MusicBrainz physical release metadata,https://musicbrainz.org/release/3763f14e-d9bf-4805-9b1e-9fc0e9f7ebce,False
mb-3763f14e-d9bf-4805-9b1e-9fc0e9f7ebce,陳奕迅&葉蒨文 903 id club 拉闊音樂會,live,1,10,song,我是不是你最疼愛的人,葉蒨文,4:10,249706,,69c5a0cd-6fb2-468c-86b1-f65cc0570a24,https://musicbrainz.org/recording/69c5a0cd-6fb2-468c-86b1-f65cc0570a24,,MusicBrainz physical release metadata,https://musicbrainz.org/release/3763f14e-d9bf-4805-9b1e-9fc0e9f7ebce,False
mb-3763f14e-d9bf-4805-9b1e-9fc0e9f7ebce,陳奕迅&葉蒨文 903 id club 拉闊音樂會,live,1,11,song,不要對他說,葉蒨文,4:53,292906,,a9fe4ee6-2e64-456a-b848-3bd4c1a40cc1,https://musicbrainz.org/recording/a9fe4ee6-2e64-456a-b848-3bd4c1a40cc1,,MusicBrainz physical release metadata,https://musicbrainz.org/release/3763f14e-d9bf-4805-9b1e-9fc0e9f7ebce,False
mb-3763f14e-d9bf-4805-9b1e-9fc0e9f7ebce,陳奕迅&葉蒨文 903 id club 拉闊音樂會,live,1,12,song,用心良苦,葉蒨文,4:24,263693,,2503456d-a158-49ef-b5ef-f0ee52fb8eb8,https://musicbrainz.org/recording/2503456d-a158-49ef-b5ef-f0ee52fb8eb8,,MusicBrainz physical release metadata,https://musicbrainz.org/release/3763f14e-d9bf-4805-9b1e-9fc0e9f7ebce,False
mb-3763f14e-d9bf-4805-9b1e-9fc0e9f7ebce,陳奕迅&葉蒨文 903 id club 拉闊音樂會,live,1,13,song,愛上一個不回家的人,葉蒨文,4:17,257173,,f715628b-f09c-43fd-a066-7b23ab8f0069,https://musicbrainz.org/recording/f715628b-f09c-43fd-a066-7b23ab8f0069,,MusicBrainz physical release metadata,https://musicbrainz.org/release/3763f14e-d9bf-4805-9b1e-9fc0e9f7ebce,False
mb-3763f14e-d9bf-4805-9b1e-9fc0e9f7ebce,陳奕迅&葉蒨文 903 id club 拉闊音樂會,live,2,1,song,傷逝,陳奕迅、葉蒨文,2:41,160613,,6866930d-b754-4147-a275-04b43b5fbe04,https://musicbrainz.org/recording/6866930d-b754-4147-a275-04b43b5fbe04,,MusicBrainz physical release metadata,https://musicbrainz.org/release/3763f14e-d9bf-4805-9b1e-9fc0e9f7ebce,False
mb-3763f14e-d9bf-4805-9b1e-9fc0e9f7ebce,陳奕迅&葉蒨文 903 id club 拉闊音樂會,live,2,2,song,Shall We Talk + 零時十分,陳奕迅、葉蒨文,4:53,293280,,b653c96f-74ed-470f-b4e5-0be76f51eea7,https://musicbrainz.org/recording/b653c96f-74ed-470f-b4e5-0be76f51eea7,,MusicBrainz physical release metadata,https://musicbrainz.org/release/3763f14e-d9bf-4805-9b1e-9fc0e9f7ebce,False
mb-3763f14e-d9bf-4805-9b1e-9fc0e9f7ebce,陳奕迅&葉蒨文 903 id club 拉闊音樂會,live,2,3,song,單車 + 珍重,陳奕迅、葉蒨文,4:09,248840,,32c0641b-a941-4c69-82d8-ea7f13cb5e20,https://musicbrainz.org/recording/32c0641b-a941-4c69-82d8-ea7f13cb5e20,,MusicBrainz physical release metadata,https://musicbrainz.org/release/3763f14e-d9bf-4805-9b1e-9fc0e9f7ebce,False
mb-3763f14e-d9bf-4805-9b1e-9fc0e9f7ebce,陳奕迅&葉蒨文 903 id club 拉闊音樂會,live,2,4,song,女人的眼淚,陳奕迅、葉蒨文,3:49,229040,,aabcb155-ef4c-4a7c-b583-45d3b3d188b8,https://musicbrainz.org/recording/aabcb155-ef4c-4a7c-b583-45d3b3d188b8,,MusicBrainz physical release metadata,https://musicbrainz.org/release/3763f14e-d9bf-4805-9b1e-9fc0e9f7ebce,False
mb-3763f14e-d9bf-4805-9b1e-9fc0e9f7ebce,陳奕迅&葉蒨文 903 id club 拉闊音樂會,live,2,5,song,秋去秋來 + K歌之王,陳奕迅、葉蒨文,7:24,444266,,2b4ba8e8-babb-4a0c-97bb-ad88035a6134,https://musicbrainz.org/recording/2b4ba8e8-babb-4a0c-97bb-ad88035a6134,,MusicBrainz physical release metadata,https://musicbrainz.org/release/3763f14e-d9bf-4805-9b1e-9fc0e9f7ebce,False
mb-3763f14e-d9bf-4805-9b1e-9fc0e9f7ebce,陳奕迅&葉蒨文 903 id club 拉闊音樂會,live,2,6,song,蘭花草,陳奕迅、葉蒨文,3:39,219493,,1fc3a612-0f00-44ab-b578-dbd449520b84,https://musicbrainz.org/recording/1fc3a612-0f00-44ab-b578-dbd449520b84,,MusicBrainz physical release metadata,https://musicbrainz.org/release/3763f14e-d9bf-4805-9b1e-9fc0e9f7ebce,False
mb-3763f14e-d9bf-4805-9b1e-9fc0e9f7ebce,陳奕迅&葉蒨文 903 id club 拉闊音樂會,live,2,7,song,衝口而出,陳奕迅、葉蒨文,3:55,235426,,820de218-21ac-40bf-bac2-3de960eaa3c1,https://musicbrainz.org/recording/820de218-21ac-40bf-bac2-3de960eaa3c1,,MusicBrainz physical release metadata,https://musicbrainz.org/release/3763f14e-d9bf-4805-9b1e-9fc0e9f7ebce,False
mb-3763f14e-d9bf-4805-9b1e-9fc0e9f7ebce,陳奕迅&葉蒨文 903 id club 拉闊音樂會,live,2,8,song,你聽到了沒有,陳奕迅、葉蒨文,4:42,281520,,75e09094-2928-4d93-93ec-bd16d40c5e86,https://musicbrainz.org/recording/75e09094-2928-4d93-93ec-bd16d40c5e86,,MusicBrainz physical release metadata,https://musicbrainz.org/release/3763f14e-d9bf-4805-9b1e-9fc0e9f7ebce,False
mb-3763f14e-d9bf-4805-9b1e-9fc0e9f7ebce,陳奕迅&葉蒨文 903 id club 拉闊音樂會,live,2,9,song,謝謝儂,陳奕迅、葉蒨文,4:04,243533,,02a5c9a3-18c6-46a9-af08-f2c3f48d00c6,https://musicbrainz.org/recording/02a5c9a3-18c6-46a9-af08-f2c3f48d00c6,,MusicBrainz physical release metadata,https://musicbrainz.org/release/3763f14e-d9bf-4805-9b1e-9fc0e9f7ebce,False
mb-3763f14e-d9bf-4805-9b1e-9fc0e9f7ebce,陳奕迅&葉蒨文 903 id club 拉闊音樂會,live,2,10,song,愛是懷疑,陳奕迅、葉蒨文,5:30,329773,,b16b2cd1-ebd8-4df1-a7d1-a76eaa3c3471,https://musicbrainz.org/recording/b16b2cd1-ebd8-4df1-a7d1-a76eaa3c3471,,MusicBrainz physical release metadata,https://musicbrainz.org/release/3763f14e-d9bf-4805-9b1e-9fc0e9f7ebce,False
mb-3763f14e-d9bf-4805-9b1e-9fc0e9f7ebce,陳奕迅&葉蒨文 903 id club 拉闊音樂會,live,2,11,song,信自己,陳奕迅、葉蒨文,4:40,279906,,1ff4b586-f1e9-4f0d-95f4-c696b7036a1e,https://musicbrainz.org/recording/1ff4b586-f1e9-4f0d-95f4-c696b7036a1e,,MusicBrainz physical release metadata,https://musicbrainz.org/release/3763f14e-d9bf-4805-9b1e-9fc0e9f7ebce,False
apple-548143960,英皇鋼琴熱戀系列: 陳奕迅,instrumental,1,1,song,歲月如歌 (純音樂),陳奕迅,3:20,199947,548144024,,https://music.apple.com/hk/album/%E6%AD%B2%E6%9C%88%E5%A6%82%E6%AD%8C-%E7%B4%94%E9%9F%B3%E6%A8%82/548143960?i=548144024&uo=4,https://audio-ssl.itunes.apple.com/itunes-assets/AudioPreview125/v4/82/a7/ec/82a7ec35-2ded-45fc-6b9c-cef987209a80/mzaf_9262342695544841996.plus.aac.p.m4a,Apple iTunes Search API,https://itunes.apple.com/lookup?id=548143960&entity=song&limit=200&country=hk,False
apple-548143960,英皇鋼琴熱戀系列: 陳奕迅,instrumental,1,2,song,明年今日 (純音樂),陳奕迅,3:15,195453,548144026,,https://music.apple.com/hk/album/%E6%98%8E%E5%B9%B4%E4%BB%8A%E6%97%A5-%E7%B4%94%E9%9F%B3%E6%A8%82/548143960?i=548144026&uo=4,https://audio-ssl.itunes.apple.com/itunes-assets/AudioPreview115/v4/f5/37/d8/f537d81f-979e-51e7-0d9d-6e7753120327/mzaf_13456141061338877986.plus.aac.p.m4a,Apple iTunes Search API,https://itunes.apple.com/lookup?id=548143960&entity=song&limit=200&country=hk,False
apple-548143960,英皇鋼琴熱戀系列: 陳奕迅,instrumental,1,3,song,十面埋伏 (純音樂),陳奕迅,3:15,195240,548144027,,https://music.apple.com/hk/album/%E5%8D%81%E9%9D%A2%E5%9F%8B%E4%BC%8F-%E7%B4%94%E9%9F%B3%E6%A8%82/548143960?i=548144027&uo=4,https://audio-ssl.itunes.apple.com/itunes-assets/AudioPreview125/v4/65/79/63/6579639e-dacc-415c-53f4-52f92eba18eb/mzaf_13614245336141096684.plus.aac.p.m4a,Apple iTunes Search API,https://itunes.apple.com/lookup?id=548143960&entity=song&limit=200&country=hk,False
apple-548143960,英皇鋼琴熱戀系列: 陳奕迅,instrumental,1,4,song,打回原形 (純音樂),陳奕迅,3:34,214080,548144028,,https://music.apple.com/hk/album/%E6%89%93%E5%9B%9E%E5%8E%9F%E5%BD%A2-%E7%B4%94%E9%9F%B3%E6%A8%82/548143960?i=548144028&uo=4,https://audio-ssl.itunes.apple.com/itunes-assets/AudioPreview115/v4/ee/0a/7b/ee0a7bec-5a03-6d9b-1d57-8c29a43be56a/mzaf_11994990123824810972.plus.aac.p.m4a,Apple iTunes Search API,https://itunes.apple.com/lookup?id=548143960&entity=song&limit=200&country=hk,False
apple-548143960,英皇鋼琴熱戀系列: 陳奕迅,instrumental,1,5,song,K歌之王 (純音樂),陳奕迅,3:43,222920,548144049,,https://music.apple.com/hk/album/k%E6%AD%8C%E4%B9%8B%E7%8E%8B-%E7%B4%94%E9%9F%B3%E6%A8%82/548143960?i=548144049&uo=4,https://audio-ssl.itunes.apple.com/itunes-assets/AudioPreview125/v4/c8/e9/ea/c8e9eafe-ef26-7b42-e0d4-9784e739bdf7/mzaf_4363711438149364921.plus.aac.p.m4a,Apple iTunes Search API,https://itunes.apple.com/lookup?id=548143960&entity=song&limit=200&country=hk,False
apple-548143960,英皇鋼琴熱戀系列: 陳奕迅,instrumental,1,6,song,Shall We Talk (純音樂),陳奕迅,3:56,236320,548144050,,https://music.apple.com/hk/album/shall-we-talk-%E7%B4%94%E9%9F%B3%E6%A8%82/548143960?i=548144050&uo=4,https://audio-ssl.itunes.apple.com/itunes-assets/AudioPreview125/v4/9e/6c/f7/9e6cf724-2703-fde0-cc6e-a8afd9d2edd5/mzaf_8704319624674181972.plus.aac.p.m4a,Apple iTunes Search API,https://itunes.apple.com/lookup?id=548143960&entity=song&limit=200&country=hk,False
apple-548143960,英皇鋼琴熱戀系列: 陳奕迅,instrumental,1,7,song,給愛麗斯 (純音樂),陳奕迅,3:34,214320,548144051,,https://music.apple.com/hk/album/%E7%B5%A6%E6%84%9B%E9%BA%97%E6%96%AF-%E7%B4%94%E9%9F%B3%E6%A8%82/548143960?i=548144051&uo=4,https://audio-ssl.itunes.apple.com/itunes-assets/AudioPreview115/v4/77/1e/67/771e6795-0b5c-5768-a435-413a0985e65a/mzaf_17274062965748949746.plus.aac.p.m4a,Apple iTunes Search API,https://itunes.apple.com/lookup?id=548143960&entity=song&limit=200&country=hk,False
apple-548143960,英皇鋼琴熱戀系列: 陳奕迅,instrumental,1,8,song,忘記歌詞 (純音樂),陳奕迅,3:32,212493,548144052,,https://music.apple.com/hk/album/%E5%BF%98%E8%A8%98%E6%AD%8C%E8%A9%9E-%E7%B4%94%E9%9F%B3%E6%A8%82/548143960?i=548144052&uo=4,https://audio-ssl.itunes.apple.com/itunes-assets/AudioPreview125/v4/48/88/b1/4888b1ef-d011-086b-86a7-e113986a59a2/mzaf_6526715216791381580.plus.aac.p.m4a,Apple iTunes Search API,https://itunes.apple.com/lookup?id=548143960&entity=song&limit=200&country=hk,False
apple-548143960,英皇鋼琴熱戀系列: 陳奕迅,instrumental,1,9,song,Lonely Christmas (純音樂),陳奕迅,4:20,260333,548144053,,https://music.apple.com/hk/album/lonely-christmas-%E7%B4%94%E9%9F%B3%E6%A8%82/548143960?i=548144053&uo=4,https://audio-ssl.itunes.apple.com/itunes-assets/AudioPreview115/v4/63/34/00/6334001e-9023-1db7-356a-f6e5d5f64d16/mzaf_7667594353938398710.plus.aac.p.m4a,Apple iTunes Search API,https://itunes.apple.com/lookup?id=548143960&entity=song&limit=200&country=hk,False
apple-548143960,英皇鋼琴熱戀系列: 陳奕迅,instrumental,1,10,song,猜情尋 (純音樂),陳奕迅,3:55,234600,548144054,,https://music.apple.com/hk/album/%E7%8C%9C%E6%83%85%E5%B0%8B-%E7%B4%94%E9%9F%B3%E6%A8%82/548143960?i=548144054&uo=4,https://audio-ssl.itunes.apple.com/itunes-assets/AudioPreview125/v4/88/da/56/88da56c1-e087-2c2f-f2dd-3bb5c0195235/mzaf_12181367987628089932.plus.aac.p.m4a,Apple iTunes Search API,https://itunes.apple.com/lookup?id=548143960&entity=song&limit=200&country=hk,False
apple-548143960,英皇鋼琴熱戀系列: 陳奕迅,instrumental,1,11,song,幸災樂禍 (純音樂),陳奕迅,3:28,207773,548144056,,https://music.apple.com/hk/album/%E5%B9%B8%E7%81%BD%E6%A8%82%E7%A6%8D-%E7%B4%94%E9%9F%B3%E6%A8%82/548143960?i=548144056&uo=4,https://audio-ssl.itunes.apple.com/itunes-assets/AudioPreview115/v4/81/67/d5/8167d5dd-a4ca-9bbd-27a6-65734ef987f1/mzaf_3517338147452211772.plus.aac.p.m4a,Apple iTunes Search API,https://itunes.apple.com/lookup?id=548143960&entity=song&limit=200&country=hk,False
apple-548143960,英皇鋼琴熱戀系列: 陳奕迅,instrumental,1,12,song,人來人往 (純音樂),陳奕迅,3:46,225533,548144057,,https://music.apple.com/hk/album/%E4%BA%BA%E4%BE%86%E4%BA%BA%E5%BE%80-%E7%B4%94%E9%9F%B3%E6%A8%82/548143960?i=548144057&uo=4,https://audio-ssl.itunes.apple.com/itunes-assets/AudioPreview115/v4/43/47/c7/4347c769-f08f-8d4e-dc60-8745e290744c/mzaf_6805319596538440984.plus.aac.p.m4a,Apple iTunes Search API,https://itunes.apple.com/lookup?id=548143960&entity=song&limit=200&country=hk,False
apple-548143960,英皇鋼琴熱戀系列: 陳奕迅,instrumental,1,13,song,想哭 (純音樂),陳奕迅,3:35,214893,548144058,,https://music.apple.com/hk/album/%E6%83%B3%E5%93%AD-%E7%B4%94%E9%9F%B3%E6%A8%82/548143960?i=548144058&uo=4,https://audio-ssl.itunes.apple.com/itunes-assets/AudioPreview115/v4/88/fc/fd/88fcfd3b-90c2-bc7b-e353-6452c8e0a002/mzaf_1768198856073904815.plus.aac.p.m4a,Apple iTunes Search API,https://itunes.apple.com/lookup?id=548143960&entity=song&limit=200&country=hk,False
apple-548143960,英皇鋼琴熱戀系列: 陳奕迅,instrumental,1,14,song,你的背包 (純音樂),陳奕迅,3:32,212027,548144059,,https://music.apple.com/hk/album/%E4%BD%A0%E7%9A%84%E8%83%8C%E5%8C%85-%E7%B4%94%E9%9F%B3%E6%A8%82/548143960?i=548144059&uo=4,https://audio-ssl.itunes.apple.com/itunes-assets/AudioPreview115/v4/85/e6/1c/85e61c17-0750-fb0b-7f37-9b92d1a2d94d/mzaf_5388181467413906346.plus.aac.p.m4a,Apple iTunes Search API,https://itunes.apple.com/lookup?id=548143960&entity=song&limit=200&country=hk,False
apple-548143960,英皇鋼琴熱戀系列: 陳奕迅,instrumental,1,15,song,天使的禮物 (純音樂),陳奕迅,3:19,199187,548144060,,https://music.apple.com/hk/album/%E5%A4%A9%E4%BD%BF%E7%9A%84%E7%A6%AE%E7%89%A9-%E7%B4%94%E9%9F%B3%E6%A8%82/548143960?i=548144060&uo=4,https://audio-ssl.itunes.apple.com/itunes-assets/AudioPreview125/v4/1f/8f/94/1f8f94bb-fd82-25ff-7941-a8ae90f41439/mzaf_8464351216302687796.plus.aac.p.m4a,Apple iTunes Search API,https://itunes.apple.com/lookup?id=548143960&entity=song&limit=200&country=hk,False
apple-548143960,英皇鋼琴熱戀系列: 陳奕迅,instrumental,1,16,song,打得火熱 (純音樂),陳奕迅,2:34,153627,548144061,,https://music.apple.com/hk/album/%E6%89%93%E5%BE%97%E7%81%AB%E7%86%B1-%E7%B4%94%E9%9F%B3%E6%A8%82/548143960?i=548144061&uo=4,https://audio-ssl.itunes.apple.com/itunes-assets/AudioPreview115/v4/fb/06/78/fb06787e-bd0d-46c4-beb5-4f0e7540ec14/mzaf_16921477279741410148.plus.aac.p.m4a,Apple iTunes Search API,https://itunes.apple.com/lookup?id=548143960&entity=song&limit=200&country=hk,False
apple-548143960,英皇鋼琴熱戀系列: 陳奕迅,instrumental,1,17,song,單車 (純音樂),陳奕迅,3:19,198840,548144063,,https://music.apple.com/hk/album/%E5%96%AE%E8%BB%8A-%E7%B4%94%E9%9F%B3%E6%A8%82/548143960?i=548144063&uo=4,https://audio-ssl.itunes.apple.com/itunes-assets/AudioPreview125/v4/b1/fe/5c/b1fe5ce3-8f1e-f81e-21f0-2db5521a697c/mzaf_2765116954530993772.plus.aac.p.m4a,Apple iTunes Search API,https://itunes.apple.com/lookup?id=548143960&entity=song&limit=200&country=hk,False
apple-548143960,英皇鋼琴熱戀系列: 陳奕迅,instrumental,1,18,song,孤兒仔 (純音樂),陳奕迅,3:23,202947,548144064,,https://music.apple.com/hk/album/%E5%AD%A4%E5%85%92%E4%BB%94-%E7%B4%94%E9%9F%B3%E6%A8%82/548143960?i=548144064&uo=4,https://audio-ssl.itunes.apple.com/itunes-assets/AudioPreview115/v4/49/94/49/49944966-440c-67f7-98d4-44275fcc53c0/mzaf_10899537880925817060.plus.aac.p.m4a,Apple iTunes Search API,https://itunes.apple.com/lookup?id=548143960&entity=song&limit=200&country=hk,False
apple-548143960,英皇鋼琴熱戀系列: 陳奕迅,instrumental,1,19,song,少見不怪 (純音樂),陳奕迅,3:46,226027,548144065,,https://music.apple.com/hk/album/%E5%B0%91%E8%A6%8B%E4%B8%8D%E6%80%AA-%E7%B4%94%E9%9F%B3%E6%A8%82/548143960?i=548144065&uo=4,https://audio-ssl.itunes.apple.com/itunes-assets/AudioPreview125/v4/a2/2a/08/a22a0811-74b2-fee6-c02f-6a17db38a611/mzaf_11396370267345220956.plus.aac.p.m4a,Apple iTunes Search API,https://itunes.apple.com/lookup?id=548143960&entity=song&limit=200&country=hk,False
apple-548143960,英皇鋼琴熱戀系列: 陳奕迅,instrumental,1,20,song,他一個人 (純音樂),陳奕迅,4:14,254200,548144101,,https://music.apple.com/hk/album/%E4%BB%96%E4%B8%80%E5%80%8B%E4%BA%BA-%E7%B4%94%E9%9F%B3%E6%A8%82/548143960?i=548144101&uo=4,https://audio-ssl.itunes.apple.com/itunes-assets/AudioPreview115/v4/43/82/43/43824307-b1fc-2f02-15af-1feacabb5334/mzaf_5408704703597530368.plus.aac.p.m4a,Apple iTunes Search API,https://itunes.apple.com/lookup?id=548143960&entity=song&limit=200&country=hk,False
apple-1444401074,對不起 謝謝 (國) - Single,single,1,1,song,對不起 謝謝 (國),陳奕迅,4:22,261840,1444401075,,https://music.apple.com/hk/album/%E5%B0%8D%E4%B8%8D%E8%B5%B7-%E8%AC%9D%E8%AC%9D-%E5%9C%8B/1444401074?i=1444401075&uo=4,https://audio-ssl.itunes.apple.com/itunes-assets/AudioPreview115/v4/fc/a8/c8/fca8c860-3d9c-ba67-57b1-e77996154cdc/mzaf_396309988307389051.plus.aac.p.m4a,Apple iTunes Search API,https://itunes.apple.com/lookup?id=1444401074&entity=song&limit=200&country=hk,False
apple-1443938740,怎麼樣,studio,1,1,song,不能再等待,陳奕迅,3:30,209880,1443938805,,https://music.apple.com/hk/album/%E4%B8%8D%E8%83%BD%E5%86%8D%E7%AD%89%E5%BE%85/1443938740?i=1443938805&uo=4,https://audio-ssl.itunes.apple.com/itunes-assets/AudioPreview125/v4/fe/06/31/fe0631d6-40b1-001e-b188-4cc7141bc092/mzaf_10709548601262534198.plus.aac.p.m4a,Apple iTunes Search API,https://itunes.apple.com/lookup?id=1443938740&entity=song&limit=200&country=hk,False
apple-1443938740,怎麼樣,studio,1,2,song,對不起 謝謝,陳奕迅,4:22,261840,1443938808,,https://music.apple.com/hk/album/%E5%B0%8D%E4%B8%8D%E8%B5%B7-%E8%AC%9D%E8%AC%9D/1443938740?i=1443938808&uo=4,https://audio-ssl.itunes.apple.com/itunes-assets/AudioPreview125/v4/da/49/b1/da49b104-dd66-216c-1b05-e0fb364cb996/mzaf_541091839128531376.plus.aac.p.m4a,Apple iTunes Search API,https://itunes.apple.com/lookup?id=1443938740&entity=song&limit=200&country=hk,False
apple-1443938740,怎麼樣,studio,1,3,song,Hippie,陳奕迅,4:52,292000,,6e5630a2-93b2-4ef9-9720-b2c85e55e90b,https://musicbrainz.org/recording/6e5630a2-93b2-4ef9-9720-b2c85e55e90b,,MusicBrainz physical release metadata,https://musicbrainz.org/release/00dd1112-1ebc-4553-9e8c-2a17cf745e18,True
apple-1443938740,怎麼樣,studio,1,4,song,不然你要我怎麼樣,陳奕迅,4:53,292960,1443938813,,https://music.apple.com/hk/album/%E4%B8%8D%E7%84%B6%E4%BD%A0%E8%A6%81%E6%88%91%E6%80%8E%E9%BA%BC%E6%A8%A3/1443938740?i=1443938813&uo=4,https://audio-ssl.itunes.apple.com/itunes-assets/AudioPreview115/v4/58/bd/0c/58bd0cf1-f332-4880-ad6c-e15745f4babb/mzaf_14694141243793023888.plus.aac.p.m4a,Apple iTunes Search API,https://itunes.apple.com/lookup?id=1443938740&entity=song&limit=200&country=hk,False
apple-1443938740,怎麼樣,studio,1,5,song,不睡,陳奕迅,4:33,272680,1443938814,,https://music.apple.com/hk/album/%E4%B8%8D%E7%9D%A1/1443938740?i=1443938814&uo=4,https://audio-ssl.itunes.apple.com/itunes-assets/AudioPreview115/v4/f4/1c/3e/f41c3e98-669c-acab-4ee4-b0a9de4736ce/mzaf_16373359834691373456.plus.aac.p.m4a,Apple iTunes Search API,https://itunes.apple.com/lookup?id=1443938740&entity=song&limit=200&country=hk,False
apple-1443938740,怎麼樣,studio,1,6,song,一夜銷魂,陳奕迅,4:19,259040,1443938818,,https://music.apple.com/hk/album/%E4%B8%80%E5%A4%9C%E9%8A%B7%E9%AD%82/1443938740?i=1443938818&uo=4,https://audio-ssl.itunes.apple.com/itunes-assets/AudioPreview125/v4/9d/93/26/9d932659-d23e-f36d-9265-72113cf09e9a/mzaf_5114451494196507918.plus.aac.p.m4a,Apple iTunes Search API,https://itunes.apple.com/lookup?id=1443938740&entity=song&limit=200&country=hk,False
apple-1443938740,怎麼樣,studio,1,7,song,浮城,陳奕迅,3:44,223880,1443938819,,https://music.apple.com/hk/album/%E6%B5%AE%E5%9F%8E/1443938740?i=1443938819&uo=4,https://audio-ssl.itunes.apple.com/itunes-assets/AudioPreview125/v4/2f/91/15/2f9115f7-c574-60e6-566e-0a814f6b9eb1/mzaf_12338048023013324011.plus.aac.p.m4a,Apple iTunes Search API,https://itunes.apple.com/lookup?id=1443938740&entity=song&limit=200&country=hk,False
apple-1443938740,怎麼樣,studio,1,8,song,早開的長途班,陳奕迅,3:45,225427,1443938824,,https://music.apple.com/hk/album/%E6%97%A9%E9%96%8B%E7%9A%84%E9%95%B7%E9%80%94%E7%8F%AD/1443938740?i=1443938824&uo=4,https://audio-ssl.itunes.apple.com/itunes-assets/AudioPreview115/v4/23/c3/60/23c36021-3073-61ae-527d-fe14110adf25/mzaf_8348230645374458561.plus.aac.p.m4a,Apple iTunes Search API,https://itunes.apple.com/lookup?id=1443938740&entity=song&limit=200&country=hk,False
apple-1443938740,怎麼樣,studio,1,9,song,聽聽 (粵),陳奕迅,2:46,165720,1443939043,,https://music.apple.com/hk/album/%E8%81%BD%E8%81%BD-%E7%B2%B5/1443938740?i=1443939043&uo=4,https://audio-ssl.itunes.apple.com/itunes-assets/AudioPreview115/v4/cc/c8/db/ccc8dbc8-962d-e316-d521-2509e36c5f0f/mzaf_11988876676183625252.plus.aac.p.m4a,Apple iTunes Search API,https://itunes.apple.com/lookup?id=1443938740&entity=song&limit=200&country=hk,False
apple-1443938740,怎麼樣,studio,1,10,song,人神鬥 (粵),陳奕迅,4:42,281587,1443939045,,https://music.apple.com/hk/album/%E4%BA%BA%E7%A5%9E%E9%AC%A5-%E7%B2%B5/1443938740?i=1443939045&uo=4,https://audio-ssl.itunes.apple.com/itunes-assets/AudioPreview115/v4/7a/cc/43/7acc43a8-3e93-daa8-f5ac-45f6fef0aa65/mzaf_8419047762124650533.plus.aac.p.m4a,Apple iTunes Search API,https://itunes.apple.com/lookup?id=1443938740&entity=song&limit=200&country=hk,False
apple-542693388,Great 5000 Secs (新曲+精選),compilation,1,1,song,一切還好 (New),陳奕迅,4:58,298319,542693512,,https://music.apple.com/hk/album/%E4%B8%80%E5%88%87%E9%82%84%E5%A5%BD-new/542693388?i=542693512&uo=4,https://audio-ssl.itunes.apple.com/itunes-assets/AudioPreview125/v4/11/39/1d/11391db2-e30e-da05-a2e7-59b2a2ab6909/mzaf_6484777142701097261.plus.aac.p.m4a,Apple iTunes Search API,https://itunes.apple.com/lookup?id=542693388&entity=song&limit=200&country=hk,False
apple-542693388,Great 5000 Secs (新曲+精選),compilation,1,2,song,萬佛朝宗 (New),陳奕迅,4:53,293115,542693517,,https://music.apple.com/hk/album/%E8%90%AC%E4%BD%9B%E6%9C%9D%E5%AE%97-new/542693388?i=542693517&uo=4,https://audio-ssl.itunes.apple.com/itunes-assets/AudioPreview125/v4/5e/3b/c2/5e3bc264-f383-c286-176a-cd484c4f3e2e/mzaf_650987488477303047.plus.aac.p.m4a,Apple iTunes Search API,https://itunes.apple.com/lookup?id=542693388&entity=song&limit=200&country=hk,False
apple-542693388,Great 5000 Secs (新曲+精選),compilation,1,3,song,冤氣 (New),陳奕迅,4:24,264185,542693518,,https://music.apple.com/hk/album/%E5%86%A4%E6%B0%A3-new/542693388?i=542693518&uo=4,https://audio-ssl.itunes.apple.com/itunes-assets/AudioPreview115/v4/a1/4d/e4/a14de4c2-7499-bf0f-465d-fba969ef9296/mzaf_4512186000268460787.plus.aac.p.m4a,Apple iTunes Search API,https://itunes.apple.com/lookup?id=542693388&entity=song&limit=200&country=hk,False
apple-542693388,Great 5000 Secs (新曲+精選),compilation,1,4,song,歲月如歌,陳奕迅,3:28,207852,542693521,,https://music.apple.com/hk/album/%E6%AD%B2%E6%9C%88%E5%A6%82%E6%AD%8C/542693388?i=542693521&uo=4,https://audio-ssl.itunes.apple.com/itunes-assets/AudioPreview115/v4/b1/1b/f8/b11bf82c-b0ed-97fe-bdd4-f32f78f0099b/mzaf_16848585644160647438.plus.aac.p.m4a,Apple iTunes Search API,https://itunes.apple.com/lookup?id=542693388&entity=song&limit=200&country=hk,False
apple-542693388,Great 5000 Secs (新曲+精選),compilation,1,5,song,十面埋伏,陳奕迅,3:52,232133,542693522,,https://music.apple.com/hk/album/%E5%8D%81%E9%9D%A2%E5%9F%8B%E4%BC%8F/542693388?i=542693522&uo=4,https://audio-ssl.itunes.apple.com/itunes-assets/AudioPreview125/v4/a5/ff/42/a5ff42f1-28cc-50af-8810-e834599b4c73/mzaf_6507005620437610424.plus.aac.p.m4a,Apple iTunes Search API,https://itunes.apple.com/lookup?id=542693388&entity=song&limit=200&country=hk,False
apple-542693388,Great 5000 Secs (新曲+精選),compilation,1,6,song,明年今日,陳奕迅,3:26,206117,542693523,,https://music.apple.com/hk/album/%E6%98%8E%E5%B9%B4%E4%BB%8A%E6%97%A5/542693388?i=542693523&uo=4,https://audio-ssl.itunes.apple.com/itunes-assets/AudioPreview115/v4/80/38/48/80384831-d4ae-6ab6-6818-77a2f78df017/mzaf_9339963669514509547.plus.aac.p.m4a,Apple iTunes Search API,https://itunes.apple.com/lookup?id=542693388&entity=song&limit=200&country=hk,False
apple-542693388,Great 5000 Secs (新曲+精選),compilation,1,7,song,K歌之王,陳奕迅,3:42,222351,542693524,,https://music.apple.com/hk/album/k%E6%AD%8C%E4%B9%8B%E7%8E%8B/542693388?i=542693524&uo=4,https://audio-ssl.itunes.apple.com/itunes-assets/AudioPreview115/v4/81/0b/cc/810bcc46-d089-7058-7e4d-6d7613e55606/mzaf_9774677583456084151.plus.aac.p.m4a,Apple iTunes Search API,https://itunes.apple.com/lookup?id=542693388&entity=song&limit=200&country=hk,False
apple-542693388,Great 5000 Secs (新曲+精選),compilation,1,8,song,Shall We Talk,陳奕迅,3:47,227208,542693525,,https://music.apple.com/hk/album/shall-we-talk/542693388?i=542693525&uo=4,https://audio-ssl.itunes.apple.com/itunes-assets/AudioPreview125/v4/5a/c8/4c/5ac84ca6-febc-5de8-b2ef-4a5a5b5474b4/mzaf_5387436291683687193.plus.aac.p.m4a,Apple iTunes Search API,https://itunes.apple.com/lookup?id=542693388&entity=song&limit=200&country=hk,False
apple-542693388,Great 5000 Secs (新曲+精選),compilation,1,9,song,低等動物,陳奕迅,4:20,259884,542693526,,https://music.apple.com/hk/album/%E4%BD%8E%E7%AD%89%E5%8B%95%E7%89%A9/542693388?i=542693526&uo=4,https://audio-ssl.itunes.apple.com/itunes-assets/AudioPreview115/v4/cc/05/3b/cc053bea-6d78-2888-539a-e15f325e74da/mzaf_9036702230330338996.plus.aac.p.m4a,Apple iTunes Search API,https://itunes.apple.com/lookup?id=542693388&entity=song&limit=200&country=hk,False
apple-542693388,Great 5000 Secs (新曲+精選),compilation,1,10,song,打得火熱,陳奕迅,3:14,194115,542693527,,https://music.apple.com/hk/album/%E6%89%93%E5%BE%97%E7%81%AB%E7%86%B1/542693388?i=542693527&uo=4,https://audio-ssl.itunes.apple.com/itunes-assets/AudioPreview125/v4/f4/3b/e3/f43be37a-ff46-e89a-e6f6-ec97f724ebfd/mzaf_6281309887042394528.plus.aac.p.m4a,Apple iTunes Search API,https://itunes.apple.com/lookup?id=542693388&entity=song&limit=200&country=hk,False
apple-542693388,Great 5000 Secs (新曲+精選),compilation,1,11,song,單車,陳奕迅,3:31,211251,542693528,,https://music.apple.com/hk/album/%E5%96%AE%E8%BB%8A/542693388?i=542693528&uo=4,https://audio-ssl.itunes.apple.com/itunes-assets/AudioPreview125/v4/4b/8e/19/4b8e19a3-a313-850e-5ed2-a7447768de6a/mzaf_3025244624174185868.plus.aac.p.m4a,Apple iTunes Search API,https://itunes.apple.com/lookup?id=542693388&entity=song&limit=200&country=hk,False
apple-542693388,Great 5000 Secs (新曲+精選),compilation,1,12,song,孤獨探戈,陳奕迅,3:26,206256,542693529,,https://music.apple.com/hk/album/%E5%AD%A4%E7%8D%A8%E6%8E%A2%E6%88%88/542693388?i=542693529&uo=4,https://audio-ssl.itunes.apple.com/itunes-assets/AudioPreview125/v4/35/69/9f/35699f98-5e30-655a-52fb-3742fa30c0bf/mzaf_17295055341214813430.plus.aac.p.m4a,Apple iTunes Search API,https://itunes.apple.com/lookup?id=542693388&entity=song&limit=200&country=hk,False
apple-542693388,Great 5000 Secs (新曲+精選),compilation,1,13,song,天使的禮物,陳奕迅,3:23,202926,542693530,,https://music.apple.com/hk/album/%E5%A4%A9%E4%BD%BF%E7%9A%84%E7%A6%AE%E7%89%A9/542693388?i=542693530&uo=4,https://audio-ssl.itunes.apple.com/itunes-assets/AudioPreview125/v4/49/61/65/496165af-816a-7148-a61f-b5ffb54b5395/mzaf_16616772708409885367.plus.aac.p.m4a,Apple iTunes Search API,https://itunes.apple.com/lookup?id=542693388&entity=song&limit=200&country=hk,False
apple-542693388,Great 5000 Secs (新曲+精選),compilation,1,14,song,人工智能,陳奕迅,3:42,222282,542693531,,https://music.apple.com/hk/album/%E4%BA%BA%E5%B7%A5%E6%99%BA%E8%83%BD/542693388?i=542693531&uo=4,https://audio-ssl.itunes.apple.com/itunes-assets/AudioPreview125/v4/94/1c/5c/941c5caa-7cfc-c35c-4167-5f9417d81acd/mzaf_6389911245861862135.plus.aac.p.m4a,Apple iTunes Search API,https://itunes.apple.com/lookup?id=542693388&entity=song&limit=200&country=hk,False
apple-542693388,Great 5000 Secs (新曲+精選),compilation,1,15,song,他一個人,陳奕迅,4:25,264532,542693535,,https://music.apple.com/hk/album/%E4%BB%96%E4%B8%80%E5%80%8B%E4%BA%BA/542693388?i=542693535&uo=4,https://audio-ssl.itunes.apple.com/itunes-assets/AudioPreview125/v4/34/8a/9c/348a9cda-8cf3-dde0-8371-d5872f7a8171/mzaf_13607740435395906163.plus.aac.p.m4a,Apple iTunes Search API,https://itunes.apple.com/lookup?id=542693388&entity=song&limit=200&country=hk,False
apple-542693388,Great 5000 Secs (新曲+精選),compilation,1,16,song,呀邊個邊個,陳奕迅,3:06,185998,542693537,,https://music.apple.com/hk/album/%E5%91%80%E9%82%8A%E5%80%8B%E9%82%8A%E5%80%8B/542693388?i=542693537&uo=4,https://audio-ssl.itunes.apple.com/itunes-assets/AudioPreview125/v4/ea/af/2f/eaaf2f57-bdb1-47b9-c634-1e3122587053/mzaf_13028501908126513157.plus.aac.p.m4a,Apple iTunes Search API,https://itunes.apple.com/lookup?id=542693388&entity=song&limit=200&country=hk,False
apple-542693388,Great 5000 Secs (新曲+精選),compilation,1,17,song,人來人往,陳奕迅,3:55,234770,542693538,,https://music.apple.com/hk/album/%E4%BA%BA%E4%BE%86%E4%BA%BA%E5%BE%80/542693388?i=542693538&uo=4,https://audio-ssl.itunes.apple.com/itunes-assets/AudioPreview115/v4/a7/32/41/a732414a-2309-a8d7-dc66-dbb8d7f69a5c/mzaf_14887874194862114863.plus.aac.p.m4a,Apple iTunes Search API,https://itunes.apple.com/lookup?id=542693388&entity=song&limit=200&country=hk,False
apple-542693388,Great 5000 Secs (新曲+精選),compilation,1,18,song,綿綿,陳奕迅,4:04,244066,542693539,,https://music.apple.com/hk/album/%E7%B6%BF%E7%B6%BF/542693388?i=542693539&uo=4,https://audio-ssl.itunes.apple.com/itunes-assets/AudioPreview115/v4/a6/10/35/a61035a6-d0fc-8569-df26-6e9a76aa5858/mzaf_8871612063223942944.plus.aac.p.m4a,Apple iTunes Search API,https://itunes.apple.com/lookup?id=542693388&entity=song&limit=200&country=hk,False
apple-542698905,"Great 5000 Secs, Vol. 2 (新曲+精選)",compilation,1,1,song,八里公路,陳奕迅,4:50,290453,542698906,,https://music.apple.com/hk/album/%E5%85%AB%E9%87%8C%E5%85%AC%E8%B7%AF/542698905?i=542698906&uo=4,https://audio-ssl.itunes.apple.com/itunes-assets/AudioPreview115/v4/9c/d2/75/9cd2758b-0388-b2d2-5333-0b94302bdbaa/mzaf_15560119737530417736.plus.aac.p.m4a,Apple iTunes Search API,https://itunes.apple.com/lookup?id=542698905&entity=song&limit=200&country=hk,False
apple-542698905,"Great 5000 Secs, Vol. 2 (新曲+精選)",compilation,1,2,song,放下來,陳奕迅,3:14,193800,542698949,,https://music.apple.com/hk/album/%E6%94%BE%E4%B8%8B%E4%BE%86/542698905?i=542698949&uo=4,https://audio-ssl.itunes.apple.com/itunes-assets/AudioPreview115/v4/18/1f/82/181f8237-99df-be0f-4abe-d5ebf343f26e/mzaf_2811208297102209173.plus.aac.p.m4a,Apple iTunes Search API,https://itunes.apple.com/lookup?id=542698905&entity=song&limit=200&country=hk,False
apple-542698905,"Great 5000 Secs, Vol. 2 (新曲+精選)",compilation,1,3,song,開不了心,陳奕迅,4:39,279387,542698950,,https://music.apple.com/hk/album/%E9%96%8B%E4%B8%8D%E4%BA%86%E5%BF%83/542698905?i=542698950&uo=4,https://audio-ssl.itunes.apple.com/itunes-assets/AudioPreview115/v4/8f/c4/85/8fc485f9-a758-f041-4f7c-b7a1b0157864/mzaf_5999960445870764339.plus.aac.p.m4a,Apple iTunes Search API,https://itunes.apple.com/lookup?id=542698905&entity=song&limit=200&country=hk,False
apple-542698905,"Great 5000 Secs, Vol. 2 (新曲+精選)",compilation,1,4,song,打回原形,陳奕迅,4:11,250934,542698951,,https://music.apple.com/hk/album/%E6%89%93%E5%9B%9E%E5%8E%9F%E5%BD%A2/542698905?i=542698951&uo=4,https://audio-ssl.itunes.apple.com/itunes-assets/AudioPreview125/v4/6c/1c/81/6c1c818e-8e44-693a-3877-148a7dca6898/mzaf_5750842864942852979.plus.aac.p.m4a,Apple iTunes Search API,https://itunes.apple.com/lookup?id=542698905&entity=song&limit=200&country=hk,False
apple-542698905,"Great 5000 Secs, Vol. 2 (新曲+精選)",compilation,1,5,song,忘記歌詞,陳奕迅,3:34,213887,542698952,,https://music.apple.com/hk/album/%E5%BF%98%E8%A8%98%E6%AD%8C%E8%A9%9E/542698905?i=542698952&uo=4,https://audio-ssl.itunes.apple.com/itunes-assets/AudioPreview125/v4/87/59/df/8759dfce-5581-fa09-b57d-ba80b9df989a/mzaf_15207911437427932676.plus.aac.p.m4a,Apple iTunes Search API,https://itunes.apple.com/lookup?id=542698905&entity=song&limit=200&country=hk,False
apple-542698905,"Great 5000 Secs, Vol. 2 (新曲+精選)",compilation,1,6,song,給愛麗斯,陳奕迅,3:31,210904,542698953,,https://music.apple.com/hk/album/%E7%B5%A6%E6%84%9B%E9%BA%97%E6%96%AF/542698905?i=542698953&uo=4,https://audio-ssl.itunes.apple.com/itunes-assets/AudioPreview115/v4/42/c6/1f/42c61f55-d618-1c96-d9fd-febd6d9fdb51/mzaf_4556396477335436241.plus.aac.p.m4a,Apple iTunes Search API,https://itunes.apple.com/lookup?id=542698905&entity=song&limit=200&country=hk,False
apple-542698905,"Great 5000 Secs, Vol. 2 (新曲+精選)",compilation,1,7,song,Katrina,陳奕迅,3:51,230815,542698954,,https://music.apple.com/hk/album/katrina/542698905?i=542698954&uo=4,https://audio-ssl.itunes.apple.com/itunes-assets/AudioPreview125/v4/23/50/92/235092e8-368b-3596-cd42-663f7505f884/mzaf_15540702278905344092.plus.aac.p.m4a,Apple iTunes Search API,https://itunes.apple.com/lookup?id=542698905&entity=song&limit=200&country=hk,False
apple-542698905,"Great 5000 Secs, Vol. 2 (新曲+精選)",compilation,1,8,song,幸災樂禍,陳奕迅,3:26,206256,542698955,,https://music.apple.com/hk/album/%E5%B9%B8%E7%81%BD%E6%A8%82%E7%A6%8D/542698905?i=542698955&uo=4,https://audio-ssl.itunes.apple.com/itunes-assets/AudioPreview125/v4/3c/42/a4/3c42a4f4-9a43-b5e3-c139-488c9802ea46/mzaf_14475763242056528350.plus.aac.p.m4a,Apple iTunes Search API,https://itunes.apple.com/lookup?id=542698905&entity=song&limit=200&country=hk,False
apple-542698905,"Great 5000 Secs, Vol. 2 (新曲+精選)",compilation,1,9,song,猜情尋,陳奕迅,4:07,246841,542698956,,https://music.apple.com/hk/album/%E7%8C%9C%E6%83%85%E5%B0%8B/542698905?i=542698956&uo=4,https://audio-ssl.itunes.apple.com/itunes-assets/AudioPreview125/v4/57/5e/ad/575ead73-f703-479a-6ac3-0b54f99bdb33/mzaf_8114755848456978100.plus.aac.p.m4a,Apple iTunes Search API,https://itunes.apple.com/lookup?id=542698905&entity=song&limit=200&country=hk,False
apple-542698905,"Great 5000 Secs, Vol. 2 (新曲+精選)",compilation,1,10,song,Lonely Christmas,陳奕迅,4:40,280211,542698957,,https://music.apple.com/hk/album/lonely-christmas/542698905?i=542698957&uo=4,https://audio-ssl.itunes.apple.com/itunes-assets/AudioPreview115/v4/a5/6b/83/a56b83ea-638a-5793-62ae-a63d3d740f93/mzaf_17508764603537744603.plus.aac.p.m4a,Apple iTunes Search API,https://itunes.apple.com/lookup?id=542698905&entity=song&limit=200&country=hk,False
apple-542698905,"Great 5000 Secs, Vol. 2 (新曲+精選)",compilation,1,11,song,阿士匹靈,陳奕迅,3:47,227277,542698958,,https://music.apple.com/hk/album/%E9%98%BF%E5%A3%AB%E5%8C%B9%E9%9D%88/542698905?i=542698958&uo=4,https://audio-ssl.itunes.apple.com/itunes-assets/AudioPreview125/v4/14/8d/88/148d889e-d841-2c42-87ac-1df0fdf59414/mzaf_12231306763318729971.plus.aac.p.m4a,Apple iTunes Search API,https://itunes.apple.com/lookup?id=542698905&entity=song&limit=200&country=hk,False
apple-542698905,"Great 5000 Secs, Vol. 2 (新曲+精選)",compilation,1,12,song,1874,陳奕迅,3:50,230191,542698959,,https://music.apple.com/hk/album/1874/542698905?i=542698959&uo=4,https://audio-ssl.itunes.apple.com/itunes-assets/AudioPreview115/v4/54/70/3b/54703b48-b423-d60e-18e8-96a2d9bf542a/mzaf_5523668891424230784.plus.aac.p.m4a,Apple iTunes Search API,https://itunes.apple.com/lookup?id=542698905&entity=song&limit=200&country=hk,False
apple-542698905,"Great 5000 Secs, Vol. 2 (新曲+精選)",compilation,1,13,song,2001 太空漫遊,陳奕迅,3:58,238239,542698960,,https://music.apple.com/hk/album/2001-%E5%A4%AA%E7%A9%BA%E6%BC%AB%E9%81%8A/542698905?i=542698960&uo=4,https://audio-ssl.itunes.apple.com/itunes-assets/AudioPreview125/v4/fe/0d/91/fe0d91c6-ae3c-f685-796e-536ca025b4a6/mzaf_7239344646640891279.plus.aac.p.m4a,Apple iTunes Search API,https://itunes.apple.com/lookup?id=542698905&entity=song&limit=200&country=hk,False
apple-542698905,"Great 5000 Secs, Vol. 2 (新曲+精選)",compilation,1,14,song,King Kong,陳奕迅,3:24,203620,542698961,,https://music.apple.com/hk/album/king-kong/542698905?i=542698961&uo=4,https://audio-ssl.itunes.apple.com/itunes-assets/AudioPreview115/v4/f1/80/0f/f1800f05-6d79-b544-8a24-21610d549192/mzaf_366959351448001173.plus.aac.p.m4a,Apple iTunes Search API,https://itunes.apple.com/lookup?id=542698905&entity=song&limit=200&country=hk,False
apple-542698905,"Great 5000 Secs, Vol. 2 (新曲+精選)",compilation,1,15,song,第一類接觸,陳奕迅,2:59,178644,542698962,,https://music.apple.com/hk/album/%E7%AC%AC%E4%B8%80%E9%A1%9E%E6%8E%A5%E8%A7%B8/542698905?i=542698962&uo=4,https://audio-ssl.itunes.apple.com/itunes-assets/AudioPreview125/v4/09/e8/87/09e887a1-8ad9-cd6d-c693-03ec34c5f4a9/mzaf_17163316983485756687.plus.aac.p.m4a,Apple iTunes Search API,https://itunes.apple.com/lookup?id=542698905&entity=song&limit=200&country=hk,False
apple-542698905,"Great 5000 Secs, Vol. 2 (新曲+精選)",compilation,1,16,song,衝口而出,陳奕迅,3:33,213124,542698966,,https://music.apple.com/hk/album/%E8%A1%9D%E5%8F%A3%E8%80%8C%E5%87%BA/542698905?i=542698966&uo=4,https://audio-ssl.itunes.apple.com/itunes-assets/AudioPreview115/v4/b7/af/7d/b7af7dae-c4cd-cec0-7d43-f3308b33c362/mzaf_9237532846828222487.plus.aac.p.m4a,Apple iTunes Search API,https://itunes.apple.com/lookup?id=542698905&entity=song&limit=200&country=hk,False
apple-542698905,"Great 5000 Secs, Vol. 2 (新曲+精選)",compilation,1,17,song,熱帶雨林,陳奕迅,4:18,258080,542698967,,https://music.apple.com/hk/album/%E7%86%B1%E5%B8%B6%E9%9B%A8%E6%9E%97/542698905?i=542698967&uo=4,https://audio-ssl.itunes.apple.com/itunes-assets/AudioPreview125/v4/f5/4c/b4/f54cb4fb-87a6-bfc2-c770-c4d9e1cdd34e/mzaf_10533725784376407336.plus.aac.p.m4a,Apple iTunes Search API,https://itunes.apple.com/lookup?id=542698905&entity=song&limit=200&country=hk,False
apple-1443374875,U 87,studio,1,1,song,爛,陳奕迅,4:16,256027,1443374996,,https://music.apple.com/hk/album/%E7%88%9B/1443374875?i=1443374996&uo=4,https://audio-ssl.itunes.apple.com/itunes-assets/AudioPreview221/v4/41/3c/cc/413ccc00-aa40-102f-a6d3-4f00c43db54b/mzaf_14928558190492882557.plus.aac.p.m4a,Apple iTunes Search API,https://itunes.apple.com/lookup?id=1443374875&entity=song&limit=200&country=hk,False
apple-1443374875,U 87,studio,1,2,song,阿牛,陳奕迅,3:22,202040,1443375157,,https://music.apple.com/hk/album/%E9%98%BF%E7%89%9B/1443374875?i=1443375157&uo=4,https://audio-ssl.itunes.apple.com/itunes-assets/AudioPreview211/v4/a9/89/88/a9898869-9ac1-c207-16fc-102eeeea23ac/mzaf_8687609111723724619.plus.aac.p.m4a,Apple iTunes Search API,https://itunes.apple.com/lookup?id=1443374875&entity=song&limit=200&country=hk,False
apple-1443374875,U 87,studio,1,3,song,夕陽無限好,陳奕迅,4:04,244253,1443375265,,https://music.apple.com/hk/album/%E5%A4%95%E9%99%BD%E7%84%A1%E9%99%90%E5%A5%BD/1443374875?i=1443375265&uo=4,https://audio-ssl.itunes.apple.com/itunes-assets/AudioPreview211/v4/74/33/6f/74336fb6-4fb5-5018-c8f1-4b7cfcf53781/mzaf_6444813244565180853.plus.aac.p.m4a,Apple iTunes Search API,https://itunes.apple.com/lookup?id=1443374875&entity=song&limit=200&country=hk,False
apple-1443374875,U 87,studio,1,4,song,16月6日晴,陳奕迅,3:43,223467,1443375373,,https://music.apple.com/hk/album/16%E6%9C%886%E6%97%A5%E6%99%B4/1443374875?i=1443375373&uo=4,https://audio-ssl.itunes.apple.com/itunes-assets/AudioPreview211/v4/61/9f/03/619f03c0-629f-bf66-b564-538d957d99a2/mzaf_3619382633578889522.plus.aac.p.m4a,Apple iTunes Search API,https://itunes.apple.com/lookup?id=1443374875&entity=song&limit=200&country=hk,False
apple-1443374875,U 87,studio,1,5,song,浮誇,陳奕迅,4:44,283520,1443375396,,https://music.apple.com/hk/album/%E6%B5%AE%E8%AA%87/1443374875?i=1443375396&uo=4,https://audio-ssl.itunes.apple.com/itunes-assets/AudioPreview211/v4/cb/11/a2/cb11a2f0-68ab-2a3b-ebb0-3a653a89ee84/mzaf_8788886497054629205.plus.aac.p.m4a,Apple iTunes Search API,https://itunes.apple.com/lookup?id=1443374875&entity=song&limit=200&country=hk,False
apple-1443374875,U 87,studio,1,6,song,葡萄成熟時,陳奕迅,4:37,277040,1443375474,,https://music.apple.com/hk/album/%E8%91%A1%E8%90%84%E6%88%90%E7%86%9F%E6%99%82/1443374875?i=1443375474&uo=4,https://audio-ssl.itunes.apple.com/itunes-assets/AudioPreview211/v4/16/97/d7/1697d735-4c90-8261-b52a-5766cb021d3d/mzaf_13828170885342169415.plus.aac.p.m4a,Apple iTunes Search API,https://itunes.apple.com/lookup?id=1443374875&entity=song&limit=200&country=hk,False
apple-1443374875,U 87,studio,1,7,song,三個人的探戈,陳奕迅,3:17,197320,1443375611,,https://music.apple.com/hk/album/%E4%B8%89%E5%80%8B%E4%BA%BA%E7%9A%84%E6%8E%A2%E6%88%88/1443374875?i=1443375611&uo=4,https://audio-ssl.itunes.apple.com/itunes-assets/AudioPreview211/v4/cc/82/4b/cc824b5c-28fa-760f-fd20-f607c63e420a/mzaf_3593367222512842266.plus.aac.p.m4a,Apple iTunes Search API,https://itunes.apple.com/lookup?id=1443374875&entity=song&limit=200&country=hk,False
apple-1443374875,U 87,studio,1,8,song,不良嗜好,陳奕迅,3:37,216613,1443375621,,https://music.apple.com/hk/album/%E4%B8%8D%E8%89%AF%E5%97%9C%E5%A5%BD/1443374875?i=1443375621&uo=4,https://audio-ssl.itunes.apple.com/itunes-assets/AudioPreview211/v4/61/ea/50/61ea5027-609b-6d88-ffdf-42a98c7496c9/mzaf_14800377566512118302.plus.aac.p.m4a,Apple iTunes Search API,https://itunes.apple.com/lookup?id=1443374875&entity=song&limit=200&country=hk,False
apple-1443374875,U 87,studio,1,9,song,怕死,陳奕迅,4:14,253680,1443375628,,https://music.apple.com/hk/album/%E6%80%95%E6%AD%BB/1443374875?i=1443375628&uo=4,https://audio-ssl.itunes.apple.com/itunes-assets/AudioPreview221/v4/85/4e/4f/854e4f7a-62ec-94b5-4bb1-ad33d10c5cb5/mzaf_16632491351579055704.plus.aac.p.m4a,Apple iTunes Search API,https://itunes.apple.com/lookup?id=1443374875&entity=song&limit=200&country=hk,False
apple-1443374875,U 87,studio,1,10,song,大個女,陳奕迅,3:57,236533,1443375635,,https://music.apple.com/hk/album/%E5%A4%A7%E5%80%8B%E5%A5%B3/1443374875?i=1443375635&uo=4,https://audio-ssl.itunes.apple.com/itunes-assets/AudioPreview221/v4/9e/ff/84/9eff8476-7463-dccf-6380-7dc4a1545739/mzaf_2049147237953325827.plus.aac.p.m4a,Apple iTunes Search API,https://itunes.apple.com/lookup?id=1443374875&entity=song&limit=200&country=hk,False
apple-1443374875,U 87,studio,1,11,song,新美人主義 (國),陳奕迅,3:36,215600,1443375821,,https://music.apple.com/hk/album/%E6%96%B0%E7%BE%8E%E4%BA%BA%E4%B8%BB%E7%BE%A9-%E5%9C%8B/1443374875?i=1443375821&uo=4,https://audio-ssl.itunes.apple.com/itunes-assets/AudioPreview211/v4/2b/ee/79/2bee794e-0be5-07da-7ffc-22b611912fad/mzaf_7954080177339261069.plus.aac.p.m4a,Apple iTunes Search API,https://itunes.apple.com/lookup?id=1443374875&entity=song&limit=200&country=hk,False
apple-1443374875,U 87,studio,1,12,song,遇見了你 (國),陳奕迅,4:13,252787,1443375830,,https://music.apple.com/hk/album/%E9%81%87%E8%A6%8B%E4%BA%86%E4%BD%A0-%E5%9C%8B/1443374875?i=1443375830&uo=4,https://audio-ssl.itunes.apple.com/itunes-assets/AudioPreview211/v4/c9/da/5e/c9da5eba-5261-8c15-53e6-8d1741ae76ae/mzaf_7250437392779528148.plus.aac.p.m4a,Apple iTunes Search API,https://itunes.apple.com/lookup?id=1443374875&entity=song&limit=200&country=hk,False
apple-1442912707,Life Continues,ep,1,1,song,低調,陳奕迅,3:50,229827,1442912975,,https://music.apple.com/hk/album/%E4%BD%8E%E8%AA%BF/1442912707?i=1442912975&uo=4,https://audio-ssl.itunes.apple.com/itunes-assets/AudioPreview211/v4/08/83/a9/0883a98d-d8b9-3ef5-eeae-6dc3369baba7/mzaf_15698725641021142579.plus.aac.p.m4a,Apple iTunes Search API,https://itunes.apple.com/lookup?id=1442912707&entity=song&limit=200&country=hk,False
apple-1442912707,Life Continues,ep,1,2,song,人車誌,陳奕迅,4:10,249747,1442913152,,https://music.apple.com/hk/album/%E4%BA%BA%E8%BB%8A%E8%AA%8C/1442912707?i=1442913152&uo=4,https://audio-ssl.itunes.apple.com/itunes-assets/AudioPreview211/v4/c3/50/ff/c350ff49-291e-549c-5a5f-43b73813ae04/mzaf_12609296888519479133.plus.aac.p.m4a,Apple iTunes Search API,https://itunes.apple.com/lookup?id=1442912707&entity=song&limit=200&country=hk,False
apple-1442912707,Life Continues,ep,1,3,song,最佳損友,陳奕迅,3:54,233560,1442913348,,https://music.apple.com/hk/album/%E6%9C%80%E4%BD%B3%E6%90%8D%E5%8F%8B/1442912707?i=1442913348&uo=4,https://audio-ssl.itunes.apple.com/itunes-assets/AudioPreview221/v4/b6/66/df/b666df56-39c9-3cd1-cd2e-2881b2ca9b79/mzaf_17358562237749671714.plus.aac.p.m4a,Apple iTunes Search API,https://itunes.apple.com/lookup?id=1442912707&entity=song&limit=200&country=hk,False
apple-1442912707,Life Continues,ep,1,4,song,暴殄天物,陳奕迅,3:31,210667,1442913362,,https://music.apple.com/hk/album/%E6%9A%B4%E6%AE%84%E5%A4%A9%E7%89%A9/1442912707?i=1442913362&uo=4,https://audio-ssl.itunes.apple.com/itunes-assets/AudioPreview211/v4/de/d7/71/ded77128-223e-16af-1f77-d82cb7fa864e/mzaf_7860641897644884599.plus.aac.p.m4a,Apple iTunes Search API,https://itunes.apple.com/lookup?id=1442912707&entity=song&limit=200&country=hk,False
apple-1442912707,Life Continues,ep,1,5,song,落花流水,陳奕迅,3:58,237533,1442913410,,https://music.apple.com/hk/album/%E8%90%BD%E8%8A%B1%E6%B5%81%E6%B0%B4/1442912707?i=1442913410&uo=4,https://audio-ssl.itunes.apple.com/itunes-assets/AudioPreview221/v4/59/07/b5/5907b5ad-d106-31af-b594-80e8192395b6/mzaf_460696150848561563.plus.aac.p.m4a,Apple iTunes Search API,https://itunes.apple.com/lookup?id=1442912707&entity=song&limit=200&country=hk,False
apple-1442912707,Life Continues,ep,1,6,song,大得太快,陳奕迅,2:29,149440,1442913416,,https://music.apple.com/hk/album/%E5%A4%A7%E5%BE%97%E5%A4%AA%E5%BF%AB/1442912707?i=1442913416&uo=4,https://audio-ssl.itunes.apple.com/itunes-assets/AudioPreview211/v4/2a/07/56/2a0756d6-841e-fec6-caf6-48d060019f4f/mzaf_12348705154076796895.plus.aac.p.m4a,Apple iTunes Search API,https://itunes.apple.com/lookup?id=1442912707&entity=song&limit=200&country=hk,False
apple-1442912707,Life Continues,ep,1,7,song,想聽,陳奕迅,3:27,207173,1442913418,,https://music.apple.com/hk/album/%E6%83%B3%E8%81%BD/1442912707?i=1442913418&uo=4,https://audio-ssl.itunes.apple.com/itunes-assets/AudioPreview211/v4/b4/f2/cc/b4f2cc10-7e28-b4f4-7bcd-b1580561ae58/mzaf_11221905464035093745.plus.aac.p.m4a,Apple iTunes Search API,https://itunes.apple.com/lookup?id=1442912707&entity=song&limit=200&country=hk,False
apple-1443345687,What's Going On...?,studio,1,1,song,裙下之臣,陳奕迅,4:25,264507,1443345839,,https://music.apple.com/hk/album/%E8%A3%99%E4%B8%8B%E4%B9%8B%E8%87%A3/1443345687?i=1443345839&uo=4,https://audio-ssl.itunes.apple.com/itunes-assets/AudioPreview211/v4/dd/f7/4c/ddf74c0d-e8c6-4815-f3c9-8feb303021c1/mzaf_4347578767513413745.plus.aac.p.m4a,Apple iTunes Search API,https://itunes.apple.com/lookup?id=1443345687&entity=song&limit=200&country=hk,False
apple-1443345687,What's Going On...?,studio,1,2,song,最後的嬉皮士,陳奕迅,3:33,212667,1443346010,,https://music.apple.com/hk/album/%E6%9C%80%E5%BE%8C%E7%9A%84%E5%AC%89%E7%9A%AE%E5%A3%AB/1443345687?i=1443346010&uo=4,https://audio-ssl.itunes.apple.com/itunes-assets/AudioPreview211/v4/a5/1a/63/a51a6378-0c6f-16f1-4232-f4d503e11842/mzaf_16972926787969639200.plus.aac.p.m4a,Apple iTunes Search API,https://itunes.apple.com/lookup?id=1443345687&entity=song&limit=200&country=hk,False
apple-1443345687,What's Going On...?,studio,1,3,song,白玫瑰,陳奕迅,4:00,240173,1443346022,,https://music.apple.com/hk/album/%E7%99%BD%E7%8E%AB%E7%91%B0/1443345687?i=1443346022&uo=4,https://audio-ssl.itunes.apple.com/itunes-assets/AudioPreview211/v4/44/13/b1/4413b132-6f00-6f70-b508-af9ff9dd9928/mzaf_12498966791403054879.plus.aac.p.m4a,Apple iTunes Search API,https://itunes.apple.com/lookup?id=1443345687&entity=song&limit=200&country=hk,False
apple-1443345687,What's Going On...?,studio,1,4,song,黑擇明,陳奕迅,4:34,274480,1443346095,,https://music.apple.com/hk/album/%E9%BB%91%E6%93%87%E6%98%8E/1443345687?i=1443346095&uo=4,https://audio-ssl.itunes.apple.com/itunes-assets/AudioPreview211/v4/3e/da/46/3eda46d6-fffd-4c15-e815-b28e9ce80f35/mzaf_15151899567293895149.plus.aac.p.m4a,Apple iTunes Search API,https://itunes.apple.com/lookup?id=1443345687&entity=song&limit=200&country=hk,False
apple-1443345687,What's Going On...?,studio,1,5,song,富士山下,陳奕迅,4:19,259133,1443346107,,https://music.apple.com/hk/album/%E5%AF%8C%E5%A3%AB%E5%B1%B1%E4%B8%8B/1443345687?i=1443346107&uo=4,https://audio-ssl.itunes.apple.com/itunes-assets/AudioPreview211/v4/66/2d/72/662d7254-49b7-a34f-dcf8-5a06bd0156eb/mzaf_7144034984817217622.plus.aac.p.m4a,Apple iTunes Search API,https://itunes.apple.com/lookup?id=1443345687&entity=song&limit=200&country=hk,False
apple-1443345687,What's Going On...?,studio,1,6,song,不如不見,陳奕迅,4:10,249667,1443346242,,https://music.apple.com/hk/album/%E4%B8%8D%E5%A6%82%E4%B8%8D%E8%A6%8B/1443345687?i=1443346242&uo=4,https://audio-ssl.itunes.apple.com/itunes-assets/AudioPreview221/v4/f9/40/46/f9404645-cdb6-88ea-7fd9-51ed48f14b4c/mzaf_11404224415185417147.plus.aac.p.m4a,Apple iTunes Search API,https://itunes.apple.com/lookup?id=1443345687&entity=song&limit=200&country=hk,False
apple-1443345687,What's Going On...?,studio,1,7,song,心深傷透,陳奕迅,4:11,250680,1443346274,,https://music.apple.com/hk/album/%E5%BF%83%E6%B7%B1%E5%82%B7%E9%80%8F/1443345687?i=1443346274&uo=4,https://audio-ssl.itunes.apple.com/itunes-assets/AudioPreview221/v4/55/4a/5f/554a5ffe-201e-e02e-4e24-501db3e1daca/mzaf_10935688491645496226.plus.aac.p.m4a,Apple iTunes Search API,https://itunes.apple.com/lookup?id=1443345687&entity=song&limit=200&country=hk,False
apple-1443345687,What's Going On...?,studio,1,8,song,解藥,陳奕迅,4:12,252013,1443346280,,https://music.apple.com/hk/album/%E8%A7%A3%E8%97%A5/1443345687?i=1443346280&uo=4,https://audio-ssl.itunes.apple.com/itunes-assets/AudioPreview211/v4/5a/92/7c/5a927c4c-7fac-6a8c-da20-4096101aeff8/mzaf_13068868077768048888.plus.aac.p.m4a,Apple iTunes Search API,https://itunes.apple.com/lookup?id=1443345687&entity=song&limit=200&country=hk,False
apple-1443345687,What's Going On...?,studio,1,9,song,天公地道,陳奕迅,4:06,245507,1443346285,,https://music.apple.com/hk/album/%E5%A4%A9%E5%85%AC%E5%9C%B0%E9%81%93/1443345687?i=1443346285&uo=4,https://audio-ssl.itunes.apple.com/itunes-assets/AudioPreview211/v4/14/02/10/140210a7-fc1d-8115-6d49-21756f0edfd6/mzaf_6913388011018144977.plus.aac.p.m4a,Apple iTunes Search API,https://itunes.apple.com/lookup?id=1443345687&entity=song&limit=200&country=hk,False
apple-1443345687,What's Going On...?,studio,1,10,song,粵語殘片,陳奕迅,4:36,276147,1443346289,,https://music.apple.com/hk/album/%E7%B2%B5%E8%AA%9E%E6%AE%98%E7%89%87/1443345687?i=1443346289&uo=4,https://audio-ssl.itunes.apple.com/itunes-assets/AudioPreview221/v4/30/fb/bb/30fbbba0-650e-e2ff-a5ae-810011d51033/mzaf_17152850955280574984.plus.aac.p.m4a,Apple iTunes Search API,https://itunes.apple.com/lookup?id=1443345687&entity=song&limit=200&country=hk,False
apple-1443368631,正東10X10我至愛唱片 - U87,studio,1,1,song,爛,陳奕迅,4:19,258520,1443368751,,https://music.apple.com/hk/album/%E7%88%9B/1443368631?i=1443368751&uo=4,https://audio-ssl.itunes.apple.com/itunes-assets/AudioPreview125/v4/b8/75/76/b87576da-05e9-78c9-10fa-254277070a8a/mzaf_9452114479140862760.plus.aac.p.m4a,Apple iTunes Search API,https://itunes.apple.com/lookup?id=1443368631&entity=song&limit=200&country=hk,False
apple-1443368631,正東10X10我至愛唱片 - U87,studio,1,2,song,阿牛,陳奕迅,3:22,202040,1443368769,,https://music.apple.com/hk/album/%E9%98%BF%E7%89%9B/1443368631?i=1443368769&uo=4,https://audio-ssl.itunes.apple.com/itunes-assets/AudioPreview125/v4/67/b9/e1/67b9e1db-a027-9153-3660-84c2473e0336/mzaf_16649880117171968233.plus.aac.p.m4a,Apple iTunes Search API,https://itunes.apple.com/lookup?id=1443368631&entity=song&limit=200&country=hk,False
apple-1443368631,正東10X10我至愛唱片 - U87,studio,1,3,song,夕陽無限好,陳奕迅,4:07,246773,1443369020,,https://music.apple.com/hk/album/%E5%A4%95%E9%99%BD%E7%84%A1%E9%99%90%E5%A5%BD/1443368631?i=1443369020&uo=4,https://audio-ssl.itunes.apple.com/itunes-assets/AudioPreview125/v4/6e/68/bc/6e68bc66-a7a7-172b-13b0-7e4d8f2789c4/mzaf_7594538855300036746.plus.aac.p.m4a,Apple iTunes Search API,https://itunes.apple.com/lookup?id=1443368631&entity=song&limit=200&country=hk,False
apple-1443368631,正東10X10我至愛唱片 - U87,studio,1,4,song,16月6日晴,陳奕迅,3:46,226027,1443369030,,https://music.apple.com/hk/album/16%E6%9C%886%E6%97%A5%E6%99%B4/1443368631?i=1443369030&uo=4,https://audio-ssl.itunes.apple.com/itunes-assets/AudioPreview115/v4/c4/42/33/c4423374-4439-a82b-f51e-10bf5cdd16cd/mzaf_3443887707447691544.plus.aac.p.m4a,Apple iTunes Search API,https://itunes.apple.com/lookup?id=1443368631&entity=song&limit=200&country=hk,False
apple-1443368631,正東10X10我至愛唱片 - U87,studio,1,5,song,浮誇,陳奕迅,4:46,286093,1443369192,,https://music.apple.com/hk/album/%E6%B5%AE%E8%AA%87/1443368631?i=1443369192&uo=4,https://audio-ssl.itunes.apple.com/itunes-assets/AudioPreview125/v4/cb/57/ce/cb57ce54-5747-ca84-2867-e4f63688cbb3/mzaf_13041048412010302128.plus.aac.p.m4a,Apple iTunes Search API,https://itunes.apple.com/lookup?id=1443368631&entity=song&limit=200&country=hk,False
apple-1443368631,正東10X10我至愛唱片 - U87,studio,1,6,song,葡萄成熟時,陳奕迅,4:40,280200,1443369201,,https://music.apple.com/hk/album/%E8%91%A1%E8%90%84%E6%88%90%E7%86%9F%E6%99%82/1443368631?i=1443369201&uo=4,https://audio-ssl.itunes.apple.com/itunes-assets/AudioPreview115/v4/bb/e1/71/bbe171d7-631f-b427-b1a5-86241f18cbf3/mzaf_10561094448694713902.plus.aac.p.m4a,Apple iTunes Search API,https://itunes.apple.com/lookup?id=1443368631&entity=song&limit=200&country=hk,False
apple-1443368631,正東10X10我至愛唱片 - U87,studio,1,7,song,三個人的探戈,陳奕迅,3:20,200067,1443369209,,https://music.apple.com/hk/album/%E4%B8%89%E5%80%8B%E4%BA%BA%E7%9A%84%E6%8E%A2%E6%88%88/1443368631?i=1443369209&uo=4,https://audio-ssl.itunes.apple.com/itunes-assets/AudioPreview125/v4/46/63/5b/46635b35-7d92-ad44-c5bd-5ec0613711f5/mzaf_9915832072696622996.plus.aac.p.m4a,Apple iTunes Search API,https://itunes.apple.com/lookup?id=1443368631&entity=song&limit=200&country=hk,False
apple-1443368631,正東10X10我至愛唱片 - U87,studio,1,8,song,不良嗜好,陳奕迅,3:37,216613,1443369216,,https://music.apple.com/hk/album/%E4%B8%8D%E8%89%AF%E5%97%9C%E5%A5%BD/1443368631?i=1443369216&uo=4,https://audio-ssl.itunes.apple.com/itunes-assets/AudioPreview125/v4/3d/38/4f/3d384fda-0102-e716-c365-b346bdaa677d/mzaf_1665384335095243422.plus.aac.p.m4a,Apple iTunes Search API,https://itunes.apple.com/lookup?id=1443368631&entity=song&limit=200&country=hk,False
apple-1443368631,正東10X10我至愛唱片 - U87,studio,1,9,song,怕死,陳奕迅,4:16,255813,1443369407,,https://music.apple.com/hk/album/%E6%80%95%E6%AD%BB/1443368631?i=1443369407&uo=4,https://audio-ssl.itunes.apple.com/itunes-assets/AudioPreview115/v4/a9/34/4c/a9344cde-e497-918e-8e3f-0599a3100f0c/mzaf_6158820058018700883.plus.aac.p.m4a,Apple iTunes Search API,https://itunes.apple.com/lookup?id=1443368631&entity=song&limit=200&country=hk,False
apple-1443368631,正東10X10我至愛唱片 - U87,studio,1,10,song,大個女,陳奕迅,4:01,241067,1443369420,,https://music.apple.com/hk/album/%E5%A4%A7%E5%80%8B%E5%A5%B3/1443368631?i=1443369420&uo=4,https://audio-ssl.itunes.apple.com/itunes-assets/AudioPreview115/v4/ea/88/49/ea884928-519b-16d5-fa60-39ddce1cdfb2/mzaf_18100124340289517503.plus.aac.p.m4a,Apple iTunes Search API,https://itunes.apple.com/lookup?id=1443368631&entity=song&limit=200&country=hk,False
apple-1443368631,正東10X10我至愛唱片 - U87,studio,1,11,song,新美人主義 (國),陳奕迅,3:38,218187,1443369524,,https://music.apple.com/hk/album/%E6%96%B0%E7%BE%8E%E4%BA%BA%E4%B8%BB%E7%BE%A9-%E5%9C%8B/1443368631?i=1443369524&uo=4,https://audio-ssl.itunes.apple.com/itunes-assets/AudioPreview125/v4/b0/1e/55/b01e559b-a4a8-9a4c-4bdb-60f45563a42a/mzaf_9774862242657629616.plus.aac.p.m4a,Apple iTunes Search API,https://itunes.apple.com/lookup?id=1443368631&entity=song&limit=200&country=hk,False
apple-1443368631,正東10X10我至愛唱片 - U87,studio,1,12,song,遇見了你 (國),陳奕迅,4:15,255107,1443369537,,https://music.apple.com/hk/album/%E9%81%87%E8%A6%8B%E4%BA%86%E4%BD%A0-%E5%9C%8B/1443368631?i=1443369537&uo=4,https://audio-ssl.itunes.apple.com/itunes-assets/AudioPreview115/v4/d3/d3/9a/d3d39aff-8f80-6394-544e-f061f6b27df0/mzaf_17027644580192841954.plus.aac.p.m4a,Apple iTunes Search API,https://itunes.apple.com/lookup?id=1443368631&entity=song&limit=200&country=hk,False
apple-1443368631,正東10X10我至愛唱片 - U87,studio,1,13,song,夕陽無限好 (只是近黃昏) [Remix],陳奕迅,4:08,247640,1443369642,,https://music.apple.com/hk/album/%E5%A4%95%E9%99%BD%E7%84%A1%E9%99%90%E5%A5%BD-%E5%8F%AA%E6%98%AF%E8%BF%91%E9%BB%83%E6%98%8F-remix/1443368631?i=1443369642&uo=4,https://audio-ssl.itunes.apple.com/itunes-assets/AudioPreview115/v4/05/1d/87/051d8718-e289-fb9b-15ac-a1df549dcee6/mzaf_8862232615237726108.plus.aac.p.m4a,Apple iTunes Search API,https://itunes.apple.com/lookup?id=1443368631&entity=song&limit=200&country=hk,False
apple-542910172,我的最好時代,compilation,1,1,song,K歌之王,陳奕迅,3:42,222351,542910173,,https://music.apple.com/hk/album/k%E6%AD%8C%E4%B9%8B%E7%8E%8B/542910172?i=542910173&uo=4,https://audio-ssl.itunes.apple.com/itunes-assets/AudioPreview211/v4/4b/bb/68/4bbb6838-c22a-4b6b-a9d9-b729dd9729e7/mzaf_188946477562673477.plus.aac.p.m4a,Apple iTunes Search API,https://itunes.apple.com/lookup?id=542910172&entity=song&limit=200&country=hk,False
apple-542910172,我的最好時代,compilation,1,2,song,十面埋伏,陳奕迅,3:52,232133,542910174,,https://music.apple.com/hk/album/%E5%8D%81%E9%9D%A2%E5%9F%8B%E4%BC%8F/542910172?i=542910174&uo=4,https://audio-ssl.itunes.apple.com/itunes-assets/AudioPreview211/v4/e5/d8/37/e5d8371c-cc5c-1956-8e1f-ce341bd724c8/mzaf_8996383198066596210.plus.aac.p.m4a,Apple iTunes Search API,https://itunes.apple.com/lookup?id=542910172&entity=song&limit=200&country=hk,False
apple-542910172,我的最好時代,compilation,1,3,song,歲月如歌,陳奕迅,3:28,207852,542910175,,https://music.apple.com/hk/album/%E6%AD%B2%E6%9C%88%E5%A6%82%E6%AD%8C/542910172?i=542910175&uo=4,https://audio-ssl.itunes.apple.com/itunes-assets/AudioPreview211/v4/32/eb/3b/32eb3b10-5ebb-5d71-50d9-9d48078fd945/mzaf_1831765404490227037.plus.aac.p.m4a,Apple iTunes Search API,https://itunes.apple.com/lookup?id=542910172&entity=song&limit=200&country=hk,False
apple-542910172,我的最好時代,compilation,1,4,song,明年今日,陳奕迅,3:26,206117,542910176,,https://music.apple.com/hk/album/%E6%98%8E%E5%B9%B4%E4%BB%8A%E6%97%A5/542910172?i=542910176&uo=4,https://audio-ssl.itunes.apple.com/itunes-assets/AudioPreview221/v4/3f/10/dc/3f10dc84-5682-6b00-f6bc-6bcf10a2e650/mzaf_4625524913555195676.plus.aac.p.m4a,Apple iTunes Search API,https://itunes.apple.com/lookup?id=542910172&entity=song&limit=200&country=hk,False
apple-542910172,我的最好時代,compilation,1,5,song,打回原形,陳奕迅,4:11,250934,542910177,,https://music.apple.com/hk/album/%E6%89%93%E5%9B%9E%E5%8E%9F%E5%BD%A2/542910172?i=542910177&uo=4,https://audio-ssl.itunes.apple.com/itunes-assets/AudioPreview211/v4/f9/1e/26/f91e267b-1144-a48e-ce94-1b2bee7ea710/mzaf_1446272820259992230.plus.aac.p.m4a,Apple iTunes Search API,https://itunes.apple.com/lookup?id=542910172&entity=song&limit=200&country=hk,False
apple-542910172,我的最好時代,compilation,1,6,song,Shall We Talk,陳奕迅,3:47,227208,542910178,,https://music.apple.com/hk/album/shall-we-talk/542910172?i=542910178&uo=4,https://audio-ssl.itunes.apple.com/itunes-assets/AudioPreview211/v4/c3/8d/53/c38d5361-681e-023f-eb3c-c6d0cc9ecb69/mzaf_15580023541043336565.plus.aac.p.m4a,Apple iTunes Search API,https://itunes.apple.com/lookup?id=542910172&entity=song&limit=200&country=hk,False
apple-542910172,我的最好時代,compilation,1,7,song,Lonely Christmas,陳奕迅,4:40,280211,542910179,,https://music.apple.com/hk/album/lonely-christmas/542910172?i=542910179&uo=4,https://audio-ssl.itunes.apple.com/itunes-assets/AudioPreview211/v4/bf/5d/78/bf5d78fc-28eb-78d0-52a9-1aca813fef97/mzaf_12971471225580622107.plus.aac.p.m4a,Apple iTunes Search API,https://itunes.apple.com/lookup?id=542910172&entity=song&limit=200&country=hk,False
apple-542910172,我的最好時代,compilation,1,8,song,低等動物,陳奕迅,4:18,258358,542910180,,https://music.apple.com/hk/album/%E4%BD%8E%E7%AD%89%E5%8B%95%E7%89%A9/542910172?i=542910180&uo=4,https://audio-ssl.itunes.apple.com/itunes-assets/AudioPreview221/v4/ac/b3/54/acb354e2-b03b-6d56-c799-43da5e1ca426/mzaf_11228889342640656992.plus.aac.p.m4a,Apple iTunes Search API,https://itunes.apple.com/lookup?id=542910172&entity=song&limit=200&country=hk,False
apple-542910172,我的最好時代,compilation,1,9,song,人來人往,陳奕迅,3:55,234770,542910181,,https://music.apple.com/hk/album/%E4%BA%BA%E4%BE%86%E4%BA%BA%E5%BE%80/542910172?i=542910181&uo=4,https://audio-ssl.itunes.apple.com/itunes-assets/AudioPreview221/v4/ca/31/51/ca315102-8fbe-7cfb-5dd9-7c5bbb21715f/mzaf_14901911150454054878.plus.aac.p.m4a,Apple iTunes Search API,https://itunes.apple.com/lookup?id=542910172&entity=song&limit=200&country=hk,False
apple-542910172,我的最好時代,compilation,1,10,song,1874,陳奕迅,3:50,230191,542910182,,https://music.apple.com/hk/album/1874/542910172?i=542910182&uo=4,https://audio-ssl.itunes.apple.com/itunes-assets/AudioPreview221/v4/63/3d/aa/633daa1a-5016-9fe8-4bb0-91daf96f9436/mzaf_18027784685542015550.plus.aac.p.m4a,Apple iTunes Search API,https://itunes.apple.com/lookup?id=542910172&entity=song&limit=200&country=hk,False
apple-542910172,我的最好時代,compilation,1,11,song,少見不怪,陳奕迅,3:49,228942,542910183,,https://music.apple.com/hk/album/%E5%B0%91%E8%A6%8B%E4%B8%8D%E6%80%AA/542910172?i=542910183&uo=4,https://audio-ssl.itunes.apple.com/itunes-assets/AudioPreview211/v4/09/d8/87/09d887a2-aeb9-b9d4-82f9-a68f7ad4ffb2/mzaf_15603627511201783294.plus.aac.p.m4a,Apple iTunes Search API,https://itunes.apple.com/lookup?id=542910172&entity=song&limit=200&country=hk,False
apple-542910172,我的最好時代,compilation,1,12,song,單車,陳奕迅,3:31,211251,542910184,,https://music.apple.com/hk/album/%E5%96%AE%E8%BB%8A/542910172?i=542910184&uo=4,https://audio-ssl.itunes.apple.com/itunes-assets/AudioPreview211/v4/7a/9c/db/7a9cdb99-409a-f04b-46ac-9c64afe89a22/mzaf_8452298628952857100.plus.aac.p.m4a,Apple iTunes Search API,https://itunes.apple.com/lookup?id=542910172&entity=song&limit=200&country=hk,False
apple-542910172,我的最好時代,compilation,1,13,song,綿綿,陳奕迅,4:04,244066,542910185,,https://music.apple.com/hk/album/%E7%B6%BF%E7%B6%BF/542910172?i=542910185&uo=4,https://audio-ssl.itunes.apple.com/itunes-assets/AudioPreview221/v4/ba/98/49/ba9849c0-8954-cc8b-2127-9aa031ee8f63/mzaf_14322180203529502596.plus.aac.p.m4a,Apple iTunes Search API,https://itunes.apple.com/lookup?id=542910172&entity=song&limit=200&country=hk,False
apple-542910172,我的最好時代,compilation,1,14,song,猜情尋,陳奕迅,4:07,246841,542910186,,https://music.apple.com/hk/album/%E7%8C%9C%E6%83%85%E5%B0%8B/542910172?i=542910186&uo=4,https://audio-ssl.itunes.apple.com/itunes-assets/AudioPreview221/v4/e7/c2/34/e7c23401-f9d2-063f-f188-578bd4a5ae26/mzaf_1428888028755518519.plus.aac.p.m4a,Apple iTunes Search API,https://itunes.apple.com/lookup?id=542910172&entity=song&limit=200&country=hk,False
apple-542910172,我的最好時代,compilation,1,15,song,他一個人,陳奕迅,4:25,264532,542910187,,https://music.apple.com/hk/album/%E4%BB%96%E4%B8%80%E5%80%8B%E4%BA%BA/542910172?i=542910187&uo=4,https://audio-ssl.itunes.apple.com/itunes-assets/AudioPreview221/v4/5d/fb/b2/5dfbb227-52d5-f492-e603-cc488a923e28/mzaf_8397243567675282646.plus.aac.p.m4a,Apple iTunes Search API,https://itunes.apple.com/lookup?id=542910172&entity=song&limit=200&country=hk,False
apple-542910172,我的最好時代,compilation,2,1,song,愛是懷疑,陳奕迅,4:34,273893,542910188,,https://music.apple.com/hk/album/%E6%84%9B%E6%98%AF%E6%87%B7%E7%96%91/542910172?i=542910188&uo=4,https://audio-ssl.itunes.apple.com/itunes-assets/AudioPreview211/v4/5f/23/55/5f235533-86af-23d7-752e-de58bf41cbdb/mzaf_1530806607911881980.plus.aac.p.m4a,Apple iTunes Search API,https://itunes.apple.com/lookup?id=542910172&entity=song&limit=200&country=hk,False
apple-542910172,我的最好時代,compilation,2,2,song,隨意門,陳奕迅,4:07,246633,542910189,,https://music.apple.com/hk/album/%E9%9A%A8%E6%84%8F%E9%96%80/542910172?i=542910189&uo=4,https://audio-ssl.itunes.apple.com/itunes-assets/AudioPreview211/v4/a3/7f/2f/a37f2f6f-134b-f79e-40f2-a23c8d9087aa/mzaf_12562199730696158263.plus.aac.p.m4a,Apple iTunes Search API,https://itunes.apple.com/lookup?id=542910172&entity=song&limit=200&country=hk,False
apple-542910172,我的最好時代,compilation,2,3,song,2001太空漫遊,陳奕迅,3:58,238239,542910190,,https://music.apple.com/hk/album/2001%E5%A4%AA%E7%A9%BA%E6%BC%AB%E9%81%8A/542910172?i=542910190&uo=4,https://audio-ssl.itunes.apple.com/itunes-assets/AudioPreview211/v4/b9/d5/d8/b9d5d81c-5d5a-1d40-4ebb-6ba0aa8f0a03/mzaf_15734766270163082711.plus.aac.p.m4a,Apple iTunes Search API,https://itunes.apple.com/lookup?id=542910172&entity=song&limit=200&country=hk,False
apple-542910172,我的最好時代,compilation,2,4,song,King Kong,陳奕迅,3:24,203620,542910191,,https://music.apple.com/hk/album/king-kong/542910172?i=542910191&uo=4,https://audio-ssl.itunes.apple.com/itunes-assets/AudioPreview221/v4/08/20/c2/0820c2d8-2242-76d8-8f48-1374b7562b43/mzaf_15953853110062453525.plus.aac.p.m4a,Apple iTunes Search API,https://itunes.apple.com/lookup?id=542910172&entity=song&limit=200&country=hk,False
apple-542910172,我的最好時代,compilation,2,5,song,打得火熱,陳奕迅,3:14,194115,542910192,,https://music.apple.com/hk/album/%E6%89%93%E5%BE%97%E7%81%AB%E7%86%B1/542910172?i=542910192&uo=4,https://audio-ssl.itunes.apple.com/itunes-assets/AudioPreview221/v4/91/b5/7f/91b57f6a-7735-df1f-cdd5-40ebcd8a6ec3/mzaf_2295960308290767447.plus.aac.p.m4a,Apple iTunes Search API,https://itunes.apple.com/lookup?id=542910172&entity=song&limit=200&country=hk,False
apple-542910172,我的最好時代,compilation,2,6,song,第一類接獨,陳奕迅,2:59,178644,542910193,,https://music.apple.com/hk/album/%E7%AC%AC%E4%B8%80%E9%A1%9E%E6%8E%A5%E7%8D%A8/542910172?i=542910193&uo=4,https://audio-ssl.itunes.apple.com/itunes-assets/AudioPreview221/v4/f0/63/cc/f063ccdb-843e-42ea-9173-07beff4d9061/mzaf_17919944173586950007.plus.aac.p.m4a,Apple iTunes Search API,https://itunes.apple.com/lookup?id=542910172&entity=song&limit=200&country=hk,False
apple-542910172,我的最好時代,compilation,2,7,song,給愛麗斯,陳奕迅,3:31,210904,542910194,,https://music.apple.com/hk/album/%E7%B5%A6%E6%84%9B%E9%BA%97%E6%96%AF/542910172?i=542910194&uo=4,https://audio-ssl.itunes.apple.com/itunes-assets/AudioPreview221/v4/47/0d/95/470d95d1-d8c2-08d0-b714-581ff12927d3/mzaf_6374468330653409148.plus.aac.p.m4a,Apple iTunes Search API,https://itunes.apple.com/lookup?id=542910172&entity=song&limit=200&country=hk,False
apple-542910172,我的最好時代,compilation,2,8,song,幸災樂禍,陳奕迅,3:26,206256,542910195,,https://music.apple.com/hk/album/%E5%B9%B8%E7%81%BD%E6%A8%82%E7%A6%8D/542910172?i=542910195&uo=4,https://audio-ssl.itunes.apple.com/itunes-assets/AudioPreview221/v4/a1/19/07/a1190764-7283-d78d-c36c-bdce109a9806/mzaf_9528453697015758929.plus.aac.p.m4a,Apple iTunes Search API,https://itunes.apple.com/lookup?id=542910172&entity=song&limit=200&country=hk,False
apple-542910172,我的最好時代,compilation,2,9,song,阿士匹靈,陳奕迅,3:47,227277,542910196,,https://music.apple.com/hk/album/%E9%98%BF%E5%A3%AB%E5%8C%B9%E9%9D%88/542910172?i=542910196&uo=4,https://audio-ssl.itunes.apple.com/itunes-assets/AudioPreview221/v4/28/df/19/28df19a2-4f58-7d35-c528-05404d5da657/mzaf_8916706760903196945.plus.aac.p.m4a,Apple iTunes Search API,https://itunes.apple.com/lookup?id=542910172&entity=song&limit=200&country=hk,False
apple-542910172,我的最好時代,compilation,2,10,song,一疋布,陳奕迅 & 小苦妹,2:59,179187,542910197,,https://music.apple.com/hk/album/%E4%B8%80%E7%96%8B%E5%B8%83/542910172?i=542910197&uo=4,https://audio-ssl.itunes.apple.com/itunes-assets/AudioPreview221/v4/58/54/b2/5854b236-635c-cca7-4042-c9fc5508ba25/mzaf_2657716961636526410.plus.aac.p.m4a,Apple iTunes Search API,https://itunes.apple.com/lookup?id=542910172&entity=song&limit=200&country=hk,False
apple-542910172,我的最好時代,compilation,2,11,song,小孩不懂怕,陳奕迅,3:45,225126,542910203,,https://music.apple.com/hk/album/%E5%B0%8F%E5%AD%A9%E4%B8%8D%E6%87%82%E6%80%95/542910172?i=542910203&uo=4,https://audio-ssl.itunes.apple.com/itunes-assets/AudioPreview221/v4/53/7f/97/537f97ad-18e5-d30a-1083-37a467f98373/mzaf_7691718250296365618.plus.aac.p.m4a,Apple iTunes Search API,https://itunes.apple.com/lookup?id=542910172&entity=song&limit=200&country=hk,False
apple-542910172,我的最好時代,compilation,2,12,song,謊言,陳奕迅,4:10,249547,542910204,,https://music.apple.com/hk/album/%E8%AC%8A%E8%A8%80/542910172?i=542910204&uo=4,https://audio-ssl.itunes.apple.com/itunes-assets/AudioPreview221/v4/7c/81/f2/7c81f266-ba6b-d4a3-1f30-c544e1902344/mzaf_8475722806067978701.plus.aac.p.m4a,Apple iTunes Search API,https://itunes.apple.com/lookup?id=542910172&entity=song&limit=200&country=hk,False
apple-542910172,我的最好時代,compilation,2,13,song,真相,陳奕迅,3:21,200706,542910205,,https://music.apple.com/hk/album/%E7%9C%9F%E7%9B%B8/542910172?i=542910205&uo=4,https://audio-ssl.itunes.apple.com/itunes-assets/AudioPreview211/v4/f2/ec/9b/f2ec9bac-8cc6-e3ce-1130-197217dac4d5/mzaf_14248257272764777634.plus.aac.p.m4a,Apple iTunes Search API,https://itunes.apple.com/lookup?id=542910172&entity=song&limit=200&country=hk,False
apple-542910172,我的最好時代,compilation,2,14,song,忘記歌詞,陳奕迅,3:34,213887,542910206,,https://music.apple.com/hk/album/%E5%BF%98%E8%A8%98%E6%AD%8C%E8%A9%9E/542910172?i=542910206&uo=4,https://audio-ssl.itunes.apple.com/itunes-assets/AudioPreview211/v4/93/43/27/9343270e-9a50-0888-efce-cad75b12db29/mzaf_16333275602486534812.plus.aac.p.m4a,Apple iTunes Search API,https://itunes.apple.com/lookup?id=542910172&entity=song&limit=200&country=hk,False
apple-542910172,我的最好時代,compilation,2,15,song,衝口而出,陳奕迅,3:33,213124,542910207,,https://music.apple.com/hk/album/%E8%A1%9D%E5%8F%A3%E8%80%8C%E5%87%BA/542910172?i=542910207&uo=4,https://audio-ssl.itunes.apple.com/itunes-assets/AudioPreview221/v4/d6/72/fd/d672fd3b-ce9e-ae4b-1181-1baa25be4c75/mzaf_5000087088251670100.plus.aac.p.m4a,Apple iTunes Search API,https://itunes.apple.com/lookup?id=542910172&entity=song&limit=200&country=hk,False
apple-542910172,我的最好時代,compilation,3,1,song,一切還好,陳奕迅,4:58,298319,542910208,,https://music.apple.com/hk/album/%E4%B8%80%E5%88%87%E9%82%84%E5%A5%BD/542910172?i=542910208&uo=4,https://audio-ssl.itunes.apple.com/itunes-assets/AudioPreview221/v4/e5/12/d7/e512d763-274b-5afd-7aaa-081c183b529d/mzaf_11245830167730651731.plus.aac.p.m4a,Apple iTunes Search API,https://itunes.apple.com/lookup?id=542910172&entity=song&limit=200&country=hk,False
apple-542910172,我的最好時代,compilation,3,2,song,萬佛朝宗,陳奕迅,4:53,293115,542910209,,https://music.apple.com/hk/album/%E8%90%AC%E4%BD%9B%E6%9C%9D%E5%AE%97/542910172?i=542910209&uo=4,https://audio-ssl.itunes.apple.com/itunes-assets/AudioPreview211/v4/2c/5d/fe/2c5dfedc-9cb7-b9fb-e393-6a0b57393310/mzaf_16935284575780924046.plus.aac.p.m4a,Apple iTunes Search API,https://itunes.apple.com/lookup?id=542910172&entity=song&limit=200&country=hk,False
apple-542910172,我的最好時代,compilation,3,3,song,冤氣,陳奕迅,4:24,264185,542910210,,https://music.apple.com/hk/album/%E5%86%A4%E6%B0%A3/542910172?i=542910210&uo=4,https://audio-ssl.itunes.apple.com/itunes-assets/AudioPreview221/v4/5f/27/15/5f271574-f625-2a61-97fc-e1dfa21b9f84/mzaf_10237471774072572274.plus.aac.p.m4a,Apple iTunes Search API,https://itunes.apple.com/lookup?id=542910172&entity=song&limit=200&country=hk,False
apple-542910172,我的最好時代,compilation,3,4,song,八里公路,陳奕迅,4:50,290453,542910211,,https://music.apple.com/hk/album/%E5%85%AB%E9%87%8C%E5%85%AC%E8%B7%AF/542910172?i=542910211&uo=4,https://audio-ssl.itunes.apple.com/itunes-assets/AudioPreview221/v4/39/86/ac/3986ac55-6c4f-a5ed-f782-cdf59946e906/mzaf_238926216181095745.plus.aac.p.m4a,Apple iTunes Search API,https://itunes.apple.com/lookup?id=542910172&entity=song&limit=200&country=hk,False
apple-542910172,我的最好時代,compilation,3,5,song,放下來,陳奕迅,3:14,193800,542910212,,https://music.apple.com/hk/album/%E6%94%BE%E4%B8%8B%E4%BE%86/542910172?i=542910212&uo=4,https://audio-ssl.itunes.apple.com/itunes-assets/AudioPreview221/v4/45/1e/44/451e44e6-8bbe-ac12-9fdc-23097aa88a17/mzaf_17276226899612753977.plus.aac.p.m4a,Apple iTunes Search API,https://itunes.apple.com/lookup?id=542910172&entity=song&limit=200&country=hk,False
apple-542910172,我的最好時代,compilation,3,6,song,開不了心,陳奕迅,4:39,279387,542910213,,https://music.apple.com/hk/album/%E9%96%8B%E4%B8%8D%E4%BA%86%E5%BF%83/542910172?i=542910213&uo=4,https://audio-ssl.itunes.apple.com/itunes-assets/AudioPreview211/v4/e8/d7/4c/e8d74c34-b672-774d-1a47-08b7b32da2e8/mzaf_17532471226040944081.plus.aac.p.m4a,Apple iTunes Search API,https://itunes.apple.com/lookup?id=542910172&entity=song&limit=200&country=hk,False
apple-542910172,我的最好時代,compilation,3,7,song,Katrina,陳奕迅,3:51,230815,542910214,,https://music.apple.com/hk/album/katrina/542910172?i=542910214&uo=4,https://audio-ssl.itunes.apple.com/itunes-assets/AudioPreview221/v4/a9/16/a2/a916a2ee-4a14-c56d-194b-43f1e71f3ff5/mzaf_7393908175199129235.plus.aac.p.m4a,Apple iTunes Search API,https://itunes.apple.com/lookup?id=542910172&entity=song&limit=200&country=hk,False
apple-542910172,我的最好時代,compilation,3,8,song,活著多好,陳奕迅,4:24,263630,542910215,,https://music.apple.com/hk/album/%E6%B4%BB%E8%91%97%E5%A4%9A%E5%A5%BD/542910172?i=542910215&uo=4,https://audio-ssl.itunes.apple.com/itunes-assets/AudioPreview211/v4/f6/7c/c8/f67cc8bf-b927-3d78-d916-4ccc84c598ca/mzaf_15800644590034933928.plus.aac.p.m4a,Apple iTunes Search API,https://itunes.apple.com/lookup?id=542910172&entity=song&limit=200&country=hk,False
apple-542910172,我的最好時代,compilation,3,9,song,熱帶雨林,陳奕迅,4:18,258080,542910216,,https://music.apple.com/hk/album/%E7%86%B1%E5%B8%B6%E9%9B%A8%E6%9E%97/542910172?i=542910216&uo=4,https://audio-ssl.itunes.apple.com/itunes-assets/AudioPreview221/v4/e3/8d/0a/e38d0a58-6a6b-34b0-f062-20b7b44d7914/mzaf_14422449178514538527.plus.aac.p.m4a,Apple iTunes Search API,https://itunes.apple.com/lookup?id=542910172&entity=song&limit=200&country=hk,False
apple-542910172,我的最好時代,compilation,3,10,song,人工智能,陳奕迅,3:42,222282,542910217,,https://music.apple.com/hk/album/%E4%BA%BA%E5%B7%A5%E6%99%BA%E8%83%BD/542910172?i=542910217&uo=4,https://audio-ssl.itunes.apple.com/itunes-assets/AudioPreview221/v4/23/d4/e5/23d4e580-9f7c-ffca-e3bc-cb6ffb41d9ef/mzaf_17254266567870940806.plus.aac.p.m4a,Apple iTunes Search API,https://itunes.apple.com/lookup?id=542910172&entity=song&limit=200&country=hk,False
apple-542910172,我的最好時代,compilation,3,11,song,孤獨探戈,陳奕迅,3:26,206256,542910218,,https://music.apple.com/hk/album/%E5%AD%A4%E7%8D%A8%E6%8E%A2%E6%88%88/542910172?i=542910218&uo=4,https://audio-ssl.itunes.apple.com/itunes-assets/AudioPreview211/v4/28/69/0b/28690b16-854f-77a2-e872-d3a826544053/mzaf_2963915633809463247.plus.aac.p.m4a,Apple iTunes Search API,https://itunes.apple.com/lookup?id=542910172&entity=song&limit=200&country=hk,False
apple-542910172,我的最好時代,compilation,3,12,song,天使的禮物,陳奕迅,3:23,202926,542910219,,https://music.apple.com/hk/album/%E5%A4%A9%E4%BD%BF%E7%9A%84%E7%A6%AE%E7%89%A9/542910172?i=542910219&uo=4,https://audio-ssl.itunes.apple.com/itunes-assets/AudioPreview221/v4/72/28/65/7228656a-e171-a366-4507-c37898b64b7d/mzaf_10119368871396429706.plus.aac.p.m4a,Apple iTunes Search API,https://itunes.apple.com/lookup?id=542910172&entity=song&limit=200&country=hk,False
apple-542910172,我的最好時代,compilation,3,13,song,孤兒仔,陳奕迅 & 苦榮,3:43,223040,542910220,,https://music.apple.com/hk/album/%E5%AD%A4%E5%85%92%E4%BB%94/542910172?i=542910220&uo=4,https://audio-ssl.itunes.apple.com/itunes-assets/AudioPreview221/v4/52/1a/aa/521aaa5a-3f45-ea73-099a-3ae50278b192/mzaf_14304688867963898783.plus.aac.p.m4a,Apple iTunes Search API,https://itunes.apple.com/lookup?id=542910172&entity=song&limit=200&country=hk,False
apple-542910172,我的最好時代,compilation,3,14,song,呀邊個邊個,陳奕迅,3:06,185998,542910226,,https://music.apple.com/hk/album/%E5%91%80%E9%82%8A%E5%80%8B%E9%82%8A%E5%80%8B/542910172?i=542910226&uo=4,https://audio-ssl.itunes.apple.com/itunes-assets/AudioPreview221/v4/29/5c/a2/295ca2ef-859c-9a29-1de3-bf1583937591/mzaf_13935985965123695315.plus.aac.p.m4a,Apple iTunes Search API,https://itunes.apple.com/lookup?id=542910172&entity=song&limit=200&country=hk,False
apple-1462045698,Get A Life (Live),live,1,1,song,Overture (Live),陳奕迅,1:04,64400,1462045704,,https://music.apple.com/hk/album/overture-live/1462045698?i=1462045704&uo=4,https://audio-ssl.itunes.apple.com/itunes-assets/AudioPreview211/v4/73/0f/a6/730fa6aa-00cf-9cab-0b77-3269a4b91251/mzaf_14843976211738485893.plus.aac.p.m4a,Apple iTunes Search API,https://itunes.apple.com/lookup?id=1462045698&entity=song&limit=200&country=hk,False
apple-1462045698,Get A Life (Live),live,1,2,song,浮誇 (Live),陳奕迅,5:50,350067,1462045857,,https://music.apple.com/hk/album/%E6%B5%AE%E8%AA%87-live/1462045698?i=1462045857&uo=4,https://audio-ssl.itunes.apple.com/itunes-assets/AudioPreview221/v4/02/8c/20/028c20f2-a31d-d9af-2714-ac2dff4f3fd7/mzaf_15493668815719717400.plus.aac.p.m4a,Apple iTunes Search API,https://itunes.apple.com/lookup?id=1462045698&entity=song&limit=200&country=hk,False
apple-1462045698,Get A Life (Live),live,1,3,song,怪物 (Live),陳奕迅,3:14,194053,1462045860,,https://music.apple.com/hk/album/%E6%80%AA%E7%89%A9-live/1462045698?i=1462045860&uo=4,https://audio-ssl.itunes.apple.com/itunes-assets/AudioPreview221/v4/80/ab/13/80ab13fd-16c1-38d3-7ad7-2d4cc2653fb7/mzaf_2844396725935094513.plus.aac.p.m4a,Apple iTunes Search API,https://itunes.apple.com/lookup?id=1462045698&entity=song&limit=200&country=hk,False
apple-1462045698,Get A Life (Live),live,1,4,song,心裡有鬼 (Live),陳奕迅,3:48,227747,1462045862,,https://music.apple.com/hk/album/%E5%BF%83%E8%A3%A1%E6%9C%89%E9%AC%BC-live/1462045698?i=1462045862&uo=4,https://audio-ssl.itunes.apple.com/itunes-assets/AudioPreview221/v4/12/65/f1/1265f119-a668-7f5d-6869-11a5ca069c8e/mzaf_12903558002562515525.plus.aac.p.m4a,Apple iTunes Search API,https://itunes.apple.com/lookup?id=1462045698&entity=song&limit=200&country=hk,False
apple-1462045698,Get A Life (Live),live,1,5,song,兩名男子街頭相遇 (Live),陳奕迅,3:46,226173,1462045864,,https://music.apple.com/hk/album/%E5%85%A9%E5%90%8D%E7%94%B7%E5%AD%90%E8%A1%97%E9%A0%AD%E7%9B%B8%E9%81%87-live/1462045698?i=1462045864&uo=4,https://audio-ssl.itunes.apple.com/itunes-assets/AudioPreview221/v4/63/0b/fd/630bfd4a-e444-af25-7c2b-433281c5d568/mzaf_9679555266980229327.plus.aac.p.m4a,Apple iTunes Search API,https://itunes.apple.com/lookup?id=1462045698&entity=song&limit=200&country=hk,False
apple-1462045698,Get A Life (Live),live,1,6,song,不良嗜好 (Live),陳奕迅,3:35,214693,1462045867,,https://music.apple.com/hk/album/%E4%B8%8D%E8%89%AF%E5%97%9C%E5%A5%BD-live/1462045698?i=1462045867&uo=4,https://audio-ssl.itunes.apple.com/itunes-assets/AudioPreview211/v4/c7/24/54/c7245460-f737-06f2-224c-1b2a3c32a317/mzaf_14343340796510603299.plus.aac.p.m4a,Apple iTunes Search API,https://itunes.apple.com/lookup?id=1462045698&entity=song&limit=200&country=hk,False
apple-1462045698,Get A Life (Live),live,1,7,song,Shall We Dance (Live),陳奕迅,3:58,237560,1462045870,,https://music.apple.com/hk/album/shall-we-dance-live/1462045698?i=1462045870&uo=4,https://audio-ssl.itunes.apple.com/itunes-assets/AudioPreview211/v4/5a/2b/46/5a2b46b2-09f2-5fad-d1c6-9cf09b623914/mzaf_11373360601805249741.plus.aac.p.m4a,Apple iTunes Search API,https://itunes.apple.com/lookup?id=1462045698&entity=song&limit=200&country=hk,False
apple-1462045698,Get A Life (Live),live,1,8,song,三個人的探戈 (Live),陳奕迅,3:34,214200,1462045874,,https://music.apple.com/hk/album/%E4%B8%89%E5%80%8B%E4%BA%BA%E7%9A%84%E6%8E%A2%E6%88%88-live/1462045698?i=1462045874&uo=4,https://audio-ssl.itunes.apple.com/itunes-assets/AudioPreview221/v4/8a/cd/90/8acd9067-51b4-ff7e-cde7-ac82d3fa2cb9/mzaf_3518467882245022008.plus.aac.p.m4a,Apple iTunes Search API,https://itunes.apple.com/lookup?id=1462045698&entity=song&limit=200&country=hk,False
apple-1462045698,Get A Life (Live),live,1,9,song,孤獨探戈 (Live),陳奕迅,3:53,233027,1462045981,,https://music.apple.com/hk/album/%E5%AD%A4%E7%8D%A8%E6%8E%A2%E6%88%88-live/1462045698?i=1462045981&uo=4,https://audio-ssl.itunes.apple.com/itunes-assets/AudioPreview211/v4/20/32/cd/2032cd35-b816-33fd-c41a-71d5567e222c/mzaf_13973569628476109579.plus.aac.p.m4a,Apple iTunes Search API,https://itunes.apple.com/lookup?id=1462045698&entity=song&limit=200&country=hk,False
apple-1462045698,Get A Life (Live),live,1,10,song,活著多好 (Live),陳奕迅,5:03,303213,1462045991,,https://music.apple.com/hk/album/%E6%B4%BB%E8%91%97%E5%A4%9A%E5%A5%BD-live/1462045698?i=1462045991&uo=4,https://audio-ssl.itunes.apple.com/itunes-assets/AudioPreview211/v4/0f/4b/76/0f4b7687-85ee-5a1b-584b-70d1da8ee0b4/mzaf_16814142938297914695.plus.aac.p.m4a,Apple iTunes Search API,https://itunes.apple.com/lookup?id=1462045698&entity=song&limit=200&country=hk,False
apple-1462045698,Get A Life (Live),live,1,11,song,怕死 (Live),陳奕迅,5:00,299933,1462046018,,https://music.apple.com/hk/album/%E6%80%95%E6%AD%BB-live/1462045698?i=1462046018&uo=4,https://audio-ssl.itunes.apple.com/itunes-assets/AudioPreview211/v4/d3/94/34/d3943437-3bb7-8a0a-73ec-c933e705ab92/mzaf_3345778329143611737.plus.aac.p.m4a,Apple iTunes Search API,https://itunes.apple.com/lookup?id=1462045698&entity=song&limit=200&country=hk,False
apple-1462045698,Get A Life (Live),live,2,1,song,爛 (Live),陳奕迅,4:54,294053,1462046036,,https://music.apple.com/hk/album/%E7%88%9B-live/1462045698?i=1462046036&uo=4,https://audio-ssl.itunes.apple.com/itunes-assets/AudioPreview221/v4/4b/e7/2d/4be72d14-51e2-7407-6beb-148a0b276e3f/mzaf_17315924652475953619.plus.aac.p.m4a,Apple iTunes Search API,https://itunes.apple.com/lookup?id=1462045698&entity=song&limit=200&country=hk,False
apple-1462045698,Get A Life (Live),live,2,2,song,聽聽 (Live),陳奕迅,2:51,170747,1462046048,,https://music.apple.com/hk/album/%E8%81%BD%E8%81%BD-live/1462045698?i=1462046048&uo=4,https://audio-ssl.itunes.apple.com/itunes-assets/AudioPreview211/v4/41/6a/80/416a80ea-1e4e-f4cf-235d-93dc34e306b8/mzaf_7111355860189607913.plus.aac.p.m4a,Apple iTunes Search API,https://itunes.apple.com/lookup?id=1462045698&entity=song&limit=200&country=hk,False
apple-1462045698,Get A Life (Live),live,2,3,song,大個女 (Live),陳奕迅,4:18,258107,1462046050,,https://music.apple.com/hk/album/%E5%A4%A7%E5%80%8B%E5%A5%B3-live/1462045698?i=1462046050&uo=4,https://audio-ssl.itunes.apple.com/itunes-assets/AudioPreview221/v4/0c/9c/65/0c9c65bb-2aba-b7fd-7b29-e206a4d90af2/mzaf_269703295511457711.plus.aac.p.m4a,Apple iTunes Search API,https://itunes.apple.com/lookup?id=1462045698&entity=song&limit=200&country=hk,False
apple-1462045698,Get A Life (Live),live,2,4,song,單車 (Live),陳奕迅,3:32,211880,1462046051,,https://music.apple.com/hk/album/%E5%96%AE%E8%BB%8A-live/1462045698?i=1462046051&uo=4,https://audio-ssl.itunes.apple.com/itunes-assets/AudioPreview211/v4/79/24/ca/7924caed-31e8-f8d8-887d-c82a11d372bb/mzaf_16476629064302210873.plus.aac.p.m4a,Apple iTunes Search API,https://itunes.apple.com/lookup?id=1462045698&entity=song&limit=200&country=hk,False
apple-1462045698,Get A Life (Live),live,2,5,song,最佳損友 (Live),陳奕迅,4:10,249867,1462046052,,https://music.apple.com/hk/album/%E6%9C%80%E4%BD%B3%E6%90%8D%E5%8F%8B-live/1462045698?i=1462046052&uo=4,https://audio-ssl.itunes.apple.com/itunes-assets/AudioPreview221/v4/55/68/1c/55681caa-4d24-05fd-3d5e-95c3796b62ed/mzaf_12919851574089508809.plus.aac.p.m4a,Apple iTunes Search API,https://itunes.apple.com/lookup?id=1462045698&entity=song&limit=200&country=hk,False
apple-1462045698,Get A Life (Live),live,2,6,song,Shall We Talk (Live),陳奕迅,3:55,234547,1462046054,,https://music.apple.com/hk/album/shall-we-talk-live/1462045698?i=1462046054&uo=4,https://audio-ssl.itunes.apple.com/itunes-assets/AudioPreview221/v4/35/88/64/358864fa-76bc-36b1-81b1-ee735996cd33/mzaf_15274214597348566845.plus.aac.p.m4a,Apple iTunes Search API,https://itunes.apple.com/lookup?id=1462045698&entity=song&limit=200&country=hk,False
apple-1462045698,Get A Life (Live),live,2,7,song,如果這一秒鐘你跟我講你不愛我 (Live),陳奕迅,5:09,308907,1462046096,,https://music.apple.com/hk/album/%E5%A6%82%E6%9E%9C%E9%80%99%E4%B8%80%E7%A7%92%E9%90%98%E4%BD%A0%E8%B7%9F%E6%88%91%E8%AC%9B%E4%BD%A0%E4%B8%8D%E6%84%9B%E6%88%91-live/1462045698?i=1462046096&uo=4,https://audio-ssl.itunes.apple.com/itunes-assets/AudioPreview211/v4/88/d0/52/88d052dc-dc5c-e28b-3d3b-25dae07b88c1/mzaf_2683559012127560487.plus.aac.p.m4a,Apple iTunes Search API,https://itunes.apple.com/lookup?id=1462045698&entity=song&limit=200&country=hk,False
apple-1462045698,Get A Life (Live),live,2,8,song,傷信 (Live),陳奕迅,7:42,461507,1462046097,,https://music.apple.com/hk/album/%E5%82%B7%E4%BF%A1-live/1462045698?i=1462046097&uo=4,https://audio-ssl.itunes.apple.com/itunes-assets/AudioPreview221/v4/a6/ec/6d/a6ec6d67-4aa8-4ccf-c673-012b71cd2423/mzaf_10012165954277847201.plus.aac.p.m4a,Apple iTunes Search API,https://itunes.apple.com/lookup?id=1462045698&entity=song&limit=200&country=hk,False
apple-1462045698,Get A Life (Live),live,2,9,song,1874 (Live),陳奕迅,5:09,308880,1462046098,,https://music.apple.com/hk/album/1874-live/1462045698?i=1462046098&uo=4,https://audio-ssl.itunes.apple.com/itunes-assets/AudioPreview221/v4/c9/24/0e/c9240e0d-3bea-0f50-131c-053b0a02a5d3/mzaf_6095549419906606956.plus.aac.p.m4a,Apple iTunes Search API,https://itunes.apple.com/lookup?id=1462045698&entity=song&limit=200&country=hk,False
apple-1462045698,Get A Life (Live),live,2,10,song,黑夜不再來 (Live),陳奕迅,5:35,335227,1462046099,,https://music.apple.com/hk/album/%E9%BB%91%E5%A4%9C%E4%B8%8D%E5%86%8D%E4%BE%86-live/1462045698?i=1462046099&uo=4,https://audio-ssl.itunes.apple.com/itunes-assets/AudioPreview211/v4/a3/3b/0d/a33b0d0d-0dab-1eb2-94fa-85bb372d3f73/mzaf_7866512046325452532.plus.aac.p.m4a,Apple iTunes Search API,https://itunes.apple.com/lookup?id=1462045698&entity=song&limit=200&country=hk,False
apple-1462045698,Get A Life (Live),live,3,1,song,美麗有罪 (Live),陳奕迅,3:49,228867,1462046100,,https://music.apple.com/hk/album/%E7%BE%8E%E9%BA%97%E6%9C%89%E7%BD%AA-live/1462045698?i=1462046100&uo=4,https://audio-ssl.itunes.apple.com/itunes-assets/AudioPreview211/v4/c7/c7/b2/c7c7b27b-c7c8-df4f-4ab9-18012bae676a/mzaf_10736421054843326998.plus.aac.p.m4a,Apple iTunes Search API,https://itunes.apple.com/lookup?id=1462045698&entity=song&limit=200&country=hk,False
apple-1462045698,Get A Life (Live),live,3,2,song,2001太空漫遊 (Live),陳奕迅,3:43,222653,1462046101,,https://music.apple.com/hk/album/2001%E5%A4%AA%E7%A9%BA%E6%BC%AB%E9%81%8A-live/1462045698?i=1462046101&uo=4,https://audio-ssl.itunes.apple.com/itunes-assets/AudioPreview221/v4/21/96/e8/2196e828-5349-bfe2-1808-0c222ee68adc/mzaf_16342076699442363438.plus.aac.p.m4a,Apple iTunes Search API,https://itunes.apple.com/lookup?id=1462045698&entity=song&limit=200&country=hk,False
apple-1462045698,Get A Life (Live),live,3,3,song,打得火熱 (Live),陳奕迅,3:52,231653,1462046104,,https://music.apple.com/hk/album/%E6%89%93%E5%BE%97%E7%81%AB%E7%86%B1-live/1462045698?i=1462046104&uo=4,https://audio-ssl.itunes.apple.com/itunes-assets/AudioPreview211/v4/db/54/6c/db546c1d-abe7-369f-e0e6-3a942c96b043/mzaf_7848577349537772168.plus.aac.p.m4a,Apple iTunes Search API,https://itunes.apple.com/lookup?id=1462045698&entity=song&limit=200&country=hk,False
apple-1462045698,Get A Life (Live),live,3,4,song,送院途中 (Live),陳奕迅,4:25,264547,1462046105,,https://music.apple.com/hk/album/%E9%80%81%E9%99%A2%E9%80%94%E4%B8%AD-live/1462045698?i=1462046105&uo=4,https://audio-ssl.itunes.apple.com/itunes-assets/AudioPreview211/v4/fb/d8/47/fbd84795-e423-c688-c14e-a0bc6a7e9a06/mzaf_16332607739100547068.plus.aac.p.m4a,Apple iTunes Search API,https://itunes.apple.com/lookup?id=1462045698&entity=song&limit=200&country=hk,False
apple-1462045698,Get A Life (Live),live,3,5,song,幸災樂禍 (Live),陳奕迅,3:42,221813,1462046108,,https://music.apple.com/hk/album/%E5%B9%B8%E7%81%BD%E6%A8%82%E7%A6%8D-live/1462045698?i=1462046108&uo=4,https://audio-ssl.itunes.apple.com/itunes-assets/AudioPreview211/v4/39/19/22/3919224b-660a-abcc-d7ce-72ba843e4073/mzaf_2487382225447406473.plus.aac.p.m4a,Apple iTunes Search API,https://itunes.apple.com/lookup?id=1462045698&entity=song&limit=200&country=hk,False
apple-1462045698,Get A Life (Live),live,3,6,song,忘記歌詞 (Live),陳奕迅,4:16,256200,1462046110,,https://music.apple.com/hk/album/%E5%BF%98%E8%A8%98%E6%AD%8C%E8%A9%9E-live/1462045698?i=1462046110&uo=4,https://audio-ssl.itunes.apple.com/itunes-assets/AudioPreview221/v4/d8/0e/cf/d80ecfc7-a135-1440-687c-e0c997256b70/mzaf_18445611242635042704.plus.aac.p.m4a,Apple iTunes Search API,https://itunes.apple.com/lookup?id=1462045698&entity=song&limit=200&country=hk,False
apple-1462045698,Get A Life (Live),live,3,7,song,夕陽無限好 (Live),陳奕迅,5:34,333640,1462046112,,https://music.apple.com/hk/album/%E5%A4%95%E9%99%BD%E7%84%A1%E9%99%90%E5%A5%BD-live/1462045698?i=1462046112&uo=4,https://audio-ssl.itunes.apple.com/itunes-assets/AudioPreview221/v4/c4/00/a7/c400a742-03cd-197f-4518-edecb35769ae/mzaf_14880083002931008879.plus.aac.p.m4a,Apple iTunes Search API,https://itunes.apple.com/lookup?id=1462045698&entity=song&limit=200&country=hk,False
apple-1462045698,Get A Life (Live),live,3,8,song,打回原形 (Live),陳奕迅,3:31,210800,1462046113,,https://music.apple.com/hk/album/%E6%89%93%E5%9B%9E%E5%8E%9F%E5%BD%A2-live/1462045698?i=1462046113&uo=4,https://audio-ssl.itunes.apple.com/itunes-assets/AudioPreview211/v4/f9/88/1a/f9881a0a-91a7-1d33-195b-ba1f21f32b58/mzaf_2512171910748528560.plus.aac.p.m4a,Apple iTunes Search API,https://itunes.apple.com/lookup?id=1462045698&entity=song&limit=200&country=hk,False
apple-1462045698,Get A Life (Live),live,3,9,song,防不勝防 (Live),陳奕迅,4:36,275627,1462046116,,https://music.apple.com/hk/album/%E9%98%B2%E4%B8%8D%E5%8B%9D%E9%98%B2-live/1462045698?i=1462046116&uo=4,https://audio-ssl.itunes.apple.com/itunes-assets/AudioPreview211/v4/80/34/e5/8034e5bb-81d5-cac4-6ed2-0d2e7c87de5b/mzaf_15279950278416874846.plus.aac.p.m4a,Apple iTunes Search API,https://itunes.apple.com/lookup?id=1462045698&entity=song&limit=200&country=hk,False
apple-1462045698,Get A Life (Live),live,3,10,song,十面埋伏 (Live),陳奕迅,3:49,229187,1462046117,,https://music.apple.com/hk/album/%E5%8D%81%E9%9D%A2%E5%9F%8B%E4%BC%8F-live/1462045698?i=1462046117&uo=4,https://audio-ssl.itunes.apple.com/itunes-assets/AudioPreview211/v4/5a/fc/35/5afc3554-e83a-5ff8-7fa1-fef5521261bd/mzaf_4935905612631841134.plus.aac.p.m4a,Apple iTunes Search API,https://itunes.apple.com/lookup?id=1462045698&entity=song&limit=200&country=hk,False
apple-1462045698,Get A Life (Live),live,3,11,song,葡萄成熟時 (Live),陳奕迅,4:45,284920,1462046120,,https://music.apple.com/hk/album/%E8%91%A1%E8%90%84%E6%88%90%E7%86%9F%E6%99%82-live/1462045698?i=1462046120&uo=4,https://audio-ssl.itunes.apple.com/itunes-assets/AudioPreview211/v4/09/f8/87/09f88764-b993-f87b-5ee9-2cc9a3cd6904/mzaf_1583378515525250371.plus.aac.p.m4a,Apple iTunes Search API,https://itunes.apple.com/lookup?id=1462045698&entity=song&limit=200&country=hk,False
apple-1462045698,Get A Life (Live),live,3,12,song,KING KONG + 超人的主題曲 (Live),陳奕迅,8:42,522000,1462046122,,https://music.apple.com/hk/album/king-kong-%E8%B6%85%E4%BA%BA%E7%9A%84%E4%B8%BB%E9%A1%8C%E6%9B%B2-live/1462045698?i=1462046122&uo=4,https://audio-ssl.itunes.apple.com/itunes-assets/AudioPreview211/v4/13/be/f2/13bef212-d44e-25b9-e7fe-2968f7e4726e/mzaf_737061094466659644.plus.aac.p.m4a,Apple iTunes Search API,https://itunes.apple.com/lookup?id=1462045698&entity=song&limit=200&country=hk,False
apple-1462045698,Get A Life (Live),live,3,13,song,明年今日 (Live),陳奕迅,3:42,222053,1462046123,,https://music.apple.com/hk/album/%E6%98%8E%E5%B9%B4%E4%BB%8A%E6%97%A5-live/1462045698?i=1462046123&uo=4,https://audio-ssl.itunes.apple.com/itunes-assets/AudioPreview221/v4/91/43/cb/9143cbda-3c19-0f56-e2ba-123d95ec58a8/mzaf_15395477245650690002.plus.aac.p.m4a,Apple iTunes Search API,https://itunes.apple.com/lookup?id=1462045698&entity=song&limit=200&country=hk,False
apple-1462045698,Get A Life (Live),live,3,14,song,K歌之王 (Live),陳奕迅,4:48,288147,1462046336,,https://music.apple.com/hk/album/k%E6%AD%8C%E4%B9%8B%E7%8E%8B-live/1462045698?i=1462046336&uo=4,https://audio-ssl.itunes.apple.com/itunes-assets/AudioPreview221/v4/4e/71/a0/4e71a0ec-ca68-f9bb-82cd-a398e9592f66/mzaf_7765688254895541404.plus.aac.p.m4a,Apple iTunes Search API,https://itunes.apple.com/lookup?id=1462045698&entity=song&limit=200&country=hk,False
apple-1462045698,Get A Life (Live),live,3,15,song,人來人往 (Live),陳奕迅,4:31,271160,1462046364,,https://music.apple.com/hk/album/%E4%BA%BA%E4%BE%86%E4%BA%BA%E5%BE%80-live/1462045698?i=1462046364&uo=4,https://audio-ssl.itunes.apple.com/itunes-assets/AudioPreview211/v4/9d/e0/05/9de00529-caa7-0428-aaeb-448cfe4a3da9/mzaf_17817818823665742896.plus.aac.p.m4a,Apple iTunes Search API,https://itunes.apple.com/lookup?id=1462045698&entity=song&limit=200&country=hk,False
apple-1462045698,Get A Life (Live),live,3,16,song,阿牛 (Live),陳奕迅,3:40,219720,1462046367,,https://music.apple.com/hk/album/%E9%98%BF%E7%89%9B-live/1462045698?i=1462046367&uo=4,https://audio-ssl.itunes.apple.com/itunes-assets/AudioPreview221/v4/b0/ac/18/b0ac1878-c02a-4096-d9cc-941b1562ee69/mzaf_6482244501215046024.plus.aac.p.m4a,Apple iTunes Search API,https://itunes.apple.com/lookup?id=1462045698&entity=song&limit=200&country=hk,False
apple-1462045698,Get A Life (Live),live,3,17,song,與我常在 (Live),陳奕迅,5:26,325853,1462046371,,https://music.apple.com/hk/album/%E8%88%87%E6%88%91%E5%B8%B8%E5%9C%A8-live/1462045698?i=1462046371&uo=4,https://audio-ssl.itunes.apple.com/itunes-assets/AudioPreview221/v4/0e/2c/77/0e2c77b5-e2d3-445d-62bb-91bc08778fb1/mzaf_11896315889916906958.plus.aac.p.m4a,Apple iTunes Search API,https://itunes.apple.com/lookup?id=1462045698&entity=song&limit=200&country=hk,False
apple-1490822079,What's Going On...? (Remastered 2019),studio,1,1,song,裙下之臣,陳奕迅,4:24,263867,1490822081,,https://music.apple.com/hk/album/%E8%A3%99%E4%B8%8B%E4%B9%8B%E8%87%A3/1490822079?i=1490822081&uo=4,https://audio-ssl.itunes.apple.com/itunes-assets/AudioPreview211/v4/d9/34/be/d934bee1-4650-fd4c-39c3-38a156c6d8b9/mzaf_5697870808658387871.plus.aac.p.m4a,Apple iTunes Search API,https://itunes.apple.com/lookup?id=1490822079&entity=song&limit=200&country=hk,False
apple-1490822079,What's Going On...? (Remastered 2019),studio,1,2,song,最後的嬉皮士,陳奕迅,3:33,213200,1490822082,,https://music.apple.com/hk/album/%E6%9C%80%E5%BE%8C%E7%9A%84%E5%AC%89%E7%9A%AE%E5%A3%AB/1490822079?i=1490822082&uo=4,https://audio-ssl.itunes.apple.com/itunes-assets/AudioPreview221/v4/42/bd/2b/42bd2b0d-9301-2464-f5d9-b189b7af0690/mzaf_5200585468734375044.plus.aac.p.m4a,Apple iTunes Search API,https://itunes.apple.com/lookup?id=1490822079&entity=song&limit=200&country=hk,False
apple-1490822079,What's Going On...? (Remastered 2019),studio,1,3,song,白玫瑰,陳奕迅,4:00,240160,1490822086,,https://music.apple.com/hk/album/%E7%99%BD%E7%8E%AB%E7%91%B0/1490822079?i=1490822086&uo=4,https://audio-ssl.itunes.apple.com/itunes-assets/AudioPreview221/v4/60/3e/7a/603e7abf-8af7-3fa4-a0a7-4e462c522658/mzaf_16956122284762293723.plus.aac.p.m4a,Apple iTunes Search API,https://itunes.apple.com/lookup?id=1490822079&entity=song&limit=200&country=hk,False
apple-1490822079,What's Going On...? (Remastered 2019),studio,1,4,song,黑擇明,陳奕迅,4:32,272333,1490822087,,https://music.apple.com/hk/album/%E9%BB%91%E6%93%87%E6%98%8E/1490822079?i=1490822087&uo=4,https://audio-ssl.itunes.apple.com/itunes-assets/AudioPreview211/v4/6a/24/be/6a24be57-cf29-ab45-8957-e6b485bea33f/mzaf_5639520343990004177.plus.aac.p.m4a,Apple iTunes Search API,https://itunes.apple.com/lookup?id=1490822079&entity=song&limit=200&country=hk,False
apple-1490822079,What's Going On...? (Remastered 2019),studio,1,5,song,富士山下,陳奕迅,4:27,267107,1490822088,,https://music.apple.com/hk/album/%E5%AF%8C%E5%A3%AB%E5%B1%B1%E4%B8%8B/1490822079?i=1490822088&uo=4,https://audio-ssl.itunes.apple.com/itunes-assets/AudioPreview221/v4/2d/cc/34/2dcc3407-d807-8440-6cd5-66738d3223e8/mzaf_12568980712879160322.plus.aac.p.m4a,Apple iTunes Search API,https://itunes.apple.com/lookup?id=1490822079&entity=song&limit=200&country=hk,False
apple-1490822079,What's Going On...? (Remastered 2019),studio,1,6,song,不如不見,陳奕迅,4:10,250160,1490822089,,https://music.apple.com/hk/album/%E4%B8%8D%E5%A6%82%E4%B8%8D%E8%A6%8B/1490822079?i=1490822089&uo=4,https://audio-ssl.itunes.apple.com/itunes-assets/AudioPreview211/v4/ff/73/17/ff731799-d990-5272-01a7-151e6725a79c/mzaf_886685615485176590.plus.aac.p.m4a,Apple iTunes Search API,https://itunes.apple.com/lookup?id=1490822079&entity=song&limit=200&country=hk,False
apple-1490822079,What's Going On...? (Remastered 2019),studio,1,7,song,心深傷透,陳奕迅,4:10,250160,1490822090,,https://music.apple.com/hk/album/%E5%BF%83%E6%B7%B1%E5%82%B7%E9%80%8F/1490822079?i=1490822090&uo=4,https://audio-ssl.itunes.apple.com/itunes-assets/AudioPreview221/v4/32/b7/52/32b752e3-b1c9-416f-8f45-6da66955db63/mzaf_2178035437779976869.plus.aac.p.m4a,Apple iTunes Search API,https://itunes.apple.com/lookup?id=1490822079&entity=song&limit=200&country=hk,False
apple-1490822079,What's Going On...? (Remastered 2019),studio,1,8,song,解藥,陳奕迅,4:10,250013,1490822091,,https://music.apple.com/hk/album/%E8%A7%A3%E8%97%A5/1490822079?i=1490822091&uo=4,https://audio-ssl.itunes.apple.com/itunes-assets/AudioPreview211/v4/0e/cc/2d/0ecc2da5-43d7-72c8-bf6b-53cdbb027db6/mzaf_14875058758908448332.plus.aac.p.m4a,Apple iTunes Search API,https://itunes.apple.com/lookup?id=1490822079&entity=song&limit=200&country=hk,False
apple-1490822079,What's Going On...? (Remastered 2019),studio,1,9,song,天公地道,陳奕迅,4:03,243307,1490822092,,https://music.apple.com/hk/album/%E5%A4%A9%E5%85%AC%E5%9C%B0%E9%81%93/1490822079?i=1490822092&uo=4,https://audio-ssl.itunes.apple.com/itunes-assets/AudioPreview211/v4/79/3e/55/793e55bb-c39a-9090-e461-f52873489fc3/mzaf_4211671541601314961.plus.aac.p.m4a,Apple iTunes Search API,https://itunes.apple.com/lookup?id=1490822079&entity=song&limit=200&country=hk,False
apple-1490822079,What's Going On...? (Remastered 2019),studio,1,10,song,粵語殘片,陳奕迅,4:40,280200,1490822093,,https://music.apple.com/hk/album/%E7%B2%B5%E8%AA%9E%E6%AE%98%E7%89%87/1490822079?i=1490822093&uo=4,https://audio-ssl.itunes.apple.com/itunes-assets/AudioPreview221/v4/4b/00/94/4b00940d-a307-5fc7-ecff-c16f8f114642/mzaf_3306607141895816097.plus.aac.p.m4a,Apple iTunes Search API,https://itunes.apple.com/lookup?id=1490822079&entity=song&limit=200&country=hk,False
mb-a31bc717-6e9e-4937-b444-3bd3b430e19c,Sound & Sight,compilation,1,1,song,24,陳奕迅,4:14,253984,,9d52c9a9-fa6d-4071-bee3-a37ed6e6c0d7,https://musicbrainz.org/recording/9d52c9a9-fa6d-4071-bee3-a37ed6e6c0d7,,MusicBrainz physical release metadata,https://musicbrainz.org/release/a31bc717-6e9e-4937-b444-3bd3b430e19c,False
mb-a31bc717-6e9e-4937-b444-3bd3b430e19c,Sound & Sight,compilation,1,2,song,不求人,陳奕迅,3:35,215323,,6c4530b8-6741-4106-8382-30ade584051e,https://musicbrainz.org/recording/6c4530b8-6741-4106-8382-30ade584051e,,MusicBrainz physical release metadata,https://musicbrainz.org/release/a31bc717-6e9e-4937-b444-3bd3b430e19c,False
mb-a31bc717-6e9e-4937-b444-3bd3b430e19c,Sound & Sight,compilation,1,3,song,最後今晚,陳奕迅,3:50,230000,,051cf48c-5ec6-416e-a532-52ea23caea01,https://musicbrainz.org/recording/051cf48c-5ec6-416e-a532-52ea23caea01,,MusicBrainz physical release metadata,https://musicbrainz.org/release/a31bc717-6e9e-4937-b444-3bd3b430e19c,False
mb-a31bc717-6e9e-4937-b444-3bd3b430e19c,Sound & Sight,compilation,1,4,song,愛你入骨,陳奕迅,4:05,245000,,1627c3b4-b997-4eb4-8f0f-a0bf319b214d,https://musicbrainz.org/recording/1627c3b4-b997-4eb4-8f0f-a0bf319b214d,,MusicBrainz physical release metadata,https://musicbrainz.org/release/a31bc717-6e9e-4937-b444-3bd3b430e19c,False
mb-a31bc717-6e9e-4937-b444-3bd3b430e19c,Sound & Sight,compilation,1,5,song,歲月如歌,陳奕迅,3:29,209000,,7cf24ddd-2f5b-4410-8437-16a8d64e21bc,https://musicbrainz.org/recording/7cf24ddd-2f5b-4410-8437-16a8d64e21bc,,MusicBrainz physical release metadata,https://musicbrainz.org/release/a31bc717-6e9e-4937-b444-3bd3b430e19c,False
mb-a31bc717-6e9e-4937-b444-3bd3b430e19c,Sound & Sight,compilation,1,6,song,2001太空漫遊,陳奕迅,3:59,239000,,3ef0df46-54b3-4c23-a068-265f028064df,https://musicbrainz.org/recording/3ef0df46-54b3-4c23-a068-265f028064df,,MusicBrainz physical release metadata,https://musicbrainz.org/release/a31bc717-6e9e-4937-b444-3bd3b430e19c,False
mb-a31bc717-6e9e-4937-b444-3bd3b430e19c,Sound & Sight,compilation,1,7,song,明年今日,陳奕迅,3:25,205142,,b777435e-1ae7-46c2-a967-023e52e3a451,https://musicbrainz.org/recording/b777435e-1ae7-46c2-a967-023e52e3a451,,MusicBrainz physical release metadata,https://musicbrainz.org/release/a31bc717-6e9e-4937-b444-3bd3b430e19c,False
mb-a31bc717-6e9e-4937-b444-3bd3b430e19c,Sound & Sight,compilation,1,8,song,給愛麗斯,陳奕迅,3:31,211000,,12b01e79-5f93-4285-b185-f4eee9053578,https://musicbrainz.org/recording/12b01e79-5f93-4285-b185-f4eee9053578,,MusicBrainz physical release metadata,https://musicbrainz.org/release/a31bc717-6e9e-4937-b444-3bd3b430e19c,False
mb-a31bc717-6e9e-4937-b444-3bd3b430e19c,Sound & Sight,compilation,1,9,song,一切還好,陳奕迅,4:56,296000,,ae96486d-9de7-4265-a075-ff25b25bdd42,https://musicbrainz.org/recording/ae96486d-9de7-4265-a075-ff25b25bdd42,,MusicBrainz physical release metadata,https://musicbrainz.org/release/a31bc717-6e9e-4937-b444-3bd3b430e19c,False
mb-a31bc717-6e9e-4937-b444-3bd3b430e19c,Sound & Sight,compilation,1,10,song,打得火熱,陳奕迅,3:18,198000,,8ce23a85-f861-40d8-b276-1f7af6f000ff,https://musicbrainz.org/recording/8ce23a85-f861-40d8-b276-1f7af6f000ff,,MusicBrainz physical release metadata,https://musicbrainz.org/release/a31bc717-6e9e-4937-b444-3bd3b430e19c,False
mb-a31bc717-6e9e-4937-b444-3bd3b430e19c,Sound & Sight,compilation,1,11,song,打回原形,陳奕迅,4:12,251954,,8d528c10-e321-446a-86d1-d2be71da6341,https://musicbrainz.org/recording/8d528c10-e321-446a-86d1-d2be71da6341,,MusicBrainz physical release metadata,https://musicbrainz.org/release/a31bc717-6e9e-4937-b444-3bd3b430e19c,False
mb-a31bc717-6e9e-4937-b444-3bd3b430e19c,Sound & Sight,compilation,1,12,song,1874,陳奕迅,3:49,229064,,00ca5112-ad02-45b6-96a9-dfff90af4a4f,https://musicbrainz.org/recording/00ca5112-ad02-45b6-96a9-dfff90af4a4f,,MusicBrainz physical release metadata,https://musicbrainz.org/release/a31bc717-6e9e-4937-b444-3bd3b430e19c,False
mb-a31bc717-6e9e-4937-b444-3bd3b430e19c,Sound & Sight,compilation,1,13,song,單車,陳奕迅,3:29,209000,,2a2c16d2-c9c7-491d-b2c7-c882909f1735,https://musicbrainz.org/recording/2a2c16d2-c9c7-491d-b2c7-c882909f1735,,MusicBrainz physical release metadata,https://musicbrainz.org/release/a31bc717-6e9e-4937-b444-3bd3b430e19c,False
mb-a31bc717-6e9e-4937-b444-3bd3b430e19c,Sound & Sight,compilation,1,14,song,天使的禮物,陳奕迅,3:24,204000,,057c9a3d-e572-45e4-9e73-857af8de5a94,https://musicbrainz.org/recording/057c9a3d-e572-45e4-9e73-857af8de5a94,,MusicBrainz physical release metadata,https://musicbrainz.org/release/a31bc717-6e9e-4937-b444-3bd3b430e19c,False
mb-a31bc717-6e9e-4937-b444-3bd3b430e19c,Sound & Sight,compilation,2,1,song,跳得火熱 (remix),陳奕迅,15:54,954000,,c68883d7-26a4-4141-a04b-cdbd8aaf630d,https://musicbrainz.org/recording/c68883d7-26a4-4141-a04b-cdbd8aaf630d,,MusicBrainz physical release metadata,https://musicbrainz.org/release/a31bc717-6e9e-4937-b444-3bd3b430e19c,False
mb-a31bc717-6e9e-4937-b444-3bd3b430e19c,Sound & Sight,compilation,2,2,song,K歌之王,陳奕迅,3:42,222000,,fcf2e1c6-8587-4b94-80d8-121f12b84d87,https://musicbrainz.org/recording/fcf2e1c6-8587-4b94-80d8-121f12b84d87,,MusicBrainz physical release metadata,https://musicbrainz.org/release/a31bc717-6e9e-4937-b444-3bd3b430e19c,False
mb-a31bc717-6e9e-4937-b444-3bd3b430e19c,Sound & Sight,compilation,2,3,song,十面埋伏,陳奕迅,3:52,232000,,3198f69a-2032-4169-a4dd-a2165ddd9b10,https://musicbrainz.org/recording/3198f69a-2032-4169-a4dd-a2165ddd9b10,,MusicBrainz physical release metadata,https://musicbrainz.org/release/a31bc717-6e9e-4937-b444-3bd3b430e19c,False
mb-a31bc717-6e9e-4937-b444-3bd3b430e19c,Sound & Sight,compilation,2,4,song,孤獨探戈,陳奕迅,3:24,204000,,efe8f608-84d4-4bc4-b37e-f38d6eb681c8,https://musicbrainz.org/recording/efe8f608-84d4-4bc4-b37e-f38d6eb681c8,,MusicBrainz physical release metadata,https://musicbrainz.org/release/a31bc717-6e9e-4937-b444-3bd3b430e19c,False
mb-a31bc717-6e9e-4937-b444-3bd3b430e19c,Sound & Sight,compilation,2,5,song,幸災樂禍,陳奕迅,3:26,206000,,efcbd95e-9fcb-40b0-acb6-7cfd489fecf9,https://musicbrainz.org/recording/efcbd95e-9fcb-40b0-acb6-7cfd489fecf9,,MusicBrainz physical release metadata,https://musicbrainz.org/release/a31bc717-6e9e-4937-b444-3bd3b430e19c,False
mb-a31bc717-6e9e-4937-b444-3bd3b430e19c,Sound & Sight,compilation,2,6,song,第一類接觸,陳奕迅,2:59,179000,,84f81404-ac25-464f-a229-c841549485d5,https://musicbrainz.org/recording/84f81404-ac25-464f-a229-c841549485d5,,MusicBrainz physical release metadata,https://musicbrainz.org/release/a31bc717-6e9e-4937-b444-3bd3b430e19c,False
mb-a31bc717-6e9e-4937-b444-3bd3b430e19c,Sound & Sight,compilation,2,7,song,低等動物,陳奕迅,4:20,260000,,09d3345f-bfb2-4346-88fa-ec3dff497ce0,https://musicbrainz.org/recording/09d3345f-bfb2-4346-88fa-ec3dff497ce0,,MusicBrainz physical release metadata,https://musicbrainz.org/release/a31bc717-6e9e-4937-b444-3bd3b430e19c,False
mb-a31bc717-6e9e-4937-b444-3bd3b430e19c,Sound & Sight,compilation,2,8,song,綿綿,陳奕迅,4:05,245000,,bba0b1c6-0a55-437f-9cd4-d9b767441213,https://musicbrainz.org/recording/bba0b1c6-0a55-437f-9cd4-d9b767441213,,MusicBrainz physical release metadata,https://musicbrainz.org/release/a31bc717-6e9e-4937-b444-3bd3b430e19c,False
mb-a31bc717-6e9e-4937-b444-3bd3b430e19c,Sound & Sight,compilation,2,9,song,人來人往,陳奕迅,3:52,232000,,ccc5ed8a-534c-49f8-b6c0-5f0639d2f1eb,https://musicbrainz.org/recording/ccc5ed8a-534c-49f8-b6c0-5f0639d2f1eb,,MusicBrainz physical release metadata,https://musicbrainz.org/release/a31bc717-6e9e-4937-b444-3bd3b430e19c,False
mb-a31bc717-6e9e-4937-b444-3bd3b430e19c,Sound & Sight,compilation,2,10,song,忘記歌詞,陳奕迅,3:38,218000,,2822a6ac-1a1a-488e-80c6-336ed8287dd3,https://musicbrainz.org/recording/2822a6ac-1a1a-488e-80c6-336ed8287dd3,,MusicBrainz physical release metadata,https://musicbrainz.org/release/a31bc717-6e9e-4937-b444-3bd3b430e19c,False
mb-a31bc717-6e9e-4937-b444-3bd3b430e19c,Sound & Sight,compilation,2,11,song,失戀太少,陳奕迅,3:34,214000,,bc223832-c9ba-4722-b6a9-58b2087b8cb3,https://musicbrainz.org/recording/bc223832-c9ba-4722-b6a9-58b2087b8cb3,,MusicBrainz physical release metadata,https://musicbrainz.org/release/a31bc717-6e9e-4937-b444-3bd3b430e19c,False
mb-a31bc717-6e9e-4937-b444-3bd3b430e19c,Sound & Sight,compilation,2,12,song,猜情尋,陳奕迅,4:08,248000,,760b6505-d2f1-4330-8d0c-2fb5b7202a7c,https://musicbrainz.org/recording/760b6505-d2f1-4330-8d0c-2fb5b7202a7c,,MusicBrainz physical release metadata,https://musicbrainz.org/release/a31bc717-6e9e-4937-b444-3bd3b430e19c,False
mb-a31bc717-6e9e-4937-b444-3bd3b430e19c,Sound & Sight,compilation,2,13,song,冤氣,陳奕迅,4:21,261000,,f394a6d5-10df-4bb4-94f5-18bd43a37539,https://musicbrainz.org/recording/f394a6d5-10df-4bb4-94f5-18bd43a37539,,MusicBrainz physical release metadata,https://musicbrainz.org/release/a31bc717-6e9e-4937-b444-3bd3b430e19c,False
mb-a31bc717-6e9e-4937-b444-3bd3b430e19c,Sound & Sight,compilation,2,14,song,衝口而出,陳奕迅,3:32,212000,,6a025844-a228-4da2-9130-bfb4c8c1afa2,https://musicbrainz.org/recording/6a025844-a228-4da2-9130-bfb4c8c1afa2,,MusicBrainz physical release metadata,https://musicbrainz.org/release/a31bc717-6e9e-4937-b444-3bd3b430e19c,False
mb-a31bc717-6e9e-4937-b444-3bd3b430e19c,Sound & Sight,compilation,3,1,song,2006歲月情歌 (remix),陳奕迅,12:56,776000,,679094b4-d33d-4575-ab80-047ce82bd4c5,https://musicbrainz.org/recording/679094b4-d33d-4575-ab80-047ce82bd4c5,,MusicBrainz physical release metadata,https://musicbrainz.org/release/a31bc717-6e9e-4937-b444-3bd3b430e19c,False
mb-a31bc717-6e9e-4937-b444-3bd3b430e19c,Sound & Sight,compilation,3,2,song,Shall We Talk,陳奕迅,3:47,227000,,f8049525-29ed-4f0b-97f1-c3107f6860c9,https://musicbrainz.org/recording/f8049525-29ed-4f0b-97f1-c3107f6860c9,,MusicBrainz physical release metadata,https://musicbrainz.org/release/a31bc717-6e9e-4937-b444-3bd3b430e19c,False
mb-a31bc717-6e9e-4937-b444-3bd3b430e19c,Sound & Sight,compilation,3,3,song,Lonely Christmas,陳奕迅,4:40,280000,,9a5f9dac-4c78-48e1-8522-469ec238cfef,https://musicbrainz.org/recording/9a5f9dac-4c78-48e1-8522-469ec238cfef,,MusicBrainz physical release metadata,https://musicbrainz.org/release/a31bc717-6e9e-4937-b444-3bd3b430e19c,False
mb-a31bc717-6e9e-4937-b444-3bd3b430e19c,Sound & Sight,compilation,3,4,song,隨意門,陳奕迅,4:09,249000,,c5603773-e7c6-4770-b009-fc2134030dd0,https://musicbrainz.org/recording/c5603773-e7c6-4770-b009-fc2134030dd0,,MusicBrainz physical release metadata,https://musicbrainz.org/release/a31bc717-6e9e-4937-b444-3bd3b430e19c,False
mb-a31bc717-6e9e-4937-b444-3bd3b430e19c,Sound & Sight,compilation,3,5,song,阿士匹靈,陳奕迅,4:04,244000,,ca1eeb88-2fd1-40a8-b968-db099b42a10a,https://musicbrainz.org/recording/ca1eeb88-2fd1-40a8-b968-db099b42a10a,,MusicBrainz physical release metadata,https://musicbrainz.org/release/a31bc717-6e9e-4937-b444-3bd3b430e19c,False
mb-a31bc717-6e9e-4937-b444-3bd3b430e19c,Sound & Sight,compilation,3,6,song,King Kong,陳奕迅,3:24,204000,,b87cc843-cc76-43cd-9d22-44e22f1cec9a,https://musicbrainz.org/recording/b87cc843-cc76-43cd-9d22-44e22f1cec9a,,MusicBrainz physical release metadata,https://musicbrainz.org/release/a31bc717-6e9e-4937-b444-3bd3b430e19c,False
mb-a31bc717-6e9e-4937-b444-3bd3b430e19c,Sound & Sight,compilation,3,7,song,他一個人,陳奕迅,4:23,263000,,b438b6d3-cf40-41e0-acdf-0b19ed879fe4,https://musicbrainz.org/recording/b438b6d3-cf40-41e0-acdf-0b19ed879fe4,,MusicBrainz physical release metadata,https://musicbrainz.org/release/a31bc717-6e9e-4937-b444-3bd3b430e19c,False
mb-a31bc717-6e9e-4937-b444-3bd3b430e19c,Sound & Sight,compilation,3,8,song,Katrina,陳奕迅,3:50,230000,,347cd891-26a3-497c-a959-1396a7fbd634,https://musicbrainz.org/recording/347cd891-26a3-497c-a959-1396a7fbd634,,MusicBrainz physical release metadata,https://musicbrainz.org/release/a31bc717-6e9e-4937-b444-3bd3b430e19c,False
mb-a31bc717-6e9e-4937-b444-3bd3b430e19c,Sound & Sight,compilation,3,9,song,少見不怪,陳奕迅,3:50,230000,,9db84097-13dc-4b82-bddf-92f7e4447b47,https://musicbrainz.org/recording/9db84097-13dc-4b82-bddf-92f7e4447b47,,MusicBrainz physical release metadata,https://musicbrainz.org/release/a31bc717-6e9e-4937-b444-3bd3b430e19c,False
mb-a31bc717-6e9e-4937-b444-3bd3b430e19c,Sound & Sight,compilation,3,10,song,人工智能,陳奕迅,3:44,224000,,53860ece-9129-4b81-8cf1-131cf0316bfb,https://musicbrainz.org/recording/53860ece-9129-4b81-8cf1-131cf0316bfb,,MusicBrainz physical release metadata,https://musicbrainz.org/release/a31bc717-6e9e-4937-b444-3bd3b430e19c,False
mb-a31bc717-6e9e-4937-b444-3bd3b430e19c,Sound & Sight,compilation,3,11,song,活著多好,陳奕迅,4:22,262000,,d7ab8e1c-4aa8-4a48-958c-d24b64ca6add,https://musicbrainz.org/recording/d7ab8e1c-4aa8-4a48-958c-d24b64ca6add,,MusicBrainz physical release metadata,https://musicbrainz.org/release/a31bc717-6e9e-4937-b444-3bd3b430e19c,False
mb-a31bc717-6e9e-4937-b444-3bd3b430e19c,Sound & Sight,compilation,3,12,song,呀邊個邊個,陳奕迅,3:06,186000,,1026bfee-fe5a-4675-adde-2465af61e1e0,https://musicbrainz.org/recording/1026bfee-fe5a-4675-adde-2465af61e1e0,,MusicBrainz physical release metadata,https://musicbrainz.org/release/a31bc717-6e9e-4937-b444-3bd3b430e19c,False
mb-a31bc717-6e9e-4937-b444-3bd3b430e19c,Sound & Sight,compilation,3,13,song,八里公路,陳奕迅,4:49,289000,,b2296a7d-056a-406c-afcd-d38e35ebdcd3,https://musicbrainz.org/recording/b2296a7d-056a-406c-afcd-d38e35ebdcd3,,MusicBrainz physical release metadata,https://musicbrainz.org/release/a31bc717-6e9e-4937-b444-3bd3b430e19c,False
mb-a31bc717-6e9e-4937-b444-3bd3b430e19c,Sound & Sight,compilation,3,14,song,熱帶雨林,陳奕迅,4:17,257000,,323b2d46-3e89-411f-a959-2f8e516a9ce7,https://musicbrainz.org/recording/323b2d46-3e89-411f-a959-2f8e516a9ce7,,MusicBrainz physical release metadata,https://musicbrainz.org/release/a31bc717-6e9e-4937-b444-3bd3b430e19c,False
mb-a31bc717-6e9e-4937-b444-3bd3b430e19c,Sound & Sight,compilation,4,1,song,Hit List Remix,陳奕迅,7:01,421000,,120bc5d4-725b-431a-ab56-accb44e5a832,https://musicbrainz.org/recording/120bc5d4-725b-431a-ab56-accb44e5a832,,MusicBrainz physical release metadata,https://musicbrainz.org/release/a31bc717-6e9e-4937-b444-3bd3b430e19c,False
mb-a31bc717-6e9e-4937-b444-3bd3b430e19c,Sound & Sight,compilation,4,2,song,愛是懷疑,陳奕迅,4:34,274000,,75001eda-2796-4df9-bca2-f7ab0672f232,https://musicbrainz.org/recording/75001eda-2796-4df9-bca2-f7ab0672f232,,MusicBrainz physical release metadata,https://musicbrainz.org/release/a31bc717-6e9e-4937-b444-3bd3b430e19c,False
mb-a31bc717-6e9e-4937-b444-3bd3b430e19c,Sound & Sight,compilation,4,3,song,壞情人,陳奕迅,3:23,203000,,c07f9ecc-31c4-4379-bd06-18c484c9f578,https://musicbrainz.org/recording/c07f9ecc-31c4-4379-bd06-18c484c9f578,,MusicBrainz physical release metadata,https://musicbrainz.org/release/a31bc717-6e9e-4937-b444-3bd3b430e19c,False
mb-a31bc717-6e9e-4937-b444-3bd3b430e19c,Sound & Sight,compilation,4,4,song,活躍症,陳奕迅,5:27,327000,,e447e958-1cc5-4ae2-93d8-5d8f81d33f3e,https://musicbrainz.org/recording/e447e958-1cc5-4ae2-93d8-5d8f81d33f3e,,MusicBrainz physical release metadata,https://musicbrainz.org/release/a31bc717-6e9e-4937-b444-3bd3b430e19c,False
mb-a31bc717-6e9e-4937-b444-3bd3b430e19c,Sound & Sight,compilation,4,5,song,真相,陳奕迅,3:20,200000,,a24d278c-7cae-410e-8154-336b77784d7f,https://musicbrainz.org/recording/a24d278c-7cae-410e-8154-336b77784d7f,,MusicBrainz physical release metadata,https://musicbrainz.org/release/a31bc717-6e9e-4937-b444-3bd3b430e19c,False
mb-a31bc717-6e9e-4937-b444-3bd3b430e19c,Sound & Sight,compilation,4,6,song,謊言,陳奕迅,4:13,253000,,064b8571-b80b-4064-8555-04fa5d02ade1,https://musicbrainz.org/recording/064b8571-b80b-4064-8555-04fa5d02ade1,,MusicBrainz physical release metadata,https://musicbrainz.org/release/a31bc717-6e9e-4937-b444-3bd3b430e19c,False
mb-a31bc717-6e9e-4937-b444-3bd3b430e19c,Sound & Sight,compilation,4,7,song,小孩不懂怕,陳奕迅,3:47,227000,,9ae559cf-3d40-402d-8161-f60074f275a2,https://musicbrainz.org/recording/9ae559cf-3d40-402d-8161-f60074f275a2,,MusicBrainz physical release metadata,https://musicbrainz.org/release/a31bc717-6e9e-4937-b444-3bd3b430e19c,False
mb-a31bc717-6e9e-4937-b444-3bd3b430e19c,Sound & Sight,compilation,4,8,song,我不好愛,陳奕迅,4:02,242000,,11efe150-ad6e-40b6-8ce8-24afb2493a24,https://musicbrainz.org/recording/11efe150-ad6e-40b6-8ce8-24afb2493a24,,MusicBrainz physical release metadata,https://musicbrainz.org/release/a31bc717-6e9e-4937-b444-3bd3b430e19c,False
mb-a31bc717-6e9e-4937-b444-3bd3b430e19c,Sound & Sight,compilation,4,9,song,心裡有鬼,陳奕迅,3:47,227000,,9158fd4d-f03a-46fd-864c-ceb439018ddb,https://musicbrainz.org/recording/9158fd4d-f03a-46fd-864c-ceb439018ddb,,MusicBrainz physical release metadata,https://musicbrainz.org/release/a31bc717-6e9e-4937-b444-3bd3b430e19c,False
mb-a31bc717-6e9e-4937-b444-3bd3b430e19c,Sound & Sight,compilation,4,10,song,五星級迫爆,陳奕迅,3:03,183000,,0bff2978-1481-4ec7-8f07-f81847865d24,https://musicbrainz.org/recording/0bff2978-1481-4ec7-8f07-f81847865d24,,MusicBrainz physical release metadata,https://musicbrainz.org/release/a31bc717-6e9e-4937-b444-3bd3b430e19c,False
mb-a31bc717-6e9e-4937-b444-3bd3b430e19c,Sound & Sight,compilation,4,11,song,不知所謂,陳奕迅,3:24,204000,,fd8946ab-ac08-4519-9474-289d9200c16b,https://musicbrainz.org/recording/fd8946ab-ac08-4519-9474-289d9200c16b,,MusicBrainz physical release metadata,https://musicbrainz.org/release/a31bc717-6e9e-4937-b444-3bd3b430e19c,False
mb-a31bc717-6e9e-4937-b444-3bd3b430e19c,Sound & Sight,compilation,4,12,song,孤兒仔,陳奕迅 + 苦榮,3:43,223000,,fd495503-b588-4d70-807e-7f71f1d29949,https://musicbrainz.org/recording/fd495503-b588-4d70-807e-7f71f1d29949,,MusicBrainz physical release metadata,https://musicbrainz.org/release/a31bc717-6e9e-4937-b444-3bd3b430e19c,False
mb-a31bc717-6e9e-4937-b444-3bd3b430e19c,Sound & Sight,compilation,4,13,song,一疋布,陳奕迅 + 小苦妹,2:58,178000,,3faa8eef-e819-412b-b6eb-a5c3f643f44b,https://musicbrainz.org/recording/3faa8eef-e819-412b-b6eb-a5c3f643f44b,,MusicBrainz physical release metadata,https://musicbrainz.org/release/a31bc717-6e9e-4937-b444-3bd3b430e19c,False
mb-a31bc717-6e9e-4937-b444-3bd3b430e19c,Sound & Sight,compilation,4,14,song,細路,陳奕迅 + 謝霆鋒,4:23,263000,,c8ad119a-77d4-4d4b-bc76-15032a746750,https://musicbrainz.org/recording/c8ad119a-77d4-4d4b-bc76-15032a746750,,MusicBrainz physical release metadata,https://musicbrainz.org/release/a31bc717-6e9e-4937-b444-3bd3b430e19c,False
mb-a31bc717-6e9e-4937-b444-3bd3b430e19c,Sound & Sight,compilation,5,1,song,歲月如歌,陳奕迅,3:20,200000,,599c7fbb-7298-4460-ae77-252592762c6c,https://musicbrainz.org/recording/599c7fbb-7298-4460-ae77-252592762c6c,,MusicBrainz physical release metadata,https://musicbrainz.org/release/a31bc717-6e9e-4937-b444-3bd3b430e19c,False
mb-a31bc717-6e9e-4937-b444-3bd3b430e19c,Sound & Sight,compilation,5,2,song,明年今日,陳奕迅,3:16,196000,,2ee48302-25e2-4ae9-9a79-bc8edba6074f,https://musicbrainz.org/recording/2ee48302-25e2-4ae9-9a79-bc8edba6074f,,MusicBrainz physical release metadata,https://musicbrainz.org/release/a31bc717-6e9e-4937-b444-3bd3b430e19c,False
mb-a31bc717-6e9e-4937-b444-3bd3b430e19c,Sound & Sight,compilation,5,3,song,十面埋伏,陳奕迅,3:15,195000,,70a34795-2309-46c5-8e39-b8602983d3f0,https://musicbrainz.org/recording/70a34795-2309-46c5-8e39-b8602983d3f0,,MusicBrainz physical release metadata,https://musicbrainz.org/release/a31bc717-6e9e-4937-b444-3bd3b430e19c,False
mb-a31bc717-6e9e-4937-b444-3bd3b430e19c,Sound & Sight,compilation,5,4,song,打回原形,陳奕迅,3:35,215000,,de2a19f3-1b79-4f0e-874a-1cdaedb2a418,https://musicbrainz.org/recording/de2a19f3-1b79-4f0e-874a-1cdaedb2a418,,MusicBrainz physical release metadata,https://musicbrainz.org/release/a31bc717-6e9e-4937-b444-3bd3b430e19c,False
mb-a31bc717-6e9e-4937-b444-3bd3b430e19c,Sound & Sight,compilation,5,5,song,K歌之王,陳奕迅,3:42,222000,,128269d6-3525-4447-9fd8-9da96b310f9e,https://musicbrainz.org/recording/128269d6-3525-4447-9fd8-9da96b310f9e,,MusicBrainz physical release metadata,https://musicbrainz.org/release/a31bc717-6e9e-4937-b444-3bd3b430e19c,False
mb-a31bc717-6e9e-4937-b444-3bd3b430e19c,Sound & Sight,compilation,5,6,song,Shall We Talk,陳奕迅,3:56,236000,,e01817c9-2bed-4a59-967e-0214ef993ab2,https://musicbrainz.org/recording/e01817c9-2bed-4a59-967e-0214ef993ab2,,MusicBrainz physical release metadata,https://musicbrainz.org/release/a31bc717-6e9e-4937-b444-3bd3b430e19c,False
mb-a31bc717-6e9e-4937-b444-3bd3b430e19c,Sound & Sight,compilation,5,7,song,給愛麗斯,陳奕迅,3:34,214000,,4811e5ac-881a-4cc6-9a06-eec8c11d4d38,https://musicbrainz.org/recording/4811e5ac-881a-4cc6-9a06-eec8c11d4d38,,MusicBrainz physical release metadata,https://musicbrainz.org/release/a31bc717-6e9e-4937-b444-3bd3b430e19c,False
mb-a31bc717-6e9e-4937-b444-3bd3b430e19c,Sound & Sight,compilation,5,8,song,忘記歌詞,陳奕迅,3:33,213000,,83783bf6-e2ea-4dbc-b799-ed189f4789a4,https://musicbrainz.org/recording/83783bf6-e2ea-4dbc-b799-ed189f4789a4,,MusicBrainz physical release metadata,https://musicbrainz.org/release/a31bc717-6e9e-4937-b444-3bd3b430e19c,False
mb-a31bc717-6e9e-4937-b444-3bd3b430e19c,Sound & Sight,compilation,5,9,song,Lonely Christmas,陳奕迅,4:20,260000,,57c2a3aa-5361-46ef-b9ed-1174fe6b8e02,https://musicbrainz.org/recording/57c2a3aa-5361-46ef-b9ed-1174fe6b8e02,,MusicBrainz physical release metadata,https://musicbrainz.org/release/a31bc717-6e9e-4937-b444-3bd3b430e19c,False
mb-a31bc717-6e9e-4937-b444-3bd3b430e19c,Sound & Sight,compilation,5,10,song,猜情尋,陳奕迅,3:55,235000,,3907ab12-057c-44d2-8826-8a411945f2fb,https://musicbrainz.org/recording/3907ab12-057c-44d2-8826-8a411945f2fb,,MusicBrainz physical release metadata,https://musicbrainz.org/release/a31bc717-6e9e-4937-b444-3bd3b430e19c,False
mb-a31bc717-6e9e-4937-b444-3bd3b430e19c,Sound & Sight,compilation,5,11,song,幸災樂禍,陳奕迅,3:28,208000,,ef19d38f-1798-4730-8e48-b8c91cc4d6e0,https://musicbrainz.org/recording/ef19d38f-1798-4730-8e48-b8c91cc4d6e0,,MusicBrainz physical release metadata,https://musicbrainz.org/release/a31bc717-6e9e-4937-b444-3bd3b430e19c,False
mb-a31bc717-6e9e-4937-b444-3bd3b430e19c,Sound & Sight,compilation,5,12,song,人來人往,陳奕迅,3:46,226000,,c74dd793-7286-40f0-b469-dc73b396703a,https://musicbrainz.org/recording/c74dd793-7286-40f0-b469-dc73b396703a,,MusicBrainz physical release metadata,https://musicbrainz.org/release/a31bc717-6e9e-4937-b444-3bd3b430e19c,False
mb-a31bc717-6e9e-4937-b444-3bd3b430e19c,Sound & Sight,compilation,5,13,song,想哭,陳奕迅,3:35,215000,,beb32fa1-f430-4801-a19b-73ad59524d97,https://musicbrainz.org/recording/beb32fa1-f430-4801-a19b-73ad59524d97,,MusicBrainz physical release metadata,https://musicbrainz.org/release/a31bc717-6e9e-4937-b444-3bd3b430e19c,False
mb-a31bc717-6e9e-4937-b444-3bd3b430e19c,Sound & Sight,compilation,5,14,song,你的背包,陳奕迅,3:32,212000,,471f4448-12f8-4d17-8624-636cf3c7d899,https://musicbrainz.org/recording/471f4448-12f8-4d17-8624-636cf3c7d899,,MusicBrainz physical release metadata,https://musicbrainz.org/release/a31bc717-6e9e-4937-b444-3bd3b430e19c,False
mb-a31bc717-6e9e-4937-b444-3bd3b430e19c,Sound & Sight,compilation,5,15,song,天使的禮物,陳奕迅,3:19,199000,,2453275b-fcbe-4560-a45f-adf784543a7b,https://musicbrainz.org/recording/2453275b-fcbe-4560-a45f-adf784543a7b,,MusicBrainz physical release metadata,https://musicbrainz.org/release/a31bc717-6e9e-4937-b444-3bd3b430e19c,False
mb-a31bc717-6e9e-4937-b444-3bd3b430e19c,Sound & Sight,compilation,5,16,song,打得火熱,陳奕迅,2:34,154000,,98ee39cc-c4ac-45ef-8da5-fd5614009644,https://musicbrainz.org/recording/98ee39cc-c4ac-45ef-8da5-fd5614009644,,MusicBrainz physical release metadata,https://musicbrainz.org/release/a31bc717-6e9e-4937-b444-3bd3b430e19c,False
mb-a31bc717-6e9e-4937-b444-3bd3b430e19c,Sound & Sight,compilation,5,17,song,孤兒仔,陳奕迅,3:23,203000,,7040d3ee-18e5-4bbd-a5e3-94a745c33b89,https://musicbrainz.org/recording/7040d3ee-18e5-4bbd-a5e3-94a745c33b89,,MusicBrainz physical release metadata,https://musicbrainz.org/release/a31bc717-6e9e-4937-b444-3bd3b430e19c,False
mb-a31bc717-6e9e-4937-b444-3bd3b430e19c,Sound & Sight,compilation,5,18,song,單車,陳奕迅,3:19,199000,,1acf8df1-097b-4da9-9185-2fcd37e237c2,https://musicbrainz.org/recording/1acf8df1-097b-4da9-9185-2fcd37e237c2,,MusicBrainz physical release metadata,https://musicbrainz.org/release/a31bc717-6e9e-4937-b444-3bd3b430e19c,False
mb-a31bc717-6e9e-4937-b444-3bd3b430e19c,Sound & Sight,compilation,5,19,song,少見不怪,陳奕迅,3:46,226000,,f94576d2-45a0-4ee8-a647-9b21693b545a,https://musicbrainz.org/recording/f94576d2-45a0-4ee8-a647-9b21693b545a,,MusicBrainz physical release metadata,https://musicbrainz.org/release/a31bc717-6e9e-4937-b444-3bd3b430e19c,False
mb-a31bc717-6e9e-4937-b444-3bd3b430e19c,Sound & Sight,compilation,5,20,song,他一個人,陳奕迅,4:14,254000,,6a1991b9-8a3a-4333-bec3-d5f2708d7912,https://musicbrainz.org/recording/6a1991b9-8a3a-4333-bec3-d5f2708d7912,,MusicBrainz physical release metadata,https://musicbrainz.org/release/a31bc717-6e9e-4937-b444-3bd3b430e19c,False
mb-a31bc717-6e9e-4937-b444-3bd3b430e19c,Sound & Sight,compilation,6,1,music-video,歲月如歌 / 兄妹,陳奕迅,,,,13d8d8ab-8fd5-4241-9400-b0281f7a3443,https://musicbrainz.org/recording/13d8d8ab-8fd5-4241-9400-b0281f7a3443,,MusicBrainz physical release metadata,https://musicbrainz.org/release/a31bc717-6e9e-4937-b444-3bd3b430e19c,False
mb-a31bc717-6e9e-4937-b444-3bd3b430e19c,Sound & Sight,compilation,6,2,music-video,K歌之王,陳奕迅,,,,b7d48120-e96a-4ed5-82b1-b83cba9c4759,https://musicbrainz.org/recording/b7d48120-e96a-4ed5-82b1-b83cba9c4759,,MusicBrainz physical release metadata,https://musicbrainz.org/release/a31bc717-6e9e-4937-b444-3bd3b430e19c,False
mb-a31bc717-6e9e-4937-b444-3bd3b430e19c,Sound & Sight,compilation,6,3,music-video,十面埋伏,陳奕迅,,,,3901bac8-9ec8-4c96-9343-0cfabe673633,https://musicbrainz.org/recording/3901bac8-9ec8-4c96-9343-0cfabe673633,,MusicBrainz physical release metadata,https://musicbrainz.org/release/a31bc717-6e9e-4937-b444-3bd3b430e19c,False
mb-a31bc717-6e9e-4937-b444-3bd3b430e19c,Sound & Sight,compilation,6,4,music-video,給愛麗斯,陳奕迅,,,,b1a95491-f26f-4492-ae8a-a64856bfc1bd,https://musicbrainz.org/recording/b1a95491-f26f-4492-ae8a-a64856bfc1bd,,MusicBrainz physical release metadata,https://musicbrainz.org/release/a31bc717-6e9e-4937-b444-3bd3b430e19c,False
mb-a31bc717-6e9e-4937-b444-3bd3b430e19c,Sound & Sight,compilation,6,5,music-video,Lonely Christmas,陳奕迅,,,,548fe46a-9b74-4e73-857a-9b46d53db1ed,https://musicbrainz.org/recording/548fe46a-9b74-4e73-857a-9b46d53db1ed,,MusicBrainz physical release metadata,https://musicbrainz.org/release/a31bc717-6e9e-4937-b444-3bd3b430e19c,False
mb-a31bc717-6e9e-4937-b444-3bd3b430e19c,Sound & Sight,compilation,6,6,music-video,King Kong,陳奕迅,,,,2450ebc4-40b1-4ae0-85b6-942062e97e1e,https://musicbrainz.org/recording/2450ebc4-40b1-4ae0-85b6-942062e97e1e,,MusicBrainz physical release metadata,https://musicbrainz.org/release/a31bc717-6e9e-4937-b444-3bd3b430e19c,False
mb-a31bc717-6e9e-4937-b444-3bd3b430e19c,Sound & Sight,compilation,6,7,music-video,單車,陳奕迅,,,,d58788bb-8931-459b-aa60-a1aea7c38a79,https://musicbrainz.org/recording/d58788bb-8931-459b-aa60-a1aea7c38a79,,MusicBrainz physical release metadata,https://musicbrainz.org/release/a31bc717-6e9e-4937-b444-3bd3b430e19c,False
mb-a31bc717-6e9e-4937-b444-3bd3b430e19c,Sound & Sight,compilation,6,8,music-video,2001太空漫遊,陳奕迅,,,,32628188-51bd-4518-9f5f-34440be5276a,https://musicbrainz.org/recording/32628188-51bd-4518-9f5f-34440be5276a,,MusicBrainz physical release metadata,https://musicbrainz.org/release/a31bc717-6e9e-4937-b444-3bd3b430e19c,False
mb-a31bc717-6e9e-4937-b444-3bd3b430e19c,Sound & Sight,compilation,6,9,music-video,天使的禮物,陳奕迅,,,,fecf2f85-1265-4774-9d9e-2c7d42ed6b89,https://musicbrainz.org/recording/fecf2f85-1265-4774-9d9e-2c7d42ed6b89,,MusicBrainz physical release metadata,https://musicbrainz.org/release/a31bc717-6e9e-4937-b444-3bd3b430e19c,False
mb-a31bc717-6e9e-4937-b444-3bd3b430e19c,Sound & Sight,compilation,6,10,music-video,幸災樂禍,陳奕迅,,,,e445d205-6a58-4fa2-85ef-8b4bdb1aed68,https://musicbrainz.org/recording/e445d205-6a58-4fa2-85ef-8b4bdb1aed68,,MusicBrainz physical release metadata,https://musicbrainz.org/release/a31bc717-6e9e-4937-b444-3bd3b430e19c,False
mb-a31bc717-6e9e-4937-b444-3bd3b430e19c,Sound & Sight,compilation,6,11,music-video,猜情尋,陳奕迅,,,,b00dae46-6b82-498a-8d37-6299fdfa746f,https://musicbrainz.org/recording/b00dae46-6b82-498a-8d37-6299fdfa746f,,MusicBrainz physical release metadata,https://musicbrainz.org/release/a31bc717-6e9e-4937-b444-3bd3b430e19c,False
mb-a31bc717-6e9e-4937-b444-3bd3b430e19c,Sound & Sight,compilation,6,12,music-video,一切還好,陳奕迅,,,,29417d1a-f988-4254-96db-851cf63ab57a,https://musicbrainz.org/recording/29417d1a-f988-4254-96db-851cf63ab57a,,MusicBrainz physical release metadata,https://musicbrainz.org/release/a31bc717-6e9e-4937-b444-3bd3b430e19c,False
mb-a31bc717-6e9e-4937-b444-3bd3b430e19c,Sound & Sight,compilation,7,1,music-video,明年今日,陳奕迅,,,,28559d91-5a24-4164-8d57-f68c9bb39121,https://musicbrainz.org/recording/28559d91-5a24-4164-8d57-f68c9bb39121,,MusicBrainz physical release metadata,https://musicbrainz.org/release/a31bc717-6e9e-4937-b444-3bd3b430e19c,False
mb-a31bc717-6e9e-4937-b444-3bd3b430e19c,Sound & Sight,compilation,7,2,music-video,Shall We Talk,陳奕迅,,,,84cbf2d1-9e04-47dc-b45d-5ce996d90b5d,https://musicbrainz.org/recording/84cbf2d1-9e04-47dc-b45d-5ce996d90b5d,,MusicBrainz physical release metadata,https://musicbrainz.org/release/a31bc717-6e9e-4937-b444-3bd3b430e19c,False
mb-a31bc717-6e9e-4937-b444-3bd3b430e19c,Sound & Sight,compilation,7,3,music-video,愛是懷疑,陳奕迅,,,,717638a3-8211-43a6-bd80-229ab13d0e02,https://musicbrainz.org/recording/717638a3-8211-43a6-bd80-229ab13d0e02,,MusicBrainz physical release metadata,https://musicbrainz.org/release/a31bc717-6e9e-4937-b444-3bd3b430e19c,False
mb-a31bc717-6e9e-4937-b444-3bd3b430e19c,Sound & Sight,compilation,7,4,music-video,人來人往,陳奕迅,,,,d84e1323-8147-421a-9597-3c96c7572486,https://musicbrainz.org/recording/d84e1323-8147-421a-9597-3c96c7572486,,MusicBrainz physical release metadata,https://musicbrainz.org/release/a31bc717-6e9e-4937-b444-3bd3b430e19c,False
mb-a31bc717-6e9e-4937-b444-3bd3b430e19c,Sound & Sight,compilation,7,5,music-video,隨意門,陳奕迅,,,,34e8c99a-97fa-4011-bc04-7ca39c5348bb,https://musicbrainz.org/recording/34e8c99a-97fa-4011-bc04-7ca39c5348bb,,MusicBrainz physical release metadata,https://musicbrainz.org/release/a31bc717-6e9e-4937-b444-3bd3b430e19c,False
mb-a31bc717-6e9e-4937-b444-3bd3b430e19c,Sound & Sight,compilation,7,6,music-video,打得火熱,陳奕迅,,,,1e9bbbea-6f8b-4c52-b2e4-36be9c1abd6a,https://musicbrainz.org/recording/1e9bbbea-6f8b-4c52-b2e4-36be9c1abd6a,,MusicBrainz physical release metadata,https://musicbrainz.org/release/a31bc717-6e9e-4937-b444-3bd3b430e19c,False
mb-a31bc717-6e9e-4937-b444-3bd3b430e19c,Sound & Sight,compilation,7,7,music-video,忘記歌詞,陳奕迅,,,,a93275e9-8aaa-4271-b9ba-2d4e47c12c9e,https://musicbrainz.org/recording/a93275e9-8aaa-4271-b9ba-2d4e47c12c9e,,MusicBrainz physical release metadata,https://musicbrainz.org/release/a31bc717-6e9e-4937-b444-3bd3b430e19c,False
mb-a31bc717-6e9e-4937-b444-3bd3b430e19c,Sound & Sight,compilation,7,8,music-video,衝口而出,陳奕迅,,,,03cf205d-8eb9-4572-8d53-f62730c31297,https://musicbrainz.org/recording/03cf205d-8eb9-4572-8d53-f62730c31297,,MusicBrainz physical release metadata,https://musicbrainz.org/release/a31bc717-6e9e-4937-b444-3bd3b430e19c,False
mb-a31bc717-6e9e-4937-b444-3bd3b430e19c,Sound & Sight,compilation,7,9,music-video,孤兒仔,陳奕迅,,,,dc32cc1d-0462-4c85-bb88-1a2e4b75fa14,https://musicbrainz.org/recording/dc32cc1d-0462-4c85-bb88-1a2e4b75fa14,,MusicBrainz physical release metadata,https://musicbrainz.org/release/a31bc717-6e9e-4937-b444-3bd3b430e19c,False
mb-a31bc717-6e9e-4937-b444-3bd3b430e19c,Sound & Sight,compilation,7,10,music-video,八里公路,陳奕迅,,,,f4c8ba57-7013-405d-a0bc-618e74036a8e,https://musicbrainz.org/recording/f4c8ba57-7013-405d-a0bc-618e74036a8e,,MusicBrainz physical release metadata,https://musicbrainz.org/release/a31bc717-6e9e-4937-b444-3bd3b430e19c,False
mb-a31bc717-6e9e-4937-b444-3bd3b430e19c,Sound & Sight,compilation,7,11,music-video,冤氣,陳奕迅,,,,b3662b3f-69eb-45a6-b6d9-7c1df5390f23,https://musicbrainz.org/recording/b3662b3f-69eb-45a6-b6d9-7c1df5390f23,,MusicBrainz physical release metadata,https://musicbrainz.org/release/a31bc717-6e9e-4937-b444-3bd3b430e19c,False
mb-a31bc717-6e9e-4937-b444-3bd3b430e19c,Sound & Sight,compilation,7,12,music-video,五星級迫爆,陳奕迅,,,,4023d838-3d42-4332-be32-8ebd82c424e7,https://musicbrainz.org/recording/4023d838-3d42-4332-be32-8ebd82c424e7,,MusicBrainz physical release metadata,https://musicbrainz.org/release/a31bc717-6e9e-4937-b444-3bd3b430e19c,False
apple-1443816775,認了吧 (Hong Kong Version),studio,1,1,song,煙味 (國),陳奕迅,4:22,262480,1443816780,,https://music.apple.com/hk/album/%E7%85%99%E5%91%B3-%E5%9C%8B/1443816775?i=1443816780&uo=4,https://audio-ssl.itunes.apple.com/itunes-assets/AudioPreview211/v4/71/a6/84/71a6840a-0f25-3dbd-5115-482991fc1978/mzaf_7810247502533288931.plus.aac.p.m4a,Apple iTunes Search API,https://itunes.apple.com/lookup?id=1443816775&entity=song&limit=200&country=hk,False
apple-1443816775,認了吧 (Hong Kong Version),studio,1,2,song,淘汰 (國),陳奕迅,4:44,283640,1443816782,,https://music.apple.com/hk/album/%E6%B7%98%E6%B1%B0-%E5%9C%8B/1443816775?i=1443816782&uo=4,https://audio-ssl.itunes.apple.com/itunes-assets/AudioPreview211/v4/0d/6d/c9/0d6dc904-21dc-744b-1799-a9a1f2545463/mzaf_3027636038107645453.plus.aac.p.m4a,Apple iTunes Search API,https://itunes.apple.com/lookup?id=1443816775&entity=song&limit=200&country=hk,False
apple-1443816775,認了吧 (Hong Kong Version),studio,1,3,song,快樂男生 (國),陳奕迅,3:21,200640,1443816783,,https://music.apple.com/hk/album/%E5%BF%AB%E6%A8%82%E7%94%B7%E7%94%9F-%E5%9C%8B/1443816775?i=1443816783&uo=4,https://audio-ssl.itunes.apple.com/itunes-assets/AudioPreview221/v4/c8/63/d2/c863d236-81f4-a8c1-ea7b-914f031d9f6f/mzaf_16111860064148040016.plus.aac.p.m4a,Apple iTunes Search API,https://itunes.apple.com/lookup?id=1443816775&entity=song&limit=200&country=hk,False
apple-1443816775,認了吧 (Hong Kong Version),studio,1,4,song,紅玫瑰 (國),陳奕迅,3:58,238147,1443816787,,https://music.apple.com/hk/album/%E7%B4%85%E7%8E%AB%E7%91%B0-%E5%9C%8B/1443816775?i=1443816787&uo=4,https://audio-ssl.itunes.apple.com/itunes-assets/AudioPreview211/v4/6e/bf/ca/6ebfca32-387f-8d2b-891a-10770810d2ec/mzaf_4634747678453687087.plus.aac.p.m4a,Apple iTunes Search API,https://itunes.apple.com/lookup?id=1443816775&entity=song&limit=200&country=hk,False
apple-1443816775,認了吧 (Hong Kong Version),studio,1,5,song,月黑風高 (國),陳奕迅,4:36,276347,1443816789,,https://music.apple.com/hk/album/%E6%9C%88%E9%BB%91%E9%A2%A8%E9%AB%98-%E5%9C%8B/1443816775?i=1443816789&uo=4,https://audio-ssl.itunes.apple.com/itunes-assets/AudioPreview211/v4/da/1f/28/da1f28b6-2c6a-bb60-9239-82c17cd9ac29/mzaf_14863291659363295182.plus.aac.p.m4a,Apple iTunes Search API,https://itunes.apple.com/lookup?id=1443816775&entity=song&limit=200&country=hk,False
apple-1443816775,認了吧 (Hong Kong Version),studio,1,6,song,愛情轉移 (國),陳奕迅,4:18,257627,1443817002,,https://music.apple.com/hk/album/%E6%84%9B%E6%83%85%E8%BD%89%E7%A7%BB-%E5%9C%8B/1443816775?i=1443817002&uo=4,https://audio-ssl.itunes.apple.com/itunes-assets/AudioPreview221/v4/db/62/43/db624324-94de-26f4-468f-f83099e876e0/mzaf_11450757556055793828.plus.aac.p.m4a,Apple iTunes Search API,https://itunes.apple.com/lookup?id=1443816775&entity=song&limit=200&country=hk,False
apple-1443816775,認了吧 (Hong Kong Version),studio,1,7,song,好久不見,陳奕迅,4:09,248640,1443817004,,https://music.apple.com/hk/album/%E5%A5%BD%E4%B9%85%E4%B8%8D%E8%A6%8B/1443816775?i=1443817004&uo=4,https://audio-ssl.itunes.apple.com/itunes-assets/AudioPreview211/v4/07/1f/1f/071f1f75-6b42-e932-e8a3-cf5f1e019b6d/mzaf_15016512238504534591.plus.aac.p.m4a,Apple iTunes Search API,https://itunes.apple.com/lookup?id=1443816775&entity=song&limit=200&country=hk,False
apple-1443816775,認了吧 (Hong Kong Version),studio,1,8,song,愛是一本書 (國),陳奕迅,4:22,262160,1443817006,,https://music.apple.com/hk/album/%E6%84%9B%E6%98%AF%E4%B8%80%E6%9C%AC%E6%9B%B8-%E5%9C%8B/1443816775?i=1443817006&uo=4,https://audio-ssl.itunes.apple.com/itunes-assets/AudioPreview211/v4/b1/03/7a/b1037a11-b874-7269-a587-e13eff916533/mzaf_9554816885007215908.plus.aac.p.m4a,Apple iTunes Search API,https://itunes.apple.com/lookup?id=1443816775&entity=song&limit=200&country=hk,False
apple-1443816775,認了吧 (Hong Kong Version),studio,1,9,song,第一個雅皮士 (國),陳奕迅,3:23,203147,1443817007,,https://music.apple.com/hk/album/%E7%AC%AC%E4%B8%80%E5%80%8B%E9%9B%85%E7%9A%AE%E5%A3%AB-%E5%9C%8B/1443816775?i=1443817007&uo=4,https://audio-ssl.itunes.apple.com/itunes-assets/AudioPreview221/v4/ff/41/18/ff411896-6804-f3d2-9542-c0774288431c/mzaf_8145876145598145878.plus.aac.p.m4a,Apple iTunes Search API,https://itunes.apple.com/lookup?id=1443816775&entity=song&limit=200&country=hk,False
apple-1443816775,認了吧 (Hong Kong Version),studio,1,10,song,白色球鞋 (國),陳奕迅,4:36,275640,1443817009,,https://music.apple.com/hk/album/%E7%99%BD%E8%89%B2%E7%90%83%E9%9E%8B-%E5%9C%8B/1443816775?i=1443817009&uo=4,https://audio-ssl.itunes.apple.com/itunes-assets/AudioPreview221/v4/7b/30/6f/7b306fed-2fba-8760-5e3e-5621561492e7/mzaf_13893103283622715185.plus.aac.p.m4a,Apple iTunes Search API,https://itunes.apple.com/lookup?id=1443816775&entity=song&limit=200&country=hk,False
apple-1443816775,認了吧 (Hong Kong Version),studio,1,11,song,月球上的人 (Bonus Track),陳奕迅,4:11,251427,1443817011,,https://music.apple.com/hk/album/%E6%9C%88%E7%90%83%E4%B8%8A%E7%9A%84%E4%BA%BA-bonus-track/1443816775?i=1443817011&uo=4,https://audio-ssl.itunes.apple.com/itunes-assets/AudioPreview211/v4/f9/21/54/f9215414-3089-f188-a09f-fe94635c58dc/mzaf_758223327650765262.plus.aac.p.m4a,Apple iTunes Search API,https://itunes.apple.com/lookup?id=1443816775&entity=song&limit=200&country=hk,False
apple-1720091272,What's Going On...? (2nd Edition),studio,1,1,song,裙下之臣,陳奕迅,4:25,264507,1720091284,,https://music.apple.com/hk/album/%E8%A3%99%E4%B8%8B%E4%B9%8B%E8%87%A3/1720091272?i=1720091284&uo=4,https://audio-ssl.itunes.apple.com/itunes-assets/AudioPreview221/v4/c0/56/60/c0566060-2ac1-5a7e-6f56-4e14c461cae7/mzaf_5032507456406601261.plus.aac.p.m4a,Apple iTunes Search API,https://itunes.apple.com/lookup?id=1720091272&entity=song&limit=200&country=hk,False
apple-1720091272,What's Going On...? (2nd Edition),studio,1,2,song,最後的嬉皮士,陳奕迅,3:33,212667,1720091285,,https://music.apple.com/hk/album/%E6%9C%80%E5%BE%8C%E7%9A%84%E5%AC%89%E7%9A%AE%E5%A3%AB/1720091272?i=1720091285&uo=4,https://audio-ssl.itunes.apple.com/itunes-assets/AudioPreview211/v4/da/ff/bf/daffbfa9-10c1-f048-9140-feb8b65fa5c5/mzaf_8794108405019492509.plus.aac.p.m4a,Apple iTunes Search API,https://itunes.apple.com/lookup?id=1720091272&entity=song&limit=200&country=hk,False
apple-1720091272,What's Going On...? (2nd Edition),studio,1,3,song,白玫瑰,陳奕迅,4:00,240173,1720091287,,https://music.apple.com/hk/album/%E7%99%BD%E7%8E%AB%E7%91%B0/1720091272?i=1720091287&uo=4,https://audio-ssl.itunes.apple.com/itunes-assets/AudioPreview211/v4/98/2e/1c/982e1cf5-e9a1-2afd-8700-3c9d071ee2dc/mzaf_3078923614282425305.plus.aac.p.m4a,Apple iTunes Search API,https://itunes.apple.com/lookup?id=1720091272&entity=song&limit=200&country=hk,False
apple-1720091272,What's Going On...? (2nd Edition),studio,1,4,song,黑擇明,陳奕迅,4:34,274480,1720091289,,https://music.apple.com/hk/album/%E9%BB%91%E6%93%87%E6%98%8E/1720091272?i=1720091289&uo=4,https://audio-ssl.itunes.apple.com/itunes-assets/AudioPreview211/v4/eb/f9/3d/ebf93d9f-1579-2040-9f27-e9e1f8b152dc/mzaf_10817925328578218542.plus.aac.p.m4a,Apple iTunes Search API,https://itunes.apple.com/lookup?id=1720091272&entity=song&limit=200&country=hk,False
apple-1720091272,What's Going On...? (2nd Edition),studio,1,5,song,富士山下,陳奕迅,4:19,259133,1720091290,,https://music.apple.com/hk/album/%E5%AF%8C%E5%A3%AB%E5%B1%B1%E4%B8%8B/1720091272?i=1720091290&uo=4,https://audio-ssl.itunes.apple.com/itunes-assets/AudioPreview211/v4/11/ad/2d/11ad2deb-599d-5eaa-34e9-0eaf2e2fad18/mzaf_4276086794181909735.plus.aac.p.m4a,Apple iTunes Search API,https://itunes.apple.com/lookup?id=1720091272&entity=song&limit=200&country=hk,False
apple-1720091272,What's Going On...? (2nd Edition),studio,1,6,song,不如不見,陳奕迅,4:10,249667,1720091291,,https://music.apple.com/hk/album/%E4%B8%8D%E5%A6%82%E4%B8%8D%E8%A6%8B/1720091272?i=1720091291&uo=4,https://audio-ssl.itunes.apple.com/itunes-assets/AudioPreview211/v4/5a/17/fa/5a17fa01-2397-8d7e-e40a-39661c6a2368/mzaf_13224028046270596553.plus.aac.p.m4a,Apple iTunes Search API,https://itunes.apple.com/lookup?id=1720091272&entity=song&limit=200&country=hk,False
apple-1720091272,What's Going On...? (2nd Edition),studio,1,7,song,心深傷透,陳奕迅,4:11,250680,1720091293,,https://music.apple.com/hk/album/%E5%BF%83%E6%B7%B1%E5%82%B7%E9%80%8F/1720091272?i=1720091293&uo=4,https://audio-ssl.itunes.apple.com/itunes-assets/AudioPreview221/v4/95/bc/5f/95bc5f51-d92a-cef9-32b6-1c87bfff1654/mzaf_5974133178467562978.plus.aac.p.m4a,Apple iTunes Search API,https://itunes.apple.com/lookup?id=1720091272&entity=song&limit=200&country=hk,False
apple-1720091272,What's Going On...? (2nd Edition),studio,1,8,song,解藥,陳奕迅,4:12,252013,1720091294,,https://music.apple.com/hk/album/%E8%A7%A3%E8%97%A5/1720091272?i=1720091294&uo=4,https://audio-ssl.itunes.apple.com/itunes-assets/AudioPreview221/v4/c6/28/2e/c6282ef5-a391-9c40-37c4-0c9a5bab6b13/mzaf_10510950141420438367.plus.aac.p.m4a,Apple iTunes Search API,https://itunes.apple.com/lookup?id=1720091272&entity=song&limit=200&country=hk,False
apple-1720091272,What's Going On...? (2nd Edition),studio,1,9,song,天公地道,陳奕迅,4:06,245507,1720091296,,https://music.apple.com/hk/album/%E5%A4%A9%E5%85%AC%E5%9C%B0%E9%81%93/1720091272?i=1720091296&uo=4,https://audio-ssl.itunes.apple.com/itunes-assets/AudioPreview211/v4/88/52/fa/8852face-8574-604b-a17d-774a10dcbbf6/mzaf_6174986937077482262.plus.aac.p.m4a,Apple iTunes Search API,https://itunes.apple.com/lookup?id=1720091272&entity=song&limit=200&country=hk,False
apple-1720091272,What's Going On...? (2nd Edition),studio,1,10,song,粵語殘片,陳奕迅,4:36,276147,1720091387,,https://music.apple.com/hk/album/%E7%B2%B5%E8%AA%9E%E6%AE%98%E7%89%87/1720091272?i=1720091387&uo=4,https://audio-ssl.itunes.apple.com/itunes-assets/AudioPreview211/v4/69/17/f7/6917f75f-0ab4-c075-a6ca-40cefcd65d92/mzaf_12922596142279046813.plus.aac.p.m4a,Apple iTunes Search API,https://itunes.apple.com/lookup?id=1720091272&entity=song&limit=200&country=hk,False
apple-1720091272,What's Going On...? (2nd Edition),studio,2,1,song,裙下之臣 (Eason音樂互動Free Party),陳奕迅,4:19,259027,1720091388,,https://music.apple.com/hk/album/%E8%A3%99%E4%B8%8B%E4%B9%8B%E8%87%A3-eason%E9%9F%B3%E6%A8%82%E4%BA%92%E5%8B%95free-party/1720091272?i=1720091388&uo=4,https://audio-ssl.itunes.apple.com/itunes-assets/AudioPreview211/v4/2d/70/07/2d70071b-3d85-5873-9131-63d9ec75f46d/mzaf_2410798950708662285.plus.aac.p.m4a,Apple iTunes Search API,https://itunes.apple.com/lookup?id=1720091272&entity=song&limit=200&country=hk,False
apple-1720091272,What's Going On...? (2nd Edition),studio,2,2,song,解藥 (Eason音樂互動Free Party),陳奕迅,4:09,248760,1720091391,,https://music.apple.com/hk/album/%E8%A7%A3%E8%97%A5-eason%E9%9F%B3%E6%A8%82%E4%BA%92%E5%8B%95free-party/1720091272?i=1720091391&uo=4,https://audio-ssl.itunes.apple.com/itunes-assets/AudioPreview221/v4/18/f2/85/18f28577-434c-abf0-c159-7cde302cd11c/mzaf_11730184870318763427.plus.aac.p.m4a,Apple iTunes Search API,https://itunes.apple.com/lookup?id=1720091272&entity=song&limit=200&country=hk,False
apple-1720091272,What's Going On...? (2nd Edition),studio,2,3,song,白玫瑰 (Eason音樂互動Free Party),陳奕迅,4:01,241053,1720091392,,https://music.apple.com/hk/album/%E7%99%BD%E7%8E%AB%E7%91%B0-eason%E9%9F%B3%E6%A8%82%E4%BA%92%E5%8B%95free-party/1720091272?i=1720091392&uo=4,https://audio-ssl.itunes.apple.com/itunes-assets/AudioPreview211/v4/e6/60/e1/e660e1d6-0b88-f404-8263-12e02b1c2cd4/mzaf_2750651735693080764.plus.aac.p.m4a,Apple iTunes Search API,https://itunes.apple.com/lookup?id=1720091272&entity=song&limit=200&country=hk,False
apple-1720091272,What's Going On...? (2nd Edition),studio,2,4,song,最後的嬉皮士 (Eason音樂互動Free Party),陳奕迅,3:43,223440,1720091394,,https://music.apple.com/hk/album/%E6%9C%80%E5%BE%8C%E7%9A%84%E5%AC%89%E7%9A%AE%E5%A3%AB-eason%E9%9F%B3%E6%A8%82%E4%BA%92%E5%8B%95free-party/1720091272?i=1720091394&uo=4,https://audio-ssl.itunes.apple.com/itunes-assets/AudioPreview211/v4/35/56/6b/35566b1d-466c-c223-b819-9dcfe2212ac2/mzaf_2460621063171810164.plus.aac.p.m4a,Apple iTunes Search API,https://itunes.apple.com/lookup?id=1720091272&entity=song&limit=200&country=hk,False
apple-1720091272,What's Going On...? (2nd Edition),studio,2,5,song,富士山下 (Eason音樂互動Free Party),陳奕迅,4:52,292120,1720091395,,https://music.apple.com/hk/album/%E5%AF%8C%E5%A3%AB%E5%B1%B1%E4%B8%8B-eason%E9%9F%B3%E6%A8%82%E4%BA%92%E5%8B%95free-party/1720091272?i=1720091395&uo=4,https://audio-ssl.itunes.apple.com/itunes-assets/AudioPreview221/v4/77/05/f4/7705f480-b1fc-3e16-0bd2-c47fe905b989/mzaf_16092349148296179683.plus.aac.p.m4a,Apple iTunes Search API,https://itunes.apple.com/lookup?id=1720091272&entity=song&limit=200&country=hk,False
apple-1443352354,認了吧 (台灣版),studio,1,1,song,煙味,陳奕迅,4:23,263347,1443352452,,https://music.apple.com/tw/album/%E7%85%99%E5%91%B3/1443352354?i=1443352452&uo=4,https://audio-ssl.itunes.apple.com/itunes-assets/AudioPreview211/v4/1c/a5/d7/1ca5d7ce-a2bb-bb9c-6cfa-a5b89c24698b/mzaf_9030317656429357182.plus.aac.p.m4a,Apple iTunes Search API,https://itunes.apple.com/lookup?id=1443352354&entity=song&limit=200&country=tw,False
apple-1443352354,認了吧 (台灣版),studio,1,2,song,淘汰,陳奕迅,4:45,285000,1443352455,,https://music.apple.com/tw/album/%E6%B7%98%E6%B1%B0/1443352354?i=1443352455&uo=4,https://audio-ssl.itunes.apple.com/itunes-assets/AudioPreview211/v4/14/bf/fb/14bffb08-e2ad-2356-e9dc-c47dd89dc0a8/mzaf_8930732231699667556.plus.aac.p.m4a,Apple iTunes Search API,https://itunes.apple.com/lookup?id=1443352354&entity=song&limit=200&country=tw,False
apple-1443352354,認了吧 (台灣版),studio,1,3,song,快樂男生,陳奕迅,3:22,202493,1443352459,,https://music.apple.com/tw/album/%E5%BF%AB%E6%A8%82%E7%94%B7%E7%94%9F/1443352354?i=1443352459&uo=4,https://audio-ssl.itunes.apple.com/itunes-assets/AudioPreview221/v4/cc/e6/8e/cce68eb8-5403-4413-83f5-64f540a14888/mzaf_1043757876811009489.plus.aac.p.m4a,Apple iTunes Search API,https://itunes.apple.com/lookup?id=1443352354&entity=song&limit=200&country=tw,False
apple-1443352354,認了吧 (台灣版),studio,1,4,song,紅玫瑰,陳奕迅,4:00,239973,1443352461,,https://music.apple.com/tw/album/%E7%B4%85%E7%8E%AB%E7%91%B0/1443352354?i=1443352461&uo=4,https://audio-ssl.itunes.apple.com/itunes-assets/AudioPreview221/v4/5d/ce/1f/5dce1f18-a0e0-0102-2363-8d0b8bd1315c/mzaf_7036156267494494542.plus.aac.p.m4a,Apple iTunes Search API,https://itunes.apple.com/lookup?id=1443352354&entity=song&limit=200&country=tw,False
apple-1443352354,認了吧 (台灣版),studio,1,5,song,月黑風高,陳奕迅,4:36,276347,1443352463,,https://music.apple.com/tw/album/%E6%9C%88%E9%BB%91%E9%A2%A8%E9%AB%98/1443352354?i=1443352463&uo=4,https://audio-ssl.itunes.apple.com/itunes-assets/AudioPreview211/v4/ef/7f/d5/ef7fd535-8e1d-0566-53ae-d81f615d66d0/mzaf_7490337575263213147.plus.aac.p.m4a,Apple iTunes Search API,https://itunes.apple.com/lookup?id=1443352354&entity=song&limit=200&country=tw,False
apple-1443352354,認了吧 (台灣版),studio,1,6,song,愛情轉移,陳奕迅,4:20,259987,1443352465,,https://music.apple.com/tw/album/%E6%84%9B%E6%83%85%E8%BD%89%E7%A7%BB/1443352354?i=1443352465&uo=4,https://audio-ssl.itunes.apple.com/itunes-assets/AudioPreview211/v4/89/ed/41/89ed4149-9064-949b-f826-24943a728084/mzaf_2597976030459913793.plus.aac.p.m4a,Apple iTunes Search API,https://itunes.apple.com/lookup?id=1443352354&entity=song&limit=200&country=tw,False
apple-1443352354,認了吧 (台灣版),studio,1,7,song,好久不見,陳奕迅,4:10,250493,1443352467,,https://music.apple.com/tw/album/%E5%A5%BD%E4%B9%85%E4%B8%8D%E8%A6%8B/1443352354?i=1443352467&uo=4,https://audio-ssl.itunes.apple.com/itunes-assets/AudioPreview221/v4/37/c8/bd/37c8bd2a-2199-b337-60e4-3536d0923bc4/mzaf_1012009428533951700.plus.aac.p.m4a,Apple iTunes Search API,https://itunes.apple.com/lookup?id=1443352354&entity=song&limit=200&country=tw,False
apple-1443352354,認了吧 (台灣版),studio,1,8,song,愛是一本書,陳奕迅,4:24,264013,1443352470,,https://music.apple.com/tw/album/%E6%84%9B%E6%98%AF%E4%B8%80%E6%9C%AC%E6%9B%B8/1443352354?i=1443352470&uo=4,https://audio-ssl.itunes.apple.com/itunes-assets/AudioPreview211/v4/ab/93/cd/ab93cd89-3af1-b427-8b4f-1d7d180bf730/mzaf_10586689918632154597.plus.aac.p.m4a,Apple iTunes Search API,https://itunes.apple.com/lookup?id=1443352354&entity=song&limit=200&country=tw,False
apple-1443352354,認了吧 (台灣版),studio,1,9,song,第一個雅皮士,陳奕迅,3:25,204693,1443352471,,https://music.apple.com/tw/album/%E7%AC%AC%E4%B8%80%E5%80%8B%E9%9B%85%E7%9A%AE%E5%A3%AB/1443352354?i=1443352471&uo=4,https://audio-ssl.itunes.apple.com/itunes-assets/AudioPreview211/v4/6e/66/8b/6e668bb2-7605-c9df-4f41-c31bd92a4cbc/mzaf_4861289558086080569.plus.aac.p.m4a,Apple iTunes Search API,https://itunes.apple.com/lookup?id=1443352354&entity=song&limit=200&country=tw,False
apple-1443352354,認了吧 (台灣版),studio,1,10,song,白色球鞋,陳奕迅,4:38,278160,1443352473,,https://music.apple.com/tw/album/%E7%99%BD%E8%89%B2%E7%90%83%E9%9E%8B/1443352354?i=1443352473&uo=4,https://audio-ssl.itunes.apple.com/itunes-assets/AudioPreview221/v4/fb/35/64/fb356414-88e6-9a79-9f46-9cc38721cd38/mzaf_623959347263002720.plus.aac.p.m4a,Apple iTunes Search API,https://itunes.apple.com/lookup?id=1443352354&entity=song&limit=200&country=tw,False
mb-d9538398-826f-4c7f-96a8-0434a3d5f741,Crying in the Party,single,1,1,song,Crying in the Party,Eason Chan,4:15,255000,,26271a48-0165-4aa8-81cb-348dec2d0459,https://musicbrainz.org/recording/26271a48-0165-4aa8-81cb-348dec2d0459,,MusicBrainz digital release metadata,https://musicbrainz.org/release/d9538398-826f-4c7f-96a8-0434a3d5f741,False
apple-1462039068,Listen to Eason Chan,studio,1,1,song,瑪利奧派對,陳奕迅,3:27,206840,1462039287,,https://music.apple.com/hk/album/%E7%91%AA%E5%88%A9%E5%A5%A7%E6%B4%BE%E5%B0%8D/1462039068?i=1462039287&uo=4,https://audio-ssl.itunes.apple.com/itunes-assets/AudioPreview221/v4/98/6e/4a/986e4a8d-3b50-b59e-d8d3-afdd885f1b4f/mzaf_7706882041894560770.plus.aac.p.m4a,Apple iTunes Search API,https://itunes.apple.com/lookup?id=1462039068&entity=song&limit=200&country=hk,False
apple-1462039068,Listen to Eason Chan,studio,1,2,song,熱島小夜曲,陳奕迅,4:06,245520,1462039291,,https://music.apple.com/hk/album/%E7%86%B1%E5%B3%B6%E5%B0%8F%E5%A4%9C%E6%9B%B2/1462039068?i=1462039291&uo=4,https://audio-ssl.itunes.apple.com/itunes-assets/AudioPreview221/v4/55/20/2d/55202d9a-2794-795a-4c66-4cbfc0fd1c0d/mzaf_17367179036682247302.plus.aac.p.m4a,Apple iTunes Search API,https://itunes.apple.com/lookup?id=1462039068&entity=song&limit=200&country=hk,False
apple-1462039068,Listen to Eason Chan,studio,1,3,song,閃,陳奕迅,3:42,222493,1462039293,,https://music.apple.com/hk/album/%E9%96%83/1462039068?i=1462039293&uo=4,https://audio-ssl.itunes.apple.com/itunes-assets/AudioPreview211/v4/fc/62/97/fc62978e-3438-f8db-30a7-afd9341496bb/mzaf_10036322035763175830.plus.aac.p.m4a,Apple iTunes Search API,https://itunes.apple.com/lookup?id=1462039068&entity=song&limit=200&country=hk,False
apple-1462039068,Listen to Eason Chan,studio,1,4,song,演唱會,陳奕迅,2:36,156000,1462039298,,https://music.apple.com/hk/album/%E6%BC%94%E5%94%B1%E6%9C%83/1462039068?i=1462039298&uo=4,https://audio-ssl.itunes.apple.com/itunes-assets/AudioPreview211/v4/73/56/72/7356727f-b149-b4da-b203-dd8108255fbd/mzaf_6820919231897810753.plus.aac.p.m4a,Apple iTunes Search API,https://itunes.apple.com/lookup?id=1462039068&entity=song&limit=200&country=hk,False
apple-1462039068,Listen to Eason Chan,studio,1,5,song,滑鐵盧車站,陳奕迅,3:48,228000,1462039304,,https://music.apple.com/hk/album/%E6%BB%91%E9%90%B5%E7%9B%A7%E8%BB%8A%E7%AB%99/1462039068?i=1462039304&uo=4,https://audio-ssl.itunes.apple.com/itunes-assets/AudioPreview221/v4/3b/4b/9a/3b4b9acc-fd1a-15ad-5c0a-2714fb799ea4/mzaf_18396556443341371770.plus.aac.p.m4a,Apple iTunes Search API,https://itunes.apple.com/lookup?id=1462039068&entity=song&limit=200&country=hk,False
apple-1462039068,Listen to Eason Chan,studio,1,6,song,Crying in the Party,陳奕迅,4:13,253000,1462039305,,https://music.apple.com/hk/album/crying-in-the-party/1462039068?i=1462039305&uo=4,https://audio-ssl.itunes.apple.com/itunes-assets/AudioPreview221/v4/4c/29/5a/4c295a1f-9e8b-3523-7d1a-e69284dc38ce/mzaf_3540171183500400505.plus.aac.p.m4a,Apple iTunes Search API,https://itunes.apple.com/lookup?id=1462039068&entity=song&limit=200&country=hk,False
apple-1462039068,Listen to Eason Chan,studio,1,7,song,狂熱革命,陳奕迅,3:45,224893,1462039306,,https://music.apple.com/hk/album/%E7%8B%82%E7%86%B1%E9%9D%A9%E5%91%BD/1462039068?i=1462039306&uo=4,https://audio-ssl.itunes.apple.com/itunes-assets/AudioPreview221/v4/f3/98/5a/f3985ade-d628-30aa-5fa1-1d8d5da08513/mzaf_4693706505095482299.plus.aac.p.m4a,Apple iTunes Search API,https://itunes.apple.com/lookup?id=1462039068&entity=song&limit=200&country=hk,False
apple-1462039068,Listen to Eason Chan,studio,1,8,song,變色龍,陳奕迅,3:47,226600,1462039499,,https://music.apple.com/hk/album/%E8%AE%8A%E8%89%B2%E9%BE%8D/1462039068?i=1462039499&uo=4,https://audio-ssl.itunes.apple.com/itunes-assets/AudioPreview211/v4/87/f4/60/87f46089-7a44-c17a-574a-7f581dcb9cb1/mzaf_3912459434915742211.plus.aac.p.m4a,Apple iTunes Search API,https://itunes.apple.com/lookup?id=1462039068&entity=song&limit=200&country=hk,False
apple-1462039068,Listen to Eason Chan,studio,1,9,song,時代巨輪,陳奕迅,3:39,218507,1462039509,,https://music.apple.com/hk/album/%E6%99%82%E4%BB%A3%E5%B7%A8%E8%BC%AA/1462039068?i=1462039509&uo=4,https://audio-ssl.itunes.apple.com/itunes-assets/AudioPreview211/v4/72/67/76/72677657-cf2a-a750-2171-78be14a0669c/mzaf_10012224464213498125.plus.aac.p.m4a,Apple iTunes Search API,https://itunes.apple.com/lookup?id=1462039068&entity=song&limit=200&country=hk,False
apple-1462039068,Listen to Eason Chan,studio,1,10,song,Mud Yeah Jeah (乜),陳奕迅,3:40,219987,1462039513,,https://music.apple.com/hk/album/mud-yeah-jeah-%E4%B9%9C/1462039068?i=1462039513&uo=4,https://audio-ssl.itunes.apple.com/itunes-assets/AudioPreview221/v4/de/e0/23/dee023ff-2520-d819-aca4-14b88d68f674/mzaf_1401310683939021381.plus.aac.p.m4a,Apple iTunes Search API,https://itunes.apple.com/lookup?id=1462039068&entity=song&limit=200&country=hk,False
apple-1462039068,Listen to Eason Chan,studio,2,1,song,瑪利奧派對 (Soul Seekerz Remix),陳奕迅,6:04,363853,1462039514,,https://music.apple.com/hk/album/%E7%91%AA%E5%88%A9%E5%A5%A7%E6%B4%BE%E5%B0%8D-soul-seekerz-remix/1462039068?i=1462039514&uo=4,https://audio-ssl.itunes.apple.com/itunes-assets/AudioPreview221/v4/ed/79/35/ed793523-28b0-dda7-37e0-7ccfa6b6043c/mzaf_6812400800520535577.plus.aac.p.m4a,Apple iTunes Search API,https://itunes.apple.com/lookup?id=1462039068&entity=song&limit=200&country=hk,False
apple-1462039068,Listen to Eason Chan,studio,2,2,song,熱島小夜曲 (Wideboys Club Mix),陳奕迅,5:47,347000,1462039517,,https://music.apple.com/hk/album/%E7%86%B1%E5%B3%B6%E5%B0%8F%E5%A4%9C%E6%9B%B2-wideboys-club-mix/1462039068?i=1462039517&uo=4,https://audio-ssl.itunes.apple.com/itunes-assets/AudioPreview221/v4/28/00/0f/28000f8d-415f-816e-ca0d-1fa62086074d/mzaf_14008435971380984395.plus.aac.p.m4a,Apple iTunes Search API,https://itunes.apple.com/lookup?id=1462039068&entity=song&limit=200&country=hk,False
apple-1462039068,Listen to Eason Chan,studio,2,3,song,閃 (Digital Dog Remix),陳奕迅,5:54,354467,1462039520,,https://music.apple.com/hk/album/%E9%96%83-digital-dog-remix/1462039068?i=1462039520&uo=4,https://audio-ssl.itunes.apple.com/itunes-assets/AudioPreview221/v4/d2/28/78/d2287814-d3c0-423c-a779-9941d0d57236/mzaf_18381357639678484698.plus.aac.p.m4a,Apple iTunes Search API,https://itunes.apple.com/lookup?id=1462039068&entity=song&limit=200&country=hk,False
apple-1462039068,Listen to Eason Chan,studio,2,4,song,演唱會 (Junior Rotter Remix),陳奕迅,4:26,265827,1462039521,,https://music.apple.com/hk/album/%E6%BC%94%E5%94%B1%E6%9C%83-junior-rotter-remix/1462039068?i=1462039521&uo=4,https://audio-ssl.itunes.apple.com/itunes-assets/AudioPreview221/v4/02/74/6e/02746e97-fc63-db86-9f5e-42347f933cdc/mzaf_15416949177346594993.plus.aac.p.m4a,Apple iTunes Search API,https://itunes.apple.com/lookup?id=1462039068&entity=song&limit=200&country=hk,False
apple-1462039068,Listen to Eason Chan,studio,2,5,song,滑鐵盧車站 (Wideboys Club Mix),陳奕迅,5:47,346813,1462039522,,https://music.apple.com/hk/album/%E6%BB%91%E9%90%B5%E7%9B%A7%E8%BB%8A%E7%AB%99-wideboys-club-mix/1462039068?i=1462039522&uo=4,https://audio-ssl.itunes.apple.com/itunes-assets/AudioPreview221/v4/3f/d9/21/3fd9218a-fd9d-2652-e5ae-b2f215cfda5e/mzaf_12985808218000587377.plus.aac.p.m4a,Apple iTunes Search API,https://itunes.apple.com/lookup?id=1462039068&entity=song&limit=200&country=hk,False
apple-1462039068,Listen to Eason Chan,studio,2,6,song,Crying in the Party (Soul Seekerz Remix),陳奕迅,8:21,500693,1462039523,,https://music.apple.com/hk/album/crying-in-the-party-soul-seekerz-remix/1462039068?i=1462039523&uo=4,https://audio-ssl.itunes.apple.com/itunes-assets/AudioPreview221/v4/65/56/c2/6556c27a-0146-86b2-e16a-aa564494b89f/mzaf_13461686403591473571.plus.aac.p.m4a,Apple iTunes Search API,https://itunes.apple.com/lookup?id=1462039068&entity=song&limit=200&country=hk,False
apple-1462039068,Listen to Eason Chan,studio,2,7,song,狂熱革命 (Junior Rotter Remix),陳奕迅,4:42,282493,1462039739,,https://music.apple.com/hk/album/%E7%8B%82%E7%86%B1%E9%9D%A9%E5%91%BD-junior-rotter-remix/1462039068?i=1462039739&uo=4,https://audio-ssl.itunes.apple.com/itunes-assets/AudioPreview211/v4/af/50/e9/af50e958-2b7e-11fe-3128-aa9271f6cd9d/mzaf_17059539875018905180.plus.aac.p.m4a,Apple iTunes Search API,https://itunes.apple.com/lookup?id=1462039068&entity=song&limit=200&country=hk,False
apple-1462039068,Listen to Eason Chan,studio,2,8,song,Been Sick Lung (Section Remix),陳奕迅,5:22,321507,1462039742,,https://music.apple.com/hk/album/been-sick-lung-section-remix/1462039068?i=1462039742&uo=4,https://audio-ssl.itunes.apple.com/itunes-assets/AudioPreview211/v4/ec/c2/d2/ecc2d218-6125-7725-24c2-0e73c749331c/mzaf_10259003523230503526.plus.aac.p.m4a,Apple iTunes Search API,https://itunes.apple.com/lookup?id=1462039068&entity=song&limit=200&country=hk,False
apple-1462039068,Listen to Eason Chan,studio,2,9,song,See Doi Gui Lun (Digital Dog Remix),陳奕迅,5:45,344947,1462039745,,https://music.apple.com/hk/album/see-doi-gui-lun-digital-dog-remix/1462039068?i=1462039745&uo=4,https://audio-ssl.itunes.apple.com/itunes-assets/AudioPreview221/v4/74/c6/0a/74c60a25-6501-b4e8-b2f0-316f8656b0f8/mzaf_1106205050342821119.plus.aac.p.m4a,Apple iTunes Search API,https://itunes.apple.com/lookup?id=1462039068&entity=song&limit=200&country=hk,False
apple-1462039068,Listen to Eason Chan,studio,2,10,song,Mud Yeah Jeah (Section Remix),陳奕迅,3:58,238213,1462039748,,https://music.apple.com/hk/album/mud-yeah-jeah-section-remix/1462039068?i=1462039748&uo=4,https://audio-ssl.itunes.apple.com/itunes-assets/AudioPreview211/v4/c2/91/43/c29143ea-4ed8-33ce-f17f-29ee912000c9/mzaf_11963138854712145369.plus.aac.p.m4a,Apple iTunes Search API,https://itunes.apple.com/lookup?id=1462039068&entity=song&limit=200&country=hk,False
apple-1490821997,Listen to Eason Chan (Remastered 2019),studio,1,1,song,瑪利奧派對,陳奕迅,3:28,208040,1490821998,,https://music.apple.com/hk/album/%E7%91%AA%E5%88%A9%E5%A5%A7%E6%B4%BE%E5%B0%8D/1490821997?i=1490821998&uo=4,https://audio-ssl.itunes.apple.com/itunes-assets/AudioPreview125/v4/a5/74/c4/a574c496-bf7d-92e0-b544-1e328029c6b6/mzaf_12599343313187750711.plus.aac.p.m4a,Apple iTunes Search API,https://itunes.apple.com/lookup?id=1490821997&entity=song&limit=200&country=hk,False
apple-1490821997,Listen to Eason Chan (Remastered 2019),studio,1,2,song,熱島小夜曲,陳奕迅,4:06,245587,1490821999,,https://music.apple.com/hk/album/%E7%86%B1%E5%B3%B6%E5%B0%8F%E5%A4%9C%E6%9B%B2/1490821997?i=1490821999&uo=4,https://audio-ssl.itunes.apple.com/itunes-assets/AudioPreview125/v4/86/3e/ad/863ead34-262a-33b6-d616-f711ce952edb/mzaf_10396764555384133697.plus.aac.p.m4a,Apple iTunes Search API,https://itunes.apple.com/lookup?id=1490821997&entity=song&limit=200&country=hk,False
apple-1490821997,Listen to Eason Chan (Remastered 2019),studio,1,3,song,閃,陳奕迅,3:42,222480,1490822000,,https://music.apple.com/hk/album/%E9%96%83/1490821997?i=1490822000&uo=4,https://audio-ssl.itunes.apple.com/itunes-assets/AudioPreview125/v4/67/c0/c8/67c0c837-f0ed-ab06-f8ee-3df571231387/mzaf_9210654064365702746.plus.aac.p.m4a,Apple iTunes Search API,https://itunes.apple.com/lookup?id=1490821997&entity=song&limit=200&country=hk,False
apple-1490821997,Listen to Eason Chan (Remastered 2019),studio,1,4,song,演唱會,陳奕迅,2:36,156000,1490822001,,https://music.apple.com/hk/album/%E6%BC%94%E5%94%B1%E6%9C%83/1490821997?i=1490822001&uo=4,https://audio-ssl.itunes.apple.com/itunes-assets/AudioPreview115/v4/60/2b/0b/602b0bef-f6fa-7fe5-288e-d1c3b36156b4/mzaf_15621239463399923612.plus.aac.p.m4a,Apple iTunes Search API,https://itunes.apple.com/lookup?id=1490821997&entity=song&limit=200&country=hk,False
apple-1490821997,Listen to Eason Chan (Remastered 2019),studio,1,5,song,滑鐵盧車站,陳奕迅,3:54,233680,1490822002,,https://music.apple.com/hk/album/%E6%BB%91%E9%90%B5%E7%9B%A7%E8%BB%8A%E7%AB%99/1490821997?i=1490822002&uo=4,https://audio-ssl.itunes.apple.com/itunes-assets/AudioPreview115/v4/ed/86/87/ed8687ef-2eee-6ce2-35b5-48fc54b83840/mzaf_5739407928779616317.plus.aac.p.m4a,Apple iTunes Search API,https://itunes.apple.com/lookup?id=1490821997&entity=song&limit=200&country=hk,False
apple-1490821997,Listen to Eason Chan (Remastered 2019),studio,1,6,song,Crying in the Party,陳奕迅,4:13,253440,1490822003,,https://music.apple.com/hk/album/crying-in-the-party/1490821997?i=1490822003&uo=4,https://audio-ssl.itunes.apple.com/itunes-assets/AudioPreview125/v4/9e/b6/25/9eb62593-fedf-4393-a7d2-811f3e306787/mzaf_14865477318657416695.plus.aac.p.m4a,Apple iTunes Search API,https://itunes.apple.com/lookup?id=1490821997&entity=song&limit=200&country=hk,False
apple-1490821997,Listen to Eason Chan (Remastered 2019),studio,1,7,song,狂熱革命,陳奕迅,3:45,225093,1490822004,,https://music.apple.com/hk/album/%E7%8B%82%E7%86%B1%E9%9D%A9%E5%91%BD/1490821997?i=1490822004&uo=4,https://audio-ssl.itunes.apple.com/itunes-assets/AudioPreview115/v4/e6/fa/16/e6fa1610-de53-bcb8-cf05-d94b138e2397/mzaf_8309782073993422057.plus.aac.p.m4a,Apple iTunes Search API,https://itunes.apple.com/lookup?id=1490821997&entity=song&limit=200&country=hk,False
apple-1490821997,Listen to Eason Chan (Remastered 2019),studio,1,8,song,變色龍,陳奕迅,3:47,226547,1490822007,,https://music.apple.com/hk/album/%E8%AE%8A%E8%89%B2%E9%BE%8D/1490821997?i=1490822007&uo=4,https://audio-ssl.itunes.apple.com/itunes-assets/AudioPreview125/v4/2e/1a/33/2e1a3353-c0cf-e76f-5d35-38dce283fab1/mzaf_15056773770351089350.plus.aac.p.m4a,Apple iTunes Search API,https://itunes.apple.com/lookup?id=1490821997&entity=song&limit=200&country=hk,False
apple-1490821997,Listen to Eason Chan (Remastered 2019),studio,1,9,song,時代巨輪,陳奕迅,3:38,218493,1490822008,,https://music.apple.com/hk/album/%E6%99%82%E4%BB%A3%E5%B7%A8%E8%BC%AA/1490821997?i=1490822008&uo=4,https://audio-ssl.itunes.apple.com/itunes-assets/AudioPreview125/v4/9c/14/74/9c14748c-fbfe-502e-2f71-87b18c3156b3/mzaf_9726508078236748998.plus.aac.p.m4a,Apple iTunes Search API,https://itunes.apple.com/lookup?id=1490821997&entity=song&limit=200&country=hk,False
apple-1490821997,Listen to Eason Chan (Remastered 2019),studio,1,10,song,Mud Yeah Jeah (乜嘢啫),陳奕迅,3:40,219920,1490822009,,https://music.apple.com/hk/album/mud-yeah-jeah-%E4%B9%9C%E5%98%A2%E5%95%AB/1490821997?i=1490822009&uo=4,https://audio-ssl.itunes.apple.com/itunes-assets/AudioPreview115/v4/39/7a/c1/397ac18f-91e1-c534-0eb7-8c3e497be427/mzaf_1735520838486005918.plus.aac.p.m4a,Apple iTunes Search API,https://itunes.apple.com/lookup?id=1490821997&entity=song&limit=200&country=hk,False
apple-542922079,你的陳奕迅國語精選,compilation,1,1,song,兄妹,陳奕迅,3:30,210141,542922094,,https://music.apple.com/hk/album/%E5%85%84%E5%A6%B9/542922079?i=542922094&uo=4,https://audio-ssl.itunes.apple.com/itunes-assets/AudioPreview221/v4/a9/c4/bf/a9c4bf44-1fd6-1595-4c32-09c076166003/mzaf_12004249123206235581.plus.aac.p.m4a,Apple iTunes Search API,https://itunes.apple.com/lookup?id=542922079&entity=song&limit=200&country=hk,False
apple-542922079,你的陳奕迅國語精選,compilation,1,2,song,十年,陳奕迅,3:25,205424,542922095,,https://music.apple.com/hk/album/%E5%8D%81%E5%B9%B4/542922079?i=542922095&uo=4,https://audio-ssl.itunes.apple.com/itunes-assets/AudioPreview211/v4/31/d1/7f/31d17fc7-c481-1e6a-0c62-89f144485e51/mzaf_5253302025997676411.plus.aac.p.m4a,Apple iTunes Search API,https://itunes.apple.com/lookup?id=542922079&entity=song&limit=200&country=hk,False
apple-542922079,你的陳奕迅國語精選,compilation,1,3,song,K歌之王,陳奕迅,3:38,218050,542922096,,https://music.apple.com/hk/album/k%E6%AD%8C%E4%B9%8B%E7%8E%8B/542922079?i=542922096&uo=4,https://audio-ssl.itunes.apple.com/itunes-assets/AudioPreview211/v4/d1/cb/cc/d1cbcc20-3146-3282-d218-8cb79ea86052/mzaf_5585951909620024242.plus.aac.p.m4a,Apple iTunes Search API,https://itunes.apple.com/lookup?id=542922079&entity=song&limit=200&country=hk,False
apple-542922079,你的陳奕迅國語精選,compilation,1,4,song,Shall We Talk,陳奕迅,3:47,227277,542922097,,https://music.apple.com/hk/album/shall-we-talk/542922079?i=542922097&uo=4,https://audio-ssl.itunes.apple.com/itunes-assets/AudioPreview221/v4/7d/f5/c1/7df5c1a8-4c86-ec1e-d5e2-27c852776cf3/mzaf_15837766940345867106.plus.aac.p.m4a,Apple iTunes Search API,https://itunes.apple.com/lookup?id=542922079&entity=song&limit=200&country=hk,False
apple-542922079,你的陳奕迅國語精選,compilation,1,5,song,低等動物,陳奕迅,4:20,259884,542922098,,https://music.apple.com/hk/album/%E4%BD%8E%E7%AD%89%E5%8B%95%E7%89%A9/542922079?i=542922098&uo=4,https://audio-ssl.itunes.apple.com/itunes-assets/AudioPreview221/v4/97/2d/e6/972de648-fd17-5c59-7d75-89269373c818/mzaf_5341592192573122451.plus.aac.p.m4a,Apple iTunes Search API,https://itunes.apple.com/lookup?id=542922079&entity=song&limit=200&country=hk,False
apple-542922079,你的陳奕迅國語精選,compilation,1,6,song,寂寞讓你更快樂,陳奕迅,4:13,252808,542922099,,https://music.apple.com/hk/album/%E5%AF%82%E5%AF%9E%E8%AE%93%E4%BD%A0%E6%9B%B4%E5%BF%AB%E6%A8%82/542922079?i=542922099&uo=4,https://audio-ssl.itunes.apple.com/itunes-assets/AudioPreview221/v4/e8/13/26/e81326f9-8bed-a2d6-84df-d399f6efb6cc/mzaf_9845218628235961913.plus.aac.p.m4a,Apple iTunes Search API,https://itunes.apple.com/lookup?id=542922079&entity=song&limit=200&country=hk,False
apple-542922079,你的陳奕迅國語精選,compilation,1,7,song,聖誕結,陳奕迅,4:41,281321,542922100,,https://music.apple.com/hk/album/%E8%81%96%E8%AA%95%E7%B5%90/542922079?i=542922100&uo=4,https://audio-ssl.itunes.apple.com/itunes-assets/AudioPreview211/v4/91/d6/33/91d63321-7b68-c309-49ba-9b5a118ba851/mzaf_16236277393415365987.plus.aac.p.m4a,Apple iTunes Search API,https://itunes.apple.com/lookup?id=542922079&entity=song&limit=200&country=hk,False
apple-542922079,你的陳奕迅國語精選,compilation,1,8,song,不如這樣,陳奕迅,4:40,279864,542922101,,https://music.apple.com/hk/album/%E4%B8%8D%E5%A6%82%E9%80%99%E6%A8%A3/542922079?i=542922101&uo=4,https://audio-ssl.itunes.apple.com/itunes-assets/AudioPreview211/v4/e9/db/66/e9db6657-e41d-5dd7-9703-14a63379ee68/mzaf_6535920639352254376.plus.aac.p.m4a,Apple iTunes Search API,https://itunes.apple.com/lookup?id=542922079&entity=song&limit=200&country=hk,False
apple-542922079,你的陳奕迅國語精選,compilation,1,9,song,你會不會,陳奕迅,4:30,270221,542922102,,https://music.apple.com/hk/album/%E4%BD%A0%E6%9C%83%E4%B8%8D%E6%9C%83/542922079?i=542922102&uo=4,https://audio-ssl.itunes.apple.com/itunes-assets/AudioPreview211/v4/7a/2b/a8/7a2ba88f-775b-b664-573b-6e916b551b3e/mzaf_13406596489300899955.plus.aac.p.m4a,Apple iTunes Search API,https://itunes.apple.com/lookup?id=542922079&entity=song&limit=200&country=hk,False
apple-542922079,你的陳奕迅國語精選,compilation,1,10,song,Last Order,陳奕迅,3:56,235667,542922103,,https://music.apple.com/hk/album/last-order/542922079?i=542922103&uo=4,https://audio-ssl.itunes.apple.com/itunes-assets/AudioPreview221/v4/e3/38/ff/e338ffe2-b9a4-f825-29ee-7a16264f0402/mzaf_9937876295331896513.plus.aac.p.m4a,Apple iTunes Search API,https://itunes.apple.com/lookup?id=542922079&entity=song&limit=200&country=hk,False
apple-542922079,你的陳奕迅國語精選,compilation,1,11,song,冤家,陳奕迅,4:17,256970,542922105,,https://music.apple.com/hk/album/%E5%86%A4%E5%AE%B6/542922079?i=542922105&uo=4,https://audio-ssl.itunes.apple.com/itunes-assets/AudioPreview221/v4/f8/c5/52/f8c552e2-661a-46ec-27b1-9e025a519bba/mzaf_12174902991246732683.plus.aac.p.m4a,Apple iTunes Search API,https://itunes.apple.com/lookup?id=542922079&entity=song&limit=200&country=hk,False
apple-542922079,你的陳奕迅國語精選,compilation,1,12,song,全世界失眠,陳奕迅,4:09,249200,542922106,,https://music.apple.com/hk/album/%E5%85%A8%E4%B8%96%E7%95%8C%E5%A4%B1%E7%9C%A0/542922079?i=542922106&uo=4,https://audio-ssl.itunes.apple.com/itunes-assets/AudioPreview221/v4/7c/cd/2f/7ccd2fac-c712-0ea7-ac80-f055cea345d9/mzaf_12321754752186346057.plus.aac.p.m4a,Apple iTunes Search API,https://itunes.apple.com/lookup?id=542922079&entity=song&limit=200&country=hk,False
apple-542922079,你的陳奕迅國語精選,compilation,1,13,song,我們都寂寞,陳奕迅,4:53,292907,542922107,,https://music.apple.com/hk/album/%E6%88%91%E5%80%91%E9%83%BD%E5%AF%82%E5%AF%9E/542922079?i=542922107&uo=4,https://audio-ssl.itunes.apple.com/itunes-assets/AudioPreview211/v4/e9/e0/d6/e9e0d6de-76a1-8588-3dae-0c29b8c4e513/mzaf_10344408432443750488.plus.aac.p.m4a,Apple iTunes Search API,https://itunes.apple.com/lookup?id=542922079&entity=song&limit=200&country=hk,False
apple-542922079,你的陳奕迅國語精選,compilation,2,1,song,阿怪,陳奕迅,5:12,312124,542922108,,https://music.apple.com/hk/album/%E9%98%BF%E6%80%AA/542922079?i=542922108&uo=4,https://audio-ssl.itunes.apple.com/itunes-assets/AudioPreview221/v4/05/0f/da/050fda36-f929-4dd7-d64b-787adce50f8f/mzaf_10595314641453343622.plus.aac.p.m4a,Apple iTunes Search API,https://itunes.apple.com/lookup?id=542922079&entity=song&limit=200&country=hk,False
apple-542922079,你的陳奕迅國語精選,compilation,2,2,song,謝謝儂,陳奕迅,4:22,262312,542922469,,https://music.apple.com/hk/album/%E8%AC%9D%E8%AC%9D%E5%84%82/542922079?i=542922469&uo=4,https://audio-ssl.itunes.apple.com/itunes-assets/AudioPreview221/v4/dd/7b/df/dd7bdf4e-3db1-fb59-8de2-267c42fbd220/mzaf_13454830885589963491.plus.aac.p.m4a,Apple iTunes Search API,https://itunes.apple.com/lookup?id=542922079&entity=song&limit=200&country=hk,False
apple-542922079,你的陳奕迅國語精選,compilation,2,3,song,愛是懷疑,陳奕迅,4:34,273893,542922470,,https://music.apple.com/hk/album/%E6%84%9B%E6%98%AF%E6%87%B7%E7%96%91/542922079?i=542922470&uo=4,https://audio-ssl.itunes.apple.com/itunes-assets/AudioPreview211/v4/87/f1/1a/87f11a56-fb35-6593-606f-7bf5449333c4/mzaf_353514829199313577.plus.aac.p.m4a,Apple iTunes Search API,https://itunes.apple.com/lookup?id=542922079&entity=song&limit=200&country=hk,False
apple-542922079,你的陳奕迅國語精選,compilation,2,4,song,Because You're Good to Me,陳奕迅,3:39,218952,542922471,,https://music.apple.com/hk/album/because-youre-good-to-me/542922079?i=542922471&uo=4,https://audio-ssl.itunes.apple.com/itunes-assets/AudioPreview211/v4/b1/aa/c7/b1aac779-0771-113c-c35d-0f76db4e2d8e/mzaf_4666449311623331873.plus.aac.p.m4a,Apple iTunes Search API,https://itunes.apple.com/lookup?id=542922079&entity=song&limit=200&country=hk,False
apple-542922079,你的陳奕迅國語精選,compilation,2,5,song,Good Times,陳奕迅,8:25,504783,542922472,,https://music.apple.com/hk/album/good-times/542922079?i=542922472&uo=4,https://audio-ssl.itunes.apple.com/itunes-assets/AudioPreview211/v4/3a/c9/65/3ac96590-1d8b-7aa7-7681-0d49086bc520/mzaf_11275306297488070834.plus.aac.p.m4a,Apple iTunes Search API,https://itunes.apple.com/lookup?id=542922079&entity=song&limit=200&country=hk,False
apple-542922079,你的陳奕迅國語精選,compilation,2,6,song,要你的,陳奕迅,3:43,222627,542922477,,https://music.apple.com/hk/album/%E8%A6%81%E4%BD%A0%E7%9A%84/542922079?i=542922477&uo=4,https://audio-ssl.itunes.apple.com/itunes-assets/AudioPreview221/v4/44/0e/76/440e76f5-e732-184d-7fec-23a286fa37f4/mzaf_2382646544223119622.plus.aac.p.m4a,Apple iTunes Search API,https://itunes.apple.com/lookup?id=542922079&entity=song&limit=200&country=hk,False
apple-542922079,你的陳奕迅國語精選,compilation,2,7,song,像一句廣告,陳奕迅,4:01,240800,542922478,,https://music.apple.com/hk/album/%E5%83%8F%E4%B8%80%E5%8F%A5%E5%BB%A3%E5%91%8A/542922079?i=542922478&uo=4,https://audio-ssl.itunes.apple.com/itunes-assets/AudioPreview221/v4/0e/de/bc/0edebc5a-c0db-3899-1713-5182fbdd0fc1/mzaf_12684486118464351065.plus.aac.p.m4a,Apple iTunes Search API,https://itunes.apple.com/lookup?id=542922079&entity=song&limit=200&country=hk,False
apple-542922079,你的陳奕迅國語精選,compilation,2,8,song,我也不會那麼做,陳奕迅,4:28,268001,542922479,,https://music.apple.com/hk/album/%E6%88%91%E4%B9%9F%E4%B8%8D%E6%9C%83%E9%82%A3%E9%BA%BC%E5%81%9A/542922079?i=542922479&uo=4,https://audio-ssl.itunes.apple.com/itunes-assets/AudioPreview221/v4/54/48/cb/5448cbfc-45cb-bc52-3d8d-a137b13ba1ad/mzaf_16807040633133818617.plus.aac.p.m4a,Apple iTunes Search API,https://itunes.apple.com/lookup?id=542922079&entity=song&limit=200&country=hk,False
apple-542922079,你的陳奕迅國語精選,compilation,2,9,song,人造衛星,陳奕迅,3:59,239349,542922480,,https://music.apple.com/hk/album/%E4%BA%BA%E9%80%A0%E8%A1%9B%E6%98%9F/542922079?i=542922480&uo=4,https://audio-ssl.itunes.apple.com/itunes-assets/AudioPreview211/v4/b9/b3/ad/b9b3ad33-f771-9e6b-88c6-1d2b3e94f98a/mzaf_4315868731690666084.plus.aac.p.m4a,Apple iTunes Search API,https://itunes.apple.com/lookup?id=542922079&entity=song&limit=200&country=hk,False
apple-542922079,你的陳奕迅國語精選,compilation,2,10,song,狂人日記,陳奕迅,4:22,262173,542922481,,https://music.apple.com/hk/album/%E7%8B%82%E4%BA%BA%E6%97%A5%E8%A8%98/542922079?i=542922481&uo=4,https://audio-ssl.itunes.apple.com/itunes-assets/AudioPreview221/v4/00/f7/c4/00f7c479-d023-bdc1-1131-eb8ae98ffa4c/mzaf_8469915698491975194.plus.aac.p.m4a,Apple iTunes Search API,https://itunes.apple.com/lookup?id=542922079&entity=song&limit=200&country=hk,False
apple-542922079,你的陳奕迅國語精選,compilation,2,11,song,沒有手機的日子,陳奕迅,4:28,268348,542922482,,https://music.apple.com/hk/album/%E6%B2%92%E6%9C%89%E6%89%8B%E6%A9%9F%E7%9A%84%E6%97%A5%E5%AD%90/542922079?i=542922482&uo=4,https://audio-ssl.itunes.apple.com/itunes-assets/AudioPreview221/v4/5a/8f/20/5a8f20d9-c1e4-d40f-9a46-1eff4f132d70/mzaf_5727842600268386082.plus.aac.p.m4a,Apple iTunes Search API,https://itunes.apple.com/lookup?id=542922079&entity=song&limit=200&country=hk,False
apple-542922079,你的陳奕迅國語精選,compilation,2,12,song,跳蚤市場,陳奕迅,3:34,213749,542922483,,https://music.apple.com/hk/album/%E8%B7%B3%E8%9A%A4%E5%B8%82%E5%A0%B4/542922079?i=542922483&uo=4,https://audio-ssl.itunes.apple.com/itunes-assets/AudioPreview221/v4/d0/70/78/d07078e4-2f3d-3228-efc5-344632f353a2/mzaf_17206464506664909669.plus.aac.p.m4a,Apple iTunes Search API,https://itunes.apple.com/lookup?id=542922079&entity=song&limit=200&country=hk,False
apple-542922079,你的陳奕迅國語精選,compilation,2,13,song,故事,陳奕迅,3:46,226236,542922484,,https://music.apple.com/hk/album/%E6%95%85%E4%BA%8B/542922079?i=542922484&uo=4,https://audio-ssl.itunes.apple.com/itunes-assets/AudioPreview221/v4/77/ae/fa/77aefaba-9ab0-77d8-455f-e15327fc5713/mzaf_12358359676868947866.plus.aac.p.m4a,Apple iTunes Search API,https://itunes.apple.com/lookup?id=542922079&entity=song&limit=200&country=hk,False
apple-542922079,你的陳奕迅國語精選,compilation,2,14,song,男人的錯,陳奕迅,3:52,231648,542922486,,https://music.apple.com/hk/album/%E7%94%B7%E4%BA%BA%E7%9A%84%E9%8C%AF/542922079?i=542922486&uo=4,https://audio-ssl.itunes.apple.com/itunes-assets/AudioPreview221/v4/a7/bd/a6/a7bda674-0669-74ad-23c2-1a5584a102fb/mzaf_16890137548759993447.plus.aac.p.m4a,Apple iTunes Search API,https://itunes.apple.com/lookup?id=542922079&entity=song&limit=200&country=hk,False
apple-542922079,你的陳奕迅國語精選,compilation,2,15,song,沒有你,陳奕迅,4:27,266752,542922615,,https://music.apple.com/hk/album/%E6%B2%92%E6%9C%89%E4%BD%A0/542922079?i=542922615&uo=4,https://audio-ssl.itunes.apple.com/itunes-assets/AudioPreview211/v4/8f/87/d9/8f87d9cd-f847-54ae-1649-365cd375932e/mzaf_1372099117602745460.plus.aac.p.m4a,Apple iTunes Search API,https://itunes.apple.com/lookup?id=542922079&entity=song&limit=200&country=hk,False
apple-1462045568,Eason Moving on Stage 1 (Live),live,1,1,song,Overture (Live),陳奕迅,0:43,43293,1462045569,,https://music.apple.com/hk/album/overture-live/1462045568?i=1462045569&uo=4,https://audio-ssl.itunes.apple.com/itunes-assets/AudioPreview211/v4/06/64/da/0664da60-4ff5-246b-b020-5f2f48fe1acc/mzaf_6098291710381299141.plus.aac.p.m4a,Apple iTunes Search API,https://itunes.apple.com/lookup?id=1462045568&entity=song&limit=200&country=hk,False
apple-1462045568,Eason Moving on Stage 1 (Live),live,1,2,song,白玫瑰 (Live),陳奕迅,3:56,235800,1462045570,,https://music.apple.com/hk/album/%E7%99%BD%E7%8E%AB%E7%91%B0-live/1462045568?i=1462045570&uo=4,https://audio-ssl.itunes.apple.com/itunes-assets/AudioPreview211/v4/f5/7e/af/f57eaf01-41df-2d99-8ea3-dce2cd89a3bd/mzaf_14588770244613058508.plus.aac.p.m4a,Apple iTunes Search API,https://itunes.apple.com/lookup?id=1462045568&entity=song&limit=200&country=hk,False
apple-1462045568,Eason Moving on Stage 1 (Live),live,1,3,song,信心花舍 (Live),陳奕迅,3:33,212760,1462045571,,https://music.apple.com/hk/album/%E4%BF%A1%E5%BF%83%E8%8A%B1%E8%88%8D-live/1462045568?i=1462045571&uo=4,https://audio-ssl.itunes.apple.com/itunes-assets/AudioPreview211/v4/1d/ac/bd/1dacbd7c-4047-56c3-ab62-2b26f35d3fe9/mzaf_15361707635583213987.plus.aac.p.m4a,Apple iTunes Search API,https://itunes.apple.com/lookup?id=1462045568&entity=song&limit=200&country=hk,False
apple-1462045568,Eason Moving on Stage 1 (Live),live,1,4,song,K歌之王 (Live),陳奕迅,4:37,277213,1462045572,,https://music.apple.com/hk/album/k%E6%AD%8C%E4%B9%8B%E7%8E%8B-live/1462045568?i=1462045572&uo=4,https://audio-ssl.itunes.apple.com/itunes-assets/AudioPreview221/v4/02/01/b5/0201b52b-abaa-1084-8ac7-26f798d90b3e/mzaf_4877487423784733938.plus.aac.p.m4a,Apple iTunes Search API,https://itunes.apple.com/lookup?id=1462045568&entity=song&limit=200&country=hk,False
apple-1462045568,Eason Moving on Stage 1 (Live),live,1,5,song,裙下之臣 (Live),陳奕迅,4:31,270627,1462045573,,https://music.apple.com/hk/album/%E8%A3%99%E4%B8%8B%E4%B9%8B%E8%87%A3-live/1462045568?i=1462045573&uo=4,https://audio-ssl.itunes.apple.com/itunes-assets/AudioPreview221/v4/66/4f/c6/664fc689-1764-3e3a-a157-4097adb9be2f/mzaf_587879670617876147.plus.aac.p.m4a,Apple iTunes Search API,https://itunes.apple.com/lookup?id=1462045568&entity=song&limit=200&country=hk,False
apple-1462045568,Eason Moving on Stage 1 (Live),live,1,6,song,富士山下 (Live),陳奕迅,4:28,267960,1462045574,,https://music.apple.com/hk/album/%E5%AF%8C%E5%A3%AB%E5%B1%B1%E4%B8%8B-live/1462045568?i=1462045574&uo=4,https://audio-ssl.itunes.apple.com/itunes-assets/AudioPreview221/v4/b4/99/45/b49945ed-ab2f-7c99-f16b-25c38a52b252/mzaf_8165411889294467534.plus.aac.p.m4a,Apple iTunes Search API,https://itunes.apple.com/lookup?id=1462045568&entity=song&limit=200&country=hk,False
apple-1462045568,Eason Moving on Stage 1 (Live),live,1,7,song,不如不見 (Live),陳奕迅,4:17,257147,1462045575,,https://music.apple.com/hk/album/%E4%B8%8D%E5%A6%82%E4%B8%8D%E8%A6%8B-live/1462045568?i=1462045575&uo=4,https://audio-ssl.itunes.apple.com/itunes-assets/AudioPreview211/v4/be/01/36/be01365c-6139-1ccd-3d8e-4463e0784d00/mzaf_9282881817207130495.plus.aac.p.m4a,Apple iTunes Search API,https://itunes.apple.com/lookup?id=1462045568&entity=song&limit=200&country=hk,False
apple-1462045568,Eason Moving on Stage 1 (Live),live,1,8,song,夕陽無限好 (Live),陳奕迅,4:01,241480,1462045576,,https://music.apple.com/hk/album/%E5%A4%95%E9%99%BD%E7%84%A1%E9%99%90%E5%A5%BD-live/1462045568?i=1462045576&uo=4,https://audio-ssl.itunes.apple.com/itunes-assets/AudioPreview221/v4/a6/a4/c0/a6a4c081-0c4b-f737-2a06-4a8743e60b11/mzaf_6579391862079570287.plus.aac.p.m4a,Apple iTunes Search API,https://itunes.apple.com/lookup?id=1462045568&entity=song&limit=200&country=hk,False
apple-1462045568,Eason Moving on Stage 1 (Live),live,1,9,song,人車誌 (Live),陳奕迅,4:08,248240,1462045577,,https://music.apple.com/hk/album/%E4%BA%BA%E8%BB%8A%E8%AA%8C-live/1462045568?i=1462045577&uo=4,https://audio-ssl.itunes.apple.com/itunes-assets/AudioPreview211/v4/e3/68/77/e36877b2-a25d-acef-0352-81d449ec78c8/mzaf_13801188142986780703.plus.aac.p.m4a,Apple iTunes Search API,https://itunes.apple.com/lookup?id=1462045568&entity=song&limit=200&country=hk,False
apple-1462045568,Eason Moving on Stage 1 (Live),live,1,10,song,馬利奧派對 (Live),陳奕迅,4:48,288053,1462045578,,https://music.apple.com/hk/album/%E9%A6%AC%E5%88%A9%E5%A5%A7%E6%B4%BE%E5%B0%8D-live/1462045568?i=1462045578&uo=4,https://audio-ssl.itunes.apple.com/itunes-assets/AudioPreview211/v4/f9/a1/98/f9a198ed-e697-24d3-c630-4e1b1095240b/mzaf_5803060134055805372.plus.aac.p.m4a,Apple iTunes Search API,https://itunes.apple.com/lookup?id=1462045568&entity=song&limit=200&country=hk,False
apple-1462045568,Eason Moving on Stage 1 (Live),live,1,11,song,最佳損友 (Live),陳奕迅,4:05,245320,1462045579,,https://music.apple.com/hk/album/%E6%9C%80%E4%BD%B3%E6%90%8D%E5%8F%8B-live/1462045568?i=1462045579&uo=4,https://audio-ssl.itunes.apple.com/itunes-assets/AudioPreview211/v4/c4/27/5e/c4275e27-60d5-adab-b595-a92a8156ae0a/mzaf_641909266647225325.plus.aac.p.m4a,Apple iTunes Search API,https://itunes.apple.com/lookup?id=1462045568&entity=song&limit=200&country=hk,False
apple-1462045568,Eason Moving on Stage 1 (Live),live,1,12,song,What a Wonderful World (Live),陳奕迅,2:44,164307,1462045580,,https://music.apple.com/hk/album/what-a-wonderful-world-live/1462045568?i=1462045580&uo=4,https://audio-ssl.itunes.apple.com/itunes-assets/AudioPreview221/v4/30/67/21/306721ed-f8e9-fba3-d6ff-da30c1c188ba/mzaf_6194611614075500086.plus.aac.p.m4a,Apple iTunes Search API,https://itunes.apple.com/lookup?id=1462045568&entity=song&limit=200&country=hk,False
apple-1462045568,Eason Moving on Stage 1 (Live),live,1,13,song,黑擇明 (Live),陳奕迅,3:52,231573,1462045581,,https://music.apple.com/hk/album/%E9%BB%91%E6%93%87%E6%98%8E-live/1462045568?i=1462045581&uo=4,https://audio-ssl.itunes.apple.com/itunes-assets/AudioPreview221/v4/33/14/16/331416b5-c372-196c-cc9f-37d64a78ddb5/mzaf_7186916865340329151.plus.aac.p.m4a,Apple iTunes Search API,https://itunes.apple.com/lookup?id=1462045568&entity=song&limit=200&country=hk,False
apple-1462045568,Eason Moving on Stage 1 (Live),live,2,1,song,熱島小夜曲 (Live),陳奕迅,2:56,175920,1462045583,,https://music.apple.com/hk/album/%E7%86%B1%E5%B3%B6%E5%B0%8F%E5%A4%9C%E6%9B%B2-live/1462045568?i=1462045583&uo=4,https://audio-ssl.itunes.apple.com/itunes-assets/AudioPreview211/v4/00/80/ec/0080ec35-e905-d194-489f-667b5b359f3e/mzaf_6535111875337209656.plus.aac.p.m4a,Apple iTunes Search API,https://itunes.apple.com/lookup?id=1462045568&entity=song&limit=200&country=hk,False
apple-1462045568,Eason Moving on Stage 1 (Live),live,2,2,song,Crying in the Party (Live),陳奕迅,4:37,277053,1462045584,,https://music.apple.com/hk/album/crying-in-the-party-live/1462045568?i=1462045584&uo=4,https://audio-ssl.itunes.apple.com/itunes-assets/AudioPreview221/v4/a3/50/32/a35032a0-c8cf-8e1c-b127-a7082b6bb091/mzaf_14521955612557324064.plus.aac.p.m4a,Apple iTunes Search API,https://itunes.apple.com/lookup?id=1462045568&entity=song&limit=200&country=hk,False
apple-1462045568,Eason Moving on Stage 1 (Live),live,2,3,song,我不好愛 (Live),陳奕迅,5:24,324213,1462045585,,https://music.apple.com/hk/album/%E6%88%91%E4%B8%8D%E5%A5%BD%E6%84%9B-live/1462045568?i=1462045585&uo=4,https://audio-ssl.itunes.apple.com/itunes-assets/AudioPreview211/v4/e8/4e/6b/e84e6bf8-5674-1cc0-7340-ede0c6618b0b/mzaf_13735064691333439879.plus.aac.p.m4a,Apple iTunes Search API,https://itunes.apple.com/lookup?id=1462045568&entity=song&limit=200&country=hk,False
apple-1462045568,Eason Moving on Stage 1 (Live),live,2,4,song,打回原形 (Live),陳奕迅,4:04,244280,1462045616,,https://music.apple.com/hk/album/%E6%89%93%E5%9B%9E%E5%8E%9F%E5%BD%A2-live/1462045568?i=1462045616&uo=4,https://audio-ssl.itunes.apple.com/itunes-assets/AudioPreview221/v4/54/e2/1b/54e21b89-9dc7-0646-755c-03126a20b97f/mzaf_4873656461833260744.plus.aac.p.m4a,Apple iTunes Search API,https://itunes.apple.com/lookup?id=1462045568&entity=song&limit=200&country=hk,False
apple-1462045568,Eason Moving on Stage 1 (Live),live,2,5,song,衝口而出 (Live),陳奕迅,4:14,253747,1462045617,,https://music.apple.com/hk/album/%E8%A1%9D%E5%8F%A3%E8%80%8C%E5%87%BA-live/1462045568?i=1462045617&uo=4,https://audio-ssl.itunes.apple.com/itunes-assets/AudioPreview221/v4/c9/6d/2e/c96d2e15-9333-bc3e-1778-430bd23cb845/mzaf_9449400293383204631.plus.aac.p.m4a,Apple iTunes Search API,https://itunes.apple.com/lookup?id=1462045568&entity=song&limit=200&country=hk,False
apple-1462045568,Eason Moving on Stage 1 (Live),live,2,6,song,月球上的人 (Live),陳奕迅,4:59,298627,1462045618,,https://music.apple.com/hk/album/%E6%9C%88%E7%90%83%E4%B8%8A%E7%9A%84%E4%BA%BA-live/1462045568?i=1462045618&uo=4,https://audio-ssl.itunes.apple.com/itunes-assets/AudioPreview211/v4/cd/db/98/cddb9873-d563-d1db-2307-6bdc189ca860/mzaf_17459797915265754811.plus.aac.p.m4a,Apple iTunes Search API,https://itunes.apple.com/lookup?id=1462045568&entity=song&limit=200&country=hk,False
apple-1462045568,Eason Moving on Stage 1 (Live),live,2,7,song,葡萄成熟時 (Live),陳奕迅,4:39,279293,1462045619,,https://music.apple.com/hk/album/%E8%91%A1%E8%90%84%E6%88%90%E7%86%9F%E6%99%82-live/1462045568?i=1462045619&uo=4,https://audio-ssl.itunes.apple.com/itunes-assets/AudioPreview211/v4/3d/c0/d8/3dc0d8c9-5382-66fc-35ee-807eeaed1c0c/mzaf_16979736118445702958.plus.aac.p.m4a,Apple iTunes Search API,https://itunes.apple.com/lookup?id=1462045568&entity=song&limit=200&country=hk,False
apple-1462045568,Eason Moving on Stage 1 (Live),live,2,8,song,浮誇 (Live),陳奕迅,4:54,293613,1462045620,,https://music.apple.com/hk/album/%E6%B5%AE%E8%AA%87-live/1462045568?i=1462045620&uo=4,https://audio-ssl.itunes.apple.com/itunes-assets/AudioPreview211/v4/3e/76/b8/3e76b8b1-54d5-463c-b25b-0e57da93d225/mzaf_3960758092018986599.plus.aac.p.m4a,Apple iTunes Search API,https://itunes.apple.com/lookup?id=1462045568&entity=song&limit=200&country=hk,False
apple-1462045568,Eason Moving on Stage 1 (Live),live,2,9,song,低等動物 (Live),陳奕迅,11:24,683893,1462045621,,https://music.apple.com/hk/album/%E4%BD%8E%E7%AD%89%E5%8B%95%E7%89%A9-live/1462045568?i=1462045621&uo=4,https://audio-ssl.itunes.apple.com/itunes-assets/AudioPreview211/v4/2c/af/05/2caf05ed-f9c3-2e8c-b22d-180a07a58277/mzaf_13423070790610652104.plus.aac.p.m4a,Apple iTunes Search API,https://itunes.apple.com/lookup?id=1462045568&entity=song&limit=200&country=hk,False
apple-1462045568,Eason Moving on Stage 1 (Live),live,2,10,song,粵語殘片 (Live),陳奕迅,4:37,277160,1462045622,,https://music.apple.com/hk/album/%E7%B2%B5%E8%AA%9E%E6%AE%98%E7%89%87-live/1462045568?i=1462045622&uo=4,https://audio-ssl.itunes.apple.com/itunes-assets/AudioPreview211/v4/f5/e1/58/f5e158d2-dae9-2158-b84d-90d805d136be/mzaf_16636574318522704344.plus.aac.p.m4a,Apple iTunes Search API,https://itunes.apple.com/lookup?id=1462045568&entity=song&limit=200&country=hk,False
apple-1462045568,Eason Moving on Stage 1 (Live),live,3,1,song,淘汰 (Live),陳奕迅,8:51,531067,1462045623,,https://music.apple.com/hk/album/%E6%B7%98%E6%B1%B0-live/1462045568?i=1462045623&uo=4,https://audio-ssl.itunes.apple.com/itunes-assets/AudioPreview221/v4/06/3c/4e/063c4eb8-76ca-8cd8-11b2-71e6312a719b/mzaf_1244543448264705369.plus.aac.p.m4a,Apple iTunes Search API,https://itunes.apple.com/lookup?id=1462045568&entity=song&limit=200&country=hk,False
apple-1462045568,Eason Moving on Stage 1 (Live),live,3,2,song,落花流水 (Live),陳奕迅,4:26,265800,1462045624,,https://music.apple.com/hk/album/%E8%90%BD%E8%8A%B1%E6%B5%81%E6%B0%B4-live/1462045568?i=1462045624&uo=4,https://audio-ssl.itunes.apple.com/itunes-assets/AudioPreview221/v4/a2/61/17/a2611719-ec19-81fd-b3b0-dd5d56eccae5/mzaf_6627165651859179866.plus.aac.p.m4a,Apple iTunes Search API,https://itunes.apple.com/lookup?id=1462045568&entity=song&limit=200&country=hk,False
apple-1462045568,Eason Moving on Stage 1 (Live),live,3,3,song,演唱會 (Live),陳奕迅,4:56,296493,1462045626,,https://music.apple.com/hk/album/%E6%BC%94%E5%94%B1%E6%9C%83-live/1462045568?i=1462045626&uo=4,https://audio-ssl.itunes.apple.com/itunes-assets/AudioPreview211/v4/84/b0/f7/84b0f762-ac69-3799-3a3c-345f09557eed/mzaf_5910859175772718700.plus.aac.p.m4a,Apple iTunes Search API,https://itunes.apple.com/lookup?id=1462045568&entity=song&limit=200&country=hk,False
apple-1462045568,Eason Moving on Stage 1 (Live),live,3,4,song,明年今日 (Live),陳奕迅,3:55,234867,1462045629,,https://music.apple.com/hk/album/%E6%98%8E%E5%B9%B4%E4%BB%8A%E6%97%A5-live/1462045568?i=1462045629&uo=4,https://audio-ssl.itunes.apple.com/itunes-assets/AudioPreview211/v4/8a/55/2d/8a552d6c-d582-2277-6607-915bc54c1097/mzaf_17739842787870297629.plus.aac.p.m4a,Apple iTunes Search API,https://itunes.apple.com/lookup?id=1462045568&entity=song&limit=200&country=hk,False
apple-1443826314,The 1st Eleven Years 然後呢?,compilation,1,1,song,淘汰 (國),陳奕迅,4:45,284987,1443826321,,https://music.apple.com/hk/album/%E6%B7%98%E6%B1%B0-%E5%9C%8B/1443826314?i=1443826321&uo=4,https://audio-ssl.itunes.apple.com/itunes-assets/AudioPreview125/v4/31/60/a4/3160a47b-b627-0283-eec5-c033a6c648ed/mzaf_7429445966385051858.plus.aac.p.m4a,Apple iTunes Search API,https://itunes.apple.com/lookup?id=1443826314&entity=song&limit=200&country=hk,False
apple-1443826314,The 1st Eleven Years 然後呢?,compilation,1,2,song,煙味 (國),陳奕迅,4:23,263360,1443826322,,https://music.apple.com/hk/album/%E7%85%99%E5%91%B3-%E5%9C%8B/1443826314?i=1443826322&uo=4,https://audio-ssl.itunes.apple.com/itunes-assets/AudioPreview125/v4/8a/4c/7d/8a4c7d2f-8204-8e40-9c9a-1be75a6c031f/mzaf_14798933895683034868.plus.aac.p.m4a,Apple iTunes Search API,https://itunes.apple.com/lookup?id=1443826314&entity=song&limit=200&country=hk,False
apple-1443826314,The 1st Eleven Years 然後呢?,compilation,1,3,song,對不起 謝謝 (國),陳奕迅,4:22,261827,1443826327,,https://music.apple.com/hk/album/%E5%B0%8D%E4%B8%8D%E8%B5%B7-%E8%AC%9D%E8%AC%9D-%E5%9C%8B/1443826314?i=1443826327&uo=4,https://audio-ssl.itunes.apple.com/itunes-assets/AudioPreview125/v4/90/c5/50/90c550c3-5994-f1e0-1664-a22ecb840f61/mzaf_11859729943303767140.plus.aac.p.m4a,Apple iTunes Search API,https://itunes.apple.com/lookup?id=1443826314&entity=song&limit=200&country=hk,False
apple-1443826314,The 1st Eleven Years 然後呢?,compilation,1,4,song,好久不見,陳奕迅,4:10,250480,1443826329,,https://music.apple.com/hk/album/%E5%A5%BD%E4%B9%85%E4%B8%8D%E8%A6%8B/1443826314?i=1443826329&uo=4,https://audio-ssl.itunes.apple.com/itunes-assets/AudioPreview125/v4/2f/f0/e3/2ff0e3a1-4f3a-4d45-2cfd-5ac655c0f660/mzaf_5374875485775833745.plus.aac.p.m4a,Apple iTunes Search API,https://itunes.apple.com/lookup?id=1443826314&entity=song&limit=200&country=hk,False
apple-1443826314,The 1st Eleven Years 然後呢?,compilation,1,5,song,愛情轉移 (國),陳奕迅,4:22,262000,1443826330,,https://music.apple.com/hk/album/%E6%84%9B%E6%83%85%E8%BD%89%E7%A7%BB-%E5%9C%8B/1443826314?i=1443826330&uo=4,https://audio-ssl.itunes.apple.com/itunes-assets/AudioPreview115/v4/e4/94/2e/e4942e5e-c456-0538-8571-2e9abb08e5eb/mzaf_3377869897955613897.plus.aac.p.m4a,Apple iTunes Search API,https://itunes.apple.com/lookup?id=1443826314&entity=song&limit=200&country=hk,False
apple-1443826314,The 1st Eleven Years 然後呢?,compilation,1,6,song,不睡 (國),陳奕迅,4:35,274693,1443826541,,https://music.apple.com/hk/album/%E4%B8%8D%E7%9D%A1-%E5%9C%8B/1443826314?i=1443826541&uo=4,https://audio-ssl.itunes.apple.com/itunes-assets/AudioPreview125/v4/28/22/68/2822685c-7c0b-d0ee-a41f-40153425edd4/mzaf_2918965375165582185.plus.aac.p.m4a,Apple iTunes Search API,https://itunes.apple.com/lookup?id=1443826314&entity=song&limit=200&country=hk,False
apple-1443826314,The 1st Eleven Years 然後呢?,compilation,1,7,song,紅玫瑰 (國),陳奕迅,4:02,241987,1443826542,,https://music.apple.com/hk/album/%E7%B4%85%E7%8E%AB%E7%91%B0-%E5%9C%8B/1443826314?i=1443826542&uo=4,https://audio-ssl.itunes.apple.com/itunes-assets/AudioPreview115/v4/08/30/54/08305485-cd7d-05e9-c4eb-aaacba39adeb/mzaf_265138244605931193.plus.aac.p.m4a,Apple iTunes Search API,https://itunes.apple.com/lookup?id=1443826314&entity=song&limit=200&country=hk,False
apple-1443826314,The 1st Eleven Years 然後呢?,compilation,1,8,song,不然你要我怎麼樣 (國),陳奕迅,4:55,294973,1443826544,,https://music.apple.com/hk/album/%E4%B8%8D%E7%84%B6%E4%BD%A0%E8%A6%81%E6%88%91%E6%80%8E%E9%BA%BC%E6%A8%A3-%E5%9C%8B/1443826314?i=1443826544&uo=4,https://audio-ssl.itunes.apple.com/itunes-assets/AudioPreview125/v4/e8/a5/0d/e8a50d4e-be18-ff35-805f-ef8122ebe0ff/mzaf_4332906932217312277.plus.aac.p.m4a,Apple iTunes Search API,https://itunes.apple.com/lookup?id=1443826314&entity=song&limit=200&country=hk,False
apple-1443493887,不想放手,studio,1,1,song,27 Seconds (Music Box of 然後怎樣),陳奕迅,0:30,29627,1443494033,,https://music.apple.com/hk/album/27-seconds-music-box-of-%E7%84%B6%E5%BE%8C%E6%80%8E%E6%A8%A3/1443493887?i=1443494033&uo=4,https://audio-ssl.itunes.apple.com/itunes-assets/AudioPreview221/v4/a7/a5/52/a7a5522b-b585-7338-7ccd-13eababe6fb0/mzaf_9278010814286218008.plus.aac.p.m4a,Apple iTunes Search API,https://itunes.apple.com/lookup?id=1443493887&entity=song&limit=200&country=hk,False
apple-1443493887,不想放手,studio,1,2,song,路…一直都在,陳奕迅,4:39,279000,,af5ecada-d260-4fbb-a18a-52d05c3ea998,https://musicbrainz.org/recording/af5ecada-d260-4fbb-a18a-52d05c3ea998,,MusicBrainz physical release metadata,https://musicbrainz.org/release/94d3809d-d594-4742-a15f-2297c46f107f,True
apple-1443493887,不想放手,studio,1,3,song,獨居動物,陳奕迅,4:23,263000,,cb42bc5f-9c14-42bd-bd5a-35fae82afb36,https://musicbrainz.org/recording/cb42bc5f-9c14-42bd-bd5a-35fae82afb36,,MusicBrainz physical release metadata,https://musicbrainz.org/release/94d3809d-d594-4742-a15f-2297c46f107f,True
apple-1443493887,不想放手,studio,1,4,song,倒帶人生,陳奕迅,5:42,341640,1443494445,,https://music.apple.com/hk/album/%E5%80%92%E5%B8%B6%E4%BA%BA%E7%94%9F/1443493887?i=1443494445&uo=4,https://audio-ssl.itunes.apple.com/itunes-assets/AudioPreview221/v4/bc/38/40/bc3840bc-0f48-18e6-8e7a-ed6630deaa76/mzaf_18152933298256132640.plus.aac.p.m4a,Apple iTunes Search API,https://itunes.apple.com/lookup?id=1443493887&entity=song&limit=200&country=hk,False
apple-1443493887,不想放手,studio,1,5,song,Aren't You Glad (英),陳奕迅,4:44,284427,1443494452,,https://music.apple.com/hk/album/arent-you-glad-%E8%8B%B1/1443493887?i=1443494452&uo=4,https://audio-ssl.itunes.apple.com/itunes-assets/AudioPreview221/v4/c7/a0/46/c7a0465c-da54-57a8-dfe1-57776dacbfb6/mzaf_8294805325599902002.plus.aac.p.m4a,Apple iTunes Search API,https://itunes.apple.com/lookup?id=1443493887&entity=song&limit=200&country=hk,False
apple-1443493887,不想放手,studio,1,6,song,7,陳奕迅,4:01,241000,,baba43a1-7ce6-42d7-9053-e367ada6a3c4,https://musicbrainz.org/recording/baba43a1-7ce6-42d7-9053-e367ada6a3c4,,MusicBrainz physical release metadata,https://musicbrainz.org/release/94d3809d-d594-4742-a15f-2297c46f107f,True
apple-1443493887,不想放手,studio,1,7,song,不要說話,陳奕迅,4:48,288360,1443494467,,https://music.apple.com/hk/album/%E4%B8%8D%E8%A6%81%E8%AA%AA%E8%A9%B1/1443493887?i=1443494467&uo=4,https://audio-ssl.itunes.apple.com/itunes-assets/AudioPreview211/v4/61/8f/41/618f416b-df6e-3e60-8e52-835a5b99da0b/mzaf_1488352674225219764.plus.aac.p.m4a,Apple iTunes Search API,https://itunes.apple.com/lookup?id=1443493887&entity=song&limit=200&country=hk,False
apple-1443493887,不想放手,studio,1,8,song,漂亮小姐,陳奕迅,4:32,271733,1443494629,,https://music.apple.com/hk/album/%E6%BC%82%E4%BA%AE%E5%B0%8F%E5%A7%90/1443493887?i=1443494629&uo=4,https://audio-ssl.itunes.apple.com/itunes-assets/AudioPreview221/v4/39/f8/41/39f841bc-1d10-aa1a-bc31-40f73036e514/mzaf_9309399843033556268.plus.aac.p.m4a,Apple iTunes Search API,https://itunes.apple.com/lookup?id=1443493887&entity=song&limit=200&country=hk,False
apple-1443493887,不想放手,studio,1,9,song,臭美,陳奕迅,5:14,314000,,80871164-3598-4dee-b42f-19cf55b69313,https://musicbrainz.org/recording/80871164-3598-4dee-b42f-19cf55b69313,,MusicBrainz physical release metadata,https://musicbrainz.org/release/94d3809d-d594-4742-a15f-2297c46f107f,True
apple-1443493887,不想放手,studio,1,10,song,土星環,陳奕迅,4:30,269573,1443494861,,https://music.apple.com/hk/album/%E5%9C%9F%E6%98%9F%E7%92%B0/1443493887?i=1443494861&uo=4,https://audio-ssl.itunes.apple.com/itunes-assets/AudioPreview221/v4/95/0c/30/950c3095-f537-4f48-2bc2-fb8f731c448b/mzaf_5633056406891046617.plus.aac.p.m4a,Apple iTunes Search API,https://itunes.apple.com/lookup?id=1443493887&entity=song&limit=200&country=hk,False
apple-1443493887,不想放手,studio,1,11,song,然後怎樣,陳奕迅,6:05,365427,1443494872,,https://music.apple.com/hk/album/%E7%84%B6%E5%BE%8C%E6%80%8E%E6%A8%A3/1443493887?i=1443494872&uo=4,https://audio-ssl.itunes.apple.com/itunes-assets/AudioPreview221/v4/d3/f9/8b/d3f98b5c-b5b6-c6f1-bc29-6796da460a99/mzaf_10304468052287777678.plus.aac.p.m4a,Apple iTunes Search API,https://itunes.apple.com/lookup?id=1443493887&entity=song&limit=200&country=hk,False
mb-876539aa-e420-46ff-b1d3-e2ae163278e0,路…一直都在,single,1,1,song,Lu... Yi Zhi Du Zai,Eason Chan,4:38,278000,,af5ecada-d260-4fbb-a18a-52d05c3ea998,https://musicbrainz.org/recording/af5ecada-d260-4fbb-a18a-52d05c3ea998,,MusicBrainz digital release metadata,https://musicbrainz.org/release/876539aa-e420-46ff-b1d3-e2ae163278e0,False
mb-222597bb-5615-40a0-8ec1-6b62e53a2c1e,陳奕迅 Eason,compilation,1,1,song,K歌之王,陳奕迅,3:45,224840,,fcf2e1c6-8587-4b94-80d8-121f12b84d87,https://musicbrainz.org/recording/fcf2e1c6-8587-4b94-80d8-121f12b84d87,,MusicBrainz physical release metadata,https://musicbrainz.org/release/222597bb-5615-40a0-8ec1-6b62e53a2c1e,False
mb-222597bb-5615-40a0-8ec1-6b62e53a2c1e,陳奕迅 Eason,compilation,1,2,song,十面埋伏,陳奕迅,3:54,234013,,3198f69a-2032-4169-a4dd-a2165ddd9b10,https://musicbrainz.org/recording/3198f69a-2032-4169-a4dd-a2165ddd9b10,,MusicBrainz physical release metadata,https://musicbrainz.org/release/222597bb-5615-40a0-8ec1-6b62e53a2c1e,False
mb-222597bb-5615-40a0-8ec1-6b62e53a2c1e,陳奕迅 Eason,compilation,1,3,song,2001太空漫遊,陳奕迅,4:01,241160,,3ef0df46-54b3-4c23-a068-265f028064df,https://musicbrainz.org/recording/3ef0df46-54b3-4c23-a068-265f028064df,,MusicBrainz physical release metadata,https://musicbrainz.org/release/222597bb-5615-40a0-8ec1-6b62e53a2c1e,False
mb-222597bb-5615-40a0-8ec1-6b62e53a2c1e,陳奕迅 Eason,compilation,1,4,song,歲月如歌,陳奕迅,3:31,210853,,7cf24ddd-2f5b-4410-8437-16a8d64e21bc,https://musicbrainz.org/recording/7cf24ddd-2f5b-4410-8437-16a8d64e21bc,,MusicBrainz physical release metadata,https://musicbrainz.org/release/222597bb-5615-40a0-8ec1-6b62e53a2c1e,False
mb-222597bb-5615-40a0-8ec1-6b62e53a2c1e,陳奕迅 Eason,compilation,1,5,song,明年今日,陳奕迅,3:27,207400,,b777435e-1ae7-46c2-a967-023e52e3a451,https://musicbrainz.org/recording/b777435e-1ae7-46c2-a967-023e52e3a451,,MusicBrainz physical release metadata,https://musicbrainz.org/release/222597bb-5615-40a0-8ec1-6b62e53a2c1e,False
mb-222597bb-5615-40a0-8ec1-6b62e53a2c1e,陳奕迅 Eason,compilation,1,6,song,人來人往,陳奕迅,3:55,234546,,ccc5ed8a-534c-49f8-b6c0-5f0639d2f1eb,https://musicbrainz.org/recording/ccc5ed8a-534c-49f8-b6c0-5f0639d2f1eb,,MusicBrainz physical release metadata,https://musicbrainz.org/release/222597bb-5615-40a0-8ec1-6b62e53a2c1e,False
mb-222597bb-5615-40a0-8ec1-6b62e53a2c1e,陳奕迅 Eason,compilation,1,7,song,低等動物,陳奕迅,4:22,261853,,09d3345f-bfb2-4346-88fa-ec3dff497ce0,https://musicbrainz.org/recording/09d3345f-bfb2-4346-88fa-ec3dff497ce0,,MusicBrainz physical release metadata,https://musicbrainz.org/release/222597bb-5615-40a0-8ec1-6b62e53a2c1e,False
mb-222597bb-5615-40a0-8ec1-6b62e53a2c1e,陳奕迅 Eason,compilation,1,8,song,打回原形,陳奕迅,4:14,254466,,51aa0ba1-4fb2-4bfa-a10b-490430d1193e,https://musicbrainz.org/recording/51aa0ba1-4fb2-4bfa-a10b-490430d1193e,,MusicBrainz physical release metadata,https://musicbrainz.org/release/222597bb-5615-40a0-8ec1-6b62e53a2c1e,False
mb-222597bb-5615-40a0-8ec1-6b62e53a2c1e,陳奕迅 Eason,compilation,1,9,song,Shall We Talk,陳奕迅,3:49,229226,,f8049525-29ed-4f0b-97f1-c3107f6860c9,https://musicbrainz.org/recording/f8049525-29ed-4f0b-97f1-c3107f6860c9,,MusicBrainz physical release metadata,https://musicbrainz.org/release/222597bb-5615-40a0-8ec1-6b62e53a2c1e,False
mb-222597bb-5615-40a0-8ec1-6b62e53a2c1e,陳奕迅 Eason,compilation,1,10,song,Lonely Christmas,陳奕迅,4:44,283906,,9a5f9dac-4c78-48e1-8522-469ec238cfef,https://musicbrainz.org/recording/9a5f9dac-4c78-48e1-8522-469ec238cfef,,MusicBrainz physical release metadata,https://musicbrainz.org/release/222597bb-5615-40a0-8ec1-6b62e53a2c1e,False
mb-222597bb-5615-40a0-8ec1-6b62e53a2c1e,陳奕迅 Eason,compilation,1,11,song,孤獨探戈,陳奕迅,3:26,206306,,efe8f608-84d4-4bc4-b37e-f38d6eb681c8,https://musicbrainz.org/recording/efe8f608-84d4-4bc4-b37e-f38d6eb681c8,,MusicBrainz physical release metadata,https://musicbrainz.org/release/222597bb-5615-40a0-8ec1-6b62e53a2c1e,False
mb-222597bb-5615-40a0-8ec1-6b62e53a2c1e,陳奕迅 Eason,compilation,1,12,song,幸災樂禍,陳奕迅,3:29,208506,,efcbd95e-9fcb-40b0-acb6-7cfd489fecf9,https://musicbrainz.org/recording/efcbd95e-9fcb-40b0-acb6-7cfd489fecf9,,MusicBrainz physical release metadata,https://musicbrainz.org/release/222597bb-5615-40a0-8ec1-6b62e53a2c1e,False
mb-222597bb-5615-40a0-8ec1-6b62e53a2c1e,陳奕迅 Eason,compilation,1,13,song,隨意門,陳奕迅,4:12,251586,,c5603773-e7c6-4770-b009-fc2134030dd0,https://musicbrainz.org/recording/c5603773-e7c6-4770-b009-fc2134030dd0,,MusicBrainz physical release metadata,https://musicbrainz.org/release/222597bb-5615-40a0-8ec1-6b62e53a2c1e,False
mb-222597bb-5615-40a0-8ec1-6b62e53a2c1e,陳奕迅 Eason,compilation,1,14,song,給愛麗斯,陳奕迅,3:32,212000,,12b01e79-5f93-4285-b185-f4eee9053578,https://musicbrainz.org/recording/12b01e79-5f93-4285-b185-f4eee9053578,,MusicBrainz physical release metadata,https://musicbrainz.org/release/222597bb-5615-40a0-8ec1-6b62e53a2c1e,False
mb-222597bb-5615-40a0-8ec1-6b62e53a2c1e,陳奕迅 Eason,compilation,1,15,song,King Kong,陳奕迅,3:28,207520,,b87cc843-cc76-43cd-9d22-44e22f1cec9a,https://musicbrainz.org/recording/b87cc843-cc76-43cd-9d22-44e22f1cec9a,,MusicBrainz physical release metadata,https://musicbrainz.org/release/222597bb-5615-40a0-8ec1-6b62e53a2c1e,False
mb-222597bb-5615-40a0-8ec1-6b62e53a2c1e,陳奕迅 Eason,compilation,1,16,song,打得火熱,陳奕迅,3:19,199253,,8ce23a85-f861-40d8-b276-1f7af6f000ff,https://musicbrainz.org/recording/8ce23a85-f861-40d8-b276-1f7af6f000ff,,MusicBrainz physical release metadata,https://musicbrainz.org/release/222597bb-5615-40a0-8ec1-6b62e53a2c1e,False
mb-222597bb-5615-40a0-8ec1-6b62e53a2c1e,陳奕迅 Eason,compilation,1,17,song,忘記歌詞,陳奕迅,3:39,218986,,2822a6ac-1a1a-488e-80c6-336ed8287dd3,https://musicbrainz.org/recording/2822a6ac-1a1a-488e-80c6-336ed8287dd3,,MusicBrainz physical release metadata,https://musicbrainz.org/release/222597bb-5615-40a0-8ec1-6b62e53a2c1e,False
mb-222597bb-5615-40a0-8ec1-6b62e53a2c1e,陳奕迅 Eason,compilation,1,18,song,單車,陳奕迅,3:28,207960,,2a2c16d2-c9c7-491d-b2c7-c882909f1735,https://musicbrainz.org/recording/2a2c16d2-c9c7-491d-b2c7-c882909f1735,,MusicBrainz physical release metadata,https://musicbrainz.org/release/222597bb-5615-40a0-8ec1-6b62e53a2c1e,False
mb-feefcae1-7e94-41c5-ade5-3f85496c52e6,The Best Moment,compilation,1,1,song,歲月如歌,陳奕迅,3:29,208680,,7cf24ddd-2f5b-4410-8437-16a8d64e21bc,https://musicbrainz.org/recording/7cf24ddd-2f5b-4410-8437-16a8d64e21bc,,MusicBrainz physical release metadata,https://musicbrainz.org/release/feefcae1-7e94-41c5-ade5-3f85496c52e6,False
mb-feefcae1-7e94-41c5-ade5-3f85496c52e6,The Best Moment,compilation,1,2,song,K歌之王,陳奕迅,3:43,223106,,fcf2e1c6-8587-4b94-80d8-121f12b84d87,https://musicbrainz.org/recording/fcf2e1c6-8587-4b94-80d8-121f12b84d87,,MusicBrainz physical release metadata,https://musicbrainz.org/release/feefcae1-7e94-41c5-ade5-3f85496c52e6,False
mb-feefcae1-7e94-41c5-ade5-3f85496c52e6,The Best Moment,compilation,1,3,song,明年今日,陳奕迅,3:25,205200,,b777435e-1ae7-46c2-a967-023e52e3a451,https://musicbrainz.org/recording/b777435e-1ae7-46c2-a967-023e52e3a451,,MusicBrainz physical release metadata,https://musicbrainz.org/release/feefcae1-7e94-41c5-ade5-3f85496c52e6,False
mb-feefcae1-7e94-41c5-ade5-3f85496c52e6,The Best Moment,compilation,1,4,song,十面埋伏,陳奕迅,3:52,232106,,3198f69a-2032-4169-a4dd-a2165ddd9b10,https://musicbrainz.org/recording/3198f69a-2032-4169-a4dd-a2165ddd9b10,,MusicBrainz physical release metadata,https://musicbrainz.org/release/feefcae1-7e94-41c5-ade5-3f85496c52e6,False
mb-feefcae1-7e94-41c5-ade5-3f85496c52e6,The Best Moment,compilation,1,5,song,打回原形,陳奕迅,4:12,251786,,51aa0ba1-4fb2-4bfa-a10b-490430d1193e,https://musicbrainz.org/recording/51aa0ba1-4fb2-4bfa-a10b-490430d1193e,,MusicBrainz physical release metadata,https://musicbrainz.org/release/feefcae1-7e94-41c5-ade5-3f85496c52e6,False
mb-feefcae1-7e94-41c5-ade5-3f85496c52e6,The Best Moment,compilation,1,6,song,Shall We Talk,陳奕迅,3:47,227186,,f8049525-29ed-4f0b-97f1-c3107f6860c9,https://musicbrainz.org/recording/f8049525-29ed-4f0b-97f1-c3107f6860c9,,MusicBrainz physical release metadata,https://musicbrainz.org/release/feefcae1-7e94-41c5-ade5-3f85496c52e6,False
mb-feefcae1-7e94-41c5-ade5-3f85496c52e6,The Best Moment,compilation,1,7,song,Lonely Christmas,陳奕迅,4:41,280920,,9a5f9dac-4c78-48e1-8522-469ec238cfef,https://musicbrainz.org/recording/9a5f9dac-4c78-48e1-8522-469ec238cfef,,MusicBrainz physical release metadata,https://musicbrainz.org/release/feefcae1-7e94-41c5-ade5-3f85496c52e6,False
mb-feefcae1-7e94-41c5-ade5-3f85496c52e6,The Best Moment,compilation,1,8,song,1874,陳奕迅,3:49,229013,,00ca5112-ad02-45b6-96a9-dfff90af4a4f,https://musicbrainz.org/recording/00ca5112-ad02-45b6-96a9-dfff90af4a4f,,MusicBrainz physical release metadata,https://musicbrainz.org/release/feefcae1-7e94-41c5-ade5-3f85496c52e6,False
mb-feefcae1-7e94-41c5-ade5-3f85496c52e6,The Best Moment,compilation,1,9,song,單車,陳奕迅,3:29,209253,,2a2c16d2-c9c7-491d-b2c7-c882909f1735,https://musicbrainz.org/recording/2a2c16d2-c9c7-491d-b2c7-c882909f1735,,MusicBrainz physical release metadata,https://musicbrainz.org/release/feefcae1-7e94-41c5-ade5-3f85496c52e6,False
mb-feefcae1-7e94-41c5-ade5-3f85496c52e6,The Best Moment,compilation,1,10,song,人來人往,陳奕迅,3:52,232333,,ccc5ed8a-534c-49f8-b6c0-5f0639d2f1eb,https://musicbrainz.org/recording/ccc5ed8a-534c-49f8-b6c0-5f0639d2f1eb,,MusicBrainz physical release metadata,https://musicbrainz.org/release/feefcae1-7e94-41c5-ade5-3f85496c52e6,False
mb-feefcae1-7e94-41c5-ade5-3f85496c52e6,The Best Moment,compilation,1,11,song,綿綿,陳奕迅,4:05,244560,,bba0b1c6-0a55-437f-9cd4-d9b767441213,https://musicbrainz.org/recording/bba0b1c6-0a55-437f-9cd4-d9b767441213,,MusicBrainz physical release metadata,https://musicbrainz.org/release/feefcae1-7e94-41c5-ade5-3f85496c52e6,False
mb-feefcae1-7e94-41c5-ade5-3f85496c52e6,The Best Moment,compilation,1,12,song,低等動物,陳奕迅,4:20,259706,,09d3345f-bfb2-4346-88fa-ec3dff497ce0,https://musicbrainz.org/recording/09d3345f-bfb2-4346-88fa-ec3dff497ce0,,MusicBrainz physical release metadata,https://musicbrainz.org/release/feefcae1-7e94-41c5-ade5-3f85496c52e6,False
mb-feefcae1-7e94-41c5-ade5-3f85496c52e6,The Best Moment,compilation,1,13,song,他一個人,陳奕迅,4:23,263013,,b438b6d3-cf40-41e0-acdf-0b19ed879fe4,https://musicbrainz.org/recording/b438b6d3-cf40-41e0-acdf-0b19ed879fe4,,MusicBrainz physical release metadata,https://musicbrainz.org/release/feefcae1-7e94-41c5-ade5-3f85496c52e6,False
mb-feefcae1-7e94-41c5-ade5-3f85496c52e6,The Best Moment,compilation,1,14,song,活著多好,陳奕迅,4:22,262213,,d7ab8e1c-4aa8-4a48-958c-d24b64ca6add,https://musicbrainz.org/recording/d7ab8e1c-4aa8-4a48-958c-d24b64ca6add,,MusicBrainz physical release metadata,https://musicbrainz.org/release/feefcae1-7e94-41c5-ade5-3f85496c52e6,False
mb-feefcae1-7e94-41c5-ade5-3f85496c52e6,The Best Moment,compilation,1,15,song,一切還好,陳奕迅,4:56,296320,,ae96486d-9de7-4265-a075-ff25b25bdd42,https://musicbrainz.org/recording/ae96486d-9de7-4265-a075-ff25b25bdd42,,MusicBrainz physical release metadata,https://musicbrainz.org/release/feefcae1-7e94-41c5-ade5-3f85496c52e6,False
mb-feefcae1-7e94-41c5-ade5-3f85496c52e6,The Best Moment,compilation,1,16,song,天使的禮物,陳奕迅,3:22,201626,,057c9a3d-e572-45e4-9e73-857af8de5a94,https://musicbrainz.org/recording/057c9a3d-e572-45e4-9e73-857af8de5a94,,MusicBrainz physical release metadata,https://musicbrainz.org/release/feefcae1-7e94-41c5-ade5-3f85496c52e6,False
mb-feefcae1-7e94-41c5-ade5-3f85496c52e6,The Best Moment,compilation,2,1,song,隨意門,陳奕迅,4:09,249386,,c5603773-e7c6-4770-b009-fc2134030dd0,https://musicbrainz.org/recording/c5603773-e7c6-4770-b009-fc2134030dd0,,MusicBrainz physical release metadata,https://musicbrainz.org/release/feefcae1-7e94-41c5-ade5-3f85496c52e6,False
mb-feefcae1-7e94-41c5-ade5-3f85496c52e6,The Best Moment,compilation,2,2,song,壞情人,陳奕迅,3:24,204160,,c07f9ecc-31c4-4379-bd06-18c484c9f578,https://musicbrainz.org/recording/c07f9ecc-31c4-4379-bd06-18c484c9f578,,MusicBrainz physical release metadata,https://musicbrainz.org/release/feefcae1-7e94-41c5-ade5-3f85496c52e6,False
mb-feefcae1-7e94-41c5-ade5-3f85496c52e6,The Best Moment,compilation,2,3,song,2001太空漫遊,陳奕迅,3:59,239066,,3ef0df46-54b3-4c23-a068-265f028064df,https://musicbrainz.org/recording/3ef0df46-54b3-4c23-a068-265f028064df,,MusicBrainz physical release metadata,https://musicbrainz.org/release/feefcae1-7e94-41c5-ade5-3f85496c52e6,False
mb-feefcae1-7e94-41c5-ade5-3f85496c52e6,The Best Moment,compilation,2,4,song,打得火熱,陳奕迅,3:18,197533,,8ce23a85-f861-40d8-b276-1f7af6f000ff,https://musicbrainz.org/recording/8ce23a85-f861-40d8-b276-1f7af6f000ff,,MusicBrainz physical release metadata,https://musicbrainz.org/release/feefcae1-7e94-41c5-ade5-3f85496c52e6,False
mb-feefcae1-7e94-41c5-ade5-3f85496c52e6,The Best Moment,compilation,2,5,song,第一類接觸,陳奕迅,2:59,179426,,84f81404-ac25-464f-a229-c841549485d5,https://musicbrainz.org/recording/84f81404-ac25-464f-a229-c841549485d5,,MusicBrainz physical release metadata,https://musicbrainz.org/release/feefcae1-7e94-41c5-ade5-3f85496c52e6,False
mb-feefcae1-7e94-41c5-ade5-3f85496c52e6,The Best Moment,compilation,2,6,song,King Kong,陳奕迅,3:24,204106,,b87cc843-cc76-43cd-9d22-44e22f1cec9a,https://musicbrainz.org/recording/b87cc843-cc76-43cd-9d22-44e22f1cec9a,,MusicBrainz physical release metadata,https://musicbrainz.org/release/feefcae1-7e94-41c5-ade5-3f85496c52e6,False
mb-feefcae1-7e94-41c5-ade5-3f85496c52e6,The Best Moment,compilation,2,7,song,給愛麗斯,陳奕迅,3:31,210613,,12b01e79-5f93-4285-b185-f4eee9053578,https://musicbrainz.org/recording/12b01e79-5f93-4285-b185-f4eee9053578,,MusicBrainz physical release metadata,https://musicbrainz.org/release/feefcae1-7e94-41c5-ade5-3f85496c52e6,False
mb-feefcae1-7e94-41c5-ade5-3f85496c52e6,The Best Moment,compilation,2,8,song,孤獨探戈,陳奕迅,3:24,203680,,efe8f608-84d4-4bc4-b37e-f38d6eb681c8,https://musicbrainz.org/recording/efe8f608-84d4-4bc4-b37e-f38d6eb681c8,,MusicBrainz physical release metadata,https://musicbrainz.org/release/feefcae1-7e94-41c5-ade5-3f85496c52e6,False
mb-feefcae1-7e94-41c5-ade5-3f85496c52e6,The Best Moment,compilation,2,9,song,阿士匹靈,陳奕迅,4:04,244026,,ca1eeb88-2fd1-40a8-b968-db099b42a10a,https://musicbrainz.org/recording/ca1eeb88-2fd1-40a8-b968-db099b42a10a,,MusicBrainz physical release metadata,https://musicbrainz.org/release/feefcae1-7e94-41c5-ade5-3f85496c52e6,False
mb-feefcae1-7e94-41c5-ade5-3f85496c52e6,The Best Moment,compilation,2,10,song,人工智能,陳奕迅,3:44,223760,,53860ece-9129-4b81-8cf1-131cf0316bfb,https://musicbrainz.org/recording/53860ece-9129-4b81-8cf1-131cf0316bfb,,MusicBrainz physical release metadata,https://musicbrainz.org/release/feefcae1-7e94-41c5-ade5-3f85496c52e6,False
mb-feefcae1-7e94-41c5-ade5-3f85496c52e6,The Best Moment,compilation,2,11,song,忘記歌詞,陳奕迅,3:37,217493,,2822a6ac-1a1a-488e-80c6-336ed8287dd3,https://musicbrainz.org/recording/2822a6ac-1a1a-488e-80c6-336ed8287dd3,,MusicBrainz physical release metadata,https://musicbrainz.org/release/feefcae1-7e94-41c5-ade5-3f85496c52e6,False
mb-feefcae1-7e94-41c5-ade5-3f85496c52e6,The Best Moment,compilation,2,12,song,衝口而出,陳奕迅,3:32,211733,,6a025844-a228-4da2-9130-bfb4c8c1afa2,https://musicbrainz.org/recording/6a025844-a228-4da2-9130-bfb4c8c1afa2,,MusicBrainz physical release metadata,https://musicbrainz.org/release/feefcae1-7e94-41c5-ade5-3f85496c52e6,False
mb-feefcae1-7e94-41c5-ade5-3f85496c52e6,The Best Moment,compilation,2,13,song,猜情尋,陳奕迅,4:08,247826,,760b6505-d2f1-4330-8d0c-2fb5b7202a7c,https://musicbrainz.org/recording/760b6505-d2f1-4330-8d0c-2fb5b7202a7c,,MusicBrainz physical release metadata,https://musicbrainz.org/release/feefcae1-7e94-41c5-ade5-3f85496c52e6,False
mb-feefcae1-7e94-41c5-ade5-3f85496c52e6,The Best Moment,compilation,2,14,song,幸災樂禍,陳奕迅,3:26,206093,,efcbd95e-9fcb-40b0-acb6-7cfd489fecf9,https://musicbrainz.org/recording/efcbd95e-9fcb-40b0-acb6-7cfd489fecf9,,MusicBrainz physical release metadata,https://musicbrainz.org/release/feefcae1-7e94-41c5-ade5-3f85496c52e6,False
mb-feefcae1-7e94-41c5-ade5-3f85496c52e6,The Best Moment,compilation,2,15,song,呀邊個邊個,陳奕迅,3:06,185840,,1026bfee-fe5a-4675-adde-2465af61e1e0,https://musicbrainz.org/recording/1026bfee-fe5a-4675-adde-2465af61e1e0,,MusicBrainz physical release metadata,https://musicbrainz.org/release/feefcae1-7e94-41c5-ade5-3f85496c52e6,False
mb-feefcae1-7e94-41c5-ade5-3f85496c52e6,The Best Moment,compilation,2,16,song,Katrina,陳奕迅,3:52,231573,,347cd891-26a3-497c-a959-1396a7fbd634,https://musicbrainz.org/recording/347cd891-26a3-497c-a959-1396a7fbd634,,MusicBrainz physical release metadata,https://musicbrainz.org/release/feefcae1-7e94-41c5-ade5-3f85496c52e6,False
mb-feefcae1-7e94-41c5-ade5-3f85496c52e6,The Best Moment,compilation,3,1,song,兄妹,陳奕迅,3:30,209640,,a5be1958-0e26-4694-bfd2-24edd6b9e4a4,https://musicbrainz.org/recording/a5be1958-0e26-4694-bfd2-24edd6b9e4a4,,MusicBrainz physical release metadata,https://musicbrainz.org/release/feefcae1-7e94-41c5-ade5-3f85496c52e6,False
mb-feefcae1-7e94-41c5-ade5-3f85496c52e6,The Best Moment,compilation,3,2,song,愛是懷疑,陳奕迅,4:31,271186,,75001eda-2796-4df9-bca2-f7ab0672f232,https://musicbrainz.org/recording/75001eda-2796-4df9-bca2-f7ab0672f232,,MusicBrainz physical release metadata,https://musicbrainz.org/release/feefcae1-7e94-41c5-ade5-3f85496c52e6,False
mb-feefcae1-7e94-41c5-ade5-3f85496c52e6,The Best Moment,compilation,3,3,song,謝謝儂,陳奕迅,4:22,262293,,ad7886bc-7492-4c2f-9eef-0b1681dbbb0a,https://musicbrainz.org/recording/ad7886bc-7492-4c2f-9eef-0b1681dbbb0a,,MusicBrainz physical release metadata,https://musicbrainz.org/release/feefcae1-7e94-41c5-ade5-3f85496c52e6,False
mb-feefcae1-7e94-41c5-ade5-3f85496c52e6,The Best Moment,compilation,3,4,song,你的背包,陳奕迅,3:58,237973,,8889e2ca-6846-4293-886a-f975d259e305,https://musicbrainz.org/recording/8889e2ca-6846-4293-886a-f975d259e305,,MusicBrainz physical release metadata,https://musicbrainz.org/release/feefcae1-7e94-41c5-ade5-3f85496c52e6,False
mb-feefcae1-7e94-41c5-ade5-3f85496c52e6,The Best Moment,compilation,3,5,song,K歌之王,陳奕迅,3:38,217560,,dd4e5f37-a1ef-46dc-b95e-1498dfbf3556,https://musicbrainz.org/recording/dd4e5f37-a1ef-46dc-b95e-1498dfbf3556,,MusicBrainz physical release metadata,https://musicbrainz.org/release/feefcae1-7e94-41c5-ade5-3f85496c52e6,False
mb-feefcae1-7e94-41c5-ade5-3f85496c52e6,The Best Moment,compilation,3,6,song,十年,陳奕迅,3:25,205253,,2cb0f1e8-0cd3-442c-8c9a-1d5d8ae05970,https://musicbrainz.org/recording/2cb0f1e8-0cd3-442c-8c9a-1d5d8ae05970,,MusicBrainz physical release metadata,https://musicbrainz.org/release/feefcae1-7e94-41c5-ade5-3f85496c52e6,False
mb-feefcae1-7e94-41c5-ade5-3f85496c52e6,The Best Moment,compilation,3,7,song,阿怪,陳奕迅,5:12,312066,,6fd333c6-ae1c-4217-9e4f-67999f193c27,https://musicbrainz.org/recording/6fd333c6-ae1c-4217-9e4f-67999f193c27,,MusicBrainz physical release metadata,https://musicbrainz.org/release/feefcae1-7e94-41c5-ade5-3f85496c52e6,False
mb-feefcae1-7e94-41c5-ade5-3f85496c52e6,The Best Moment,compilation,3,8,song,Shall We Talk,陳奕迅,3:47,227053,,016f83ff-aadc-41ca-a539-5f4f3e404498,https://musicbrainz.org/recording/016f83ff-aadc-41ca-a539-5f4f3e404498,,MusicBrainz physical release metadata,https://musicbrainz.org/release/feefcae1-7e94-41c5-ade5-3f85496c52e6,False
mb-feefcae1-7e94-41c5-ade5-3f85496c52e6,The Best Moment,compilation,3,9,song,沒有手機的日子,陳奕迅,4:28,268493,,b0929302-a6d9-486b-9b49-0449a32f5aae,https://musicbrainz.org/recording/b0929302-a6d9-486b-9b49-0449a32f5aae,,MusicBrainz physical release metadata,https://musicbrainz.org/release/feefcae1-7e94-41c5-ade5-3f85496c52e6,False
mb-feefcae1-7e94-41c5-ade5-3f85496c52e6,The Best Moment,compilation,3,10,song,低等動物,陳奕迅,4:19,259413,,fdc9cbe7-99ad-464c-a563-4f0db98c9c93,https://musicbrainz.org/recording/fdc9cbe7-99ad-464c-a563-4f0db98c9c93,,MusicBrainz physical release metadata,https://musicbrainz.org/release/feefcae1-7e94-41c5-ade5-3f85496c52e6,False
mb-feefcae1-7e94-41c5-ade5-3f85496c52e6,The Best Moment,compilation,3,11,song,聖誕結,陳奕迅,4:41,281240,,f9601425-d399-4860-afe7-0d12fca99ea8,https://musicbrainz.org/recording/f9601425-d399-4860-afe7-0d12fca99ea8,,MusicBrainz physical release metadata,https://musicbrainz.org/release/feefcae1-7e94-41c5-ade5-3f85496c52e6,False
mb-feefcae1-7e94-41c5-ade5-3f85496c52e6,The Best Moment,compilation,3,12,song,人造衛星,陳奕迅,3:59,239466,,cbe3e2af-19d3-4638-9f50-258d87df936f,https://musicbrainz.org/recording/cbe3e2af-19d3-4638-9f50-258d87df936f,,MusicBrainz physical release metadata,https://musicbrainz.org/release/feefcae1-7e94-41c5-ade5-3f85496c52e6,False
mb-feefcae1-7e94-41c5-ade5-3f85496c52e6,The Best Moment,compilation,3,13,song,狂人日記,陳奕迅,4:21,260959,,b949b640-f949-42f3-825f-a7722cdd243b,https://musicbrainz.org/recording/b949b640-f949-42f3-825f-a7722cdd243b,,MusicBrainz physical release metadata,https://musicbrainz.org/release/feefcae1-7e94-41c5-ade5-3f85496c52e6,False
mb-feefcae1-7e94-41c5-ade5-3f85496c52e6,The Best Moment,compilation,3,14,song,寂寞讓你更快樂,陳奕迅,4:12,251560,,122fb285-2da2-48d9-9a1a-174c5ed2c0ef,https://musicbrainz.org/recording/122fb285-2da2-48d9-9a1a-174c5ed2c0ef,,MusicBrainz physical release metadata,https://musicbrainz.org/release/feefcae1-7e94-41c5-ade5-3f85496c52e6,False
mb-feefcae1-7e94-41c5-ade5-3f85496c52e6,The Best Moment,compilation,3,15,song,Because You're Good to Me,陳奕迅,3:39,219040,,d77d77ed-0ad5-4fa1-9ca4-009db29ce9d8,https://musicbrainz.org/recording/d77d77ed-0ad5-4fa1-9ca4-009db29ce9d8,,MusicBrainz physical release metadata,https://musicbrainz.org/release/feefcae1-7e94-41c5-ade5-3f85496c52e6,False
mb-feefcae1-7e94-41c5-ade5-3f85496c52e6,The Best Moment,compilation,3,16,song,像一句廣告,陳奕迅,4:01,241080,,7cbabadf-ec88-4b33-8462-82682ec4af12,https://musicbrainz.org/recording/7cbabadf-ec88-4b33-8462-82682ec4af12,,MusicBrainz physical release metadata,https://musicbrainz.org/release/feefcae1-7e94-41c5-ade5-3f85496c52e6,False
mb-69ab0add-aaab-4be4-af1f-e67e946e1f8e,陳奕迅48首選,compilation,1,1,song,每一個明天,陳奕迅,,,,96d47569-3e3d-463b-b0ad-e90df69ed5ba,https://musicbrainz.org/recording/96d47569-3e3d-463b-b0ad-e90df69ed5ba,,MusicBrainz physical release metadata,https://musicbrainz.org/release/69ab0add-aaab-4be4-af1f-e67e946e1f8e,False
mb-69ab0add-aaab-4be4-af1f-e67e946e1f8e,陳奕迅48首選,compilation,1,2,song,K歌之王,陳奕迅,3:43,223000,,fcf2e1c6-8587-4b94-80d8-121f12b84d87,https://musicbrainz.org/recording/fcf2e1c6-8587-4b94-80d8-121f12b84d87,,MusicBrainz physical release metadata,https://musicbrainz.org/release/69ab0add-aaab-4be4-af1f-e67e946e1f8e,False
mb-69ab0add-aaab-4be4-af1f-e67e946e1f8e,陳奕迅48首選,compilation,1,3,song,與我常在,陳奕迅,,,,253f0458-b633-4e10-a5c4-f46653b68761,https://musicbrainz.org/recording/253f0458-b633-4e10-a5c4-f46653b68761,,MusicBrainz physical release metadata,https://musicbrainz.org/release/69ab0add-aaab-4be4-af1f-e67e946e1f8e,False
mb-69ab0add-aaab-4be4-af1f-e67e946e1f8e,陳奕迅48首選,compilation,1,4,song,歲月如歌,陳奕迅,,,,6826cc9e-7c34-44ed-9086-7185e7e75e8a,https://musicbrainz.org/recording/6826cc9e-7c34-44ed-9086-7185e7e75e8a,,MusicBrainz physical release metadata,https://musicbrainz.org/release/69ab0add-aaab-4be4-af1f-e67e946e1f8e,False
mb-69ab0add-aaab-4be4-af1f-e67e946e1f8e,陳奕迅48首選,compilation,1,5,song,幸福摩天輪,陳奕迅,,,,51654b98-83d1-4dfc-ab07-1618c9d9df03,https://musicbrainz.org/recording/51654b98-83d1-4dfc-ab07-1618c9d9df03,,MusicBrainz physical release metadata,https://musicbrainz.org/release/69ab0add-aaab-4be4-af1f-e67e946e1f8e,False
mb-69ab0add-aaab-4be4-af1f-e67e946e1f8e,陳奕迅48首選,compilation,1,6,song,明年今日,陳奕迅,,,,28527633-2172-446d-8f73-65be307a01d5,https://musicbrainz.org/recording/28527633-2172-446d-8f73-65be307a01d5,,MusicBrainz physical release metadata,https://musicbrainz.org/release/69ab0add-aaab-4be4-af1f-e67e946e1f8e,False
mb-69ab0add-aaab-4be4-af1f-e67e946e1f8e,陳奕迅48首選,compilation,1,7,song,時代曲,陳奕迅,,,,6de51a38-f5de-431f-8bf1-80d8e22c8501,https://musicbrainz.org/recording/6de51a38-f5de-431f-8bf1-80d8e22c8501,,MusicBrainz physical release metadata,https://musicbrainz.org/release/69ab0add-aaab-4be4-af1f-e67e946e1f8e,False
mb-69ab0add-aaab-4be4-af1f-e67e946e1f8e,陳奕迅48首選,compilation,1,8,song,十面埋伏,陳奕迅,,,,a3d822dd-8751-485f-b4e1-5026393a56b7,https://musicbrainz.org/recording/a3d822dd-8751-485f-b4e1-5026393a56b7,,MusicBrainz physical release metadata,https://musicbrainz.org/release/69ab0add-aaab-4be4-af1f-e67e946e1f8e,False
mb-69ab0add-aaab-4be4-af1f-e67e946e1f8e,陳奕迅48首選,compilation,1,9,song,天下無雙,陳奕迅,,,,27e4fe2f-a82f-4d34-ad1c-308899fd2fa0,https://musicbrainz.org/recording/27e4fe2f-a82f-4d34-ad1c-308899fd2fa0,,MusicBrainz physical release metadata,https://musicbrainz.org/release/69ab0add-aaab-4be4-af1f-e67e946e1f8e,False
mb-69ab0add-aaab-4be4-af1f-e67e946e1f8e,陳奕迅48首選,compilation,1,10,song,傷信,陳奕迅,,,,c1c6c522-b54a-4fc7-a4cc-16a64555e0b8,https://musicbrainz.org/recording/c1c6c522-b54a-4fc7-a4cc-16a64555e0b8,,MusicBrainz physical release metadata,https://musicbrainz.org/release/69ab0add-aaab-4be4-af1f-e67e946e1f8e,False
mb-69ab0add-aaab-4be4-af1f-e67e946e1f8e,陳奕迅48首選,compilation,1,11,song,我甚麼都沒有,陳奕迅,,,,67856253-6748-4fe3-a080-bf3e31d0126c,https://musicbrainz.org/recording/67856253-6748-4fe3-a080-bf3e31d0126c,,MusicBrainz physical release metadata,https://musicbrainz.org/release/69ab0add-aaab-4be4-af1f-e67e946e1f8e,False
mb-69ab0add-aaab-4be4-af1f-e67e946e1f8e,陳奕迅48首選,compilation,1,12,song,Shall We Talk,陳奕迅,,,,ea62a84b-fb55-43ac-a1cb-6dd14f9153cc,https://musicbrainz.org/recording/ea62a84b-fb55-43ac-a1cb-6dd14f9153cc,,MusicBrainz physical release metadata,https://musicbrainz.org/release/69ab0add-aaab-4be4-af1f-e67e946e1f8e,False
mb-69ab0add-aaab-4be4-af1f-e67e946e1f8e,陳奕迅48首選,compilation,1,13,song,打回原形,陳奕迅,4:12,251786,,51aa0ba1-4fb2-4bfa-a10b-490430d1193e,https://musicbrainz.org/recording/51aa0ba1-4fb2-4bfa-a10b-490430d1193e,,MusicBrainz physical release metadata,https://musicbrainz.org/release/69ab0add-aaab-4be4-af1f-e67e946e1f8e,False
mb-69ab0add-aaab-4be4-af1f-e67e946e1f8e,陳奕迅48首選,compilation,1,14,song,單車,陳奕迅,,,,33ecd329-4010-4baa-b0bb-7c84699a7684,https://musicbrainz.org/recording/33ecd329-4010-4baa-b0bb-7c84699a7684,,MusicBrainz physical release metadata,https://musicbrainz.org/release/69ab0add-aaab-4be4-af1f-e67e946e1f8e,False
mb-69ab0add-aaab-4be4-af1f-e67e946e1f8e,陳奕迅48首選,compilation,1,15,song,美滿人生,陳奕迅,,,,b8a9d5da-9643-4692-84e7-c360e9fd9d6d,https://musicbrainz.org/recording/b8a9d5da-9643-4692-84e7-c360e9fd9d6d,,MusicBrainz physical release metadata,https://musicbrainz.org/release/69ab0add-aaab-4be4-af1f-e67e946e1f8e,False
mb-69ab0add-aaab-4be4-af1f-e67e946e1f8e,陳奕迅48首選,compilation,1,16,song,新曲加精選,陳奕迅,,,,9f9f5a1b-b9d9-4402-8a30-5f5282e252b6,https://musicbrainz.org/recording/9f9f5a1b-b9d9-4402-8a30-5f5282e252b6,,MusicBrainz physical release metadata,https://musicbrainz.org/release/69ab0add-aaab-4be4-af1f-e67e946e1f8e,False
mb-69ab0add-aaab-4be4-af1f-e67e946e1f8e,陳奕迅48首選,compilation,2,1,song,我的快樂時代,陳奕迅,,,,b32f934a-dcda-46de-81cf-27a14ae02e8e,https://musicbrainz.org/recording/b32f934a-dcda-46de-81cf-27a14ae02e8e,,MusicBrainz physical release metadata,https://musicbrainz.org/release/69ab0add-aaab-4be4-af1f-e67e946e1f8e,False
mb-69ab0add-aaab-4be4-af1f-e67e946e1f8e,陳奕迅48首選,compilation,2,2,song,你的背包,陳奕迅,,,,92001048-657c-40e4-925e-aba319a4bcc7,https://musicbrainz.org/recording/92001048-657c-40e4-925e-aba319a4bcc7,,MusicBrainz physical release metadata,https://musicbrainz.org/release/69ab0add-aaab-4be4-af1f-e67e946e1f8e,False
mb-69ab0add-aaab-4be4-af1f-e67e946e1f8e,陳奕迅48首選,compilation,2,3,song,時光倒流20年,陳奕迅,,,,e1dd58e9-3975-41d1-8cd5-3773ad8a5dac,https://musicbrainz.org/recording/e1dd58e9-3975-41d1-8cd5-3773ad8a5dac,,MusicBrainz physical release metadata,https://musicbrainz.org/release/69ab0add-aaab-4be4-af1f-e67e946e1f8e,False
mb-69ab0add-aaab-4be4-af1f-e67e946e1f8e,陳奕迅48首選,compilation,2,4,song,謝謝儂,陳奕迅,,,,6b970b7a-bdc3-45b9-898e-60c7597fe2a2,https://musicbrainz.org/recording/6b970b7a-bdc3-45b9-898e-60c7597fe2a2,,MusicBrainz physical release metadata,https://musicbrainz.org/release/69ab0add-aaab-4be4-af1f-e67e946e1f8e,False
mb-69ab0add-aaab-4be4-af1f-e67e946e1f8e,陳奕迅48首選,compilation,2,5,song,新生活,陳奕迅,,,,cfb7913e-9975-4e22-a7f0-fc720a2b32de,https://musicbrainz.org/recording/cfb7913e-9975-4e22-a7f0-fc720a2b32de,,MusicBrainz physical release metadata,https://musicbrainz.org/release/69ab0add-aaab-4be4-af1f-e67e946e1f8e,False
mb-69ab0add-aaab-4be4-af1f-e67e946e1f8e,陳奕迅48首選,compilation,2,6,song,1874,陳奕迅,,,,7019aa4d-01f6-4c59-a6c3-c7090bad6e28,https://musicbrainz.org/recording/7019aa4d-01f6-4c59-a6c3-c7090bad6e28,,MusicBrainz physical release metadata,https://musicbrainz.org/release/69ab0add-aaab-4be4-af1f-e67e946e1f8e,False
mb-69ab0add-aaab-4be4-af1f-e67e946e1f8e,陳奕迅48首選,compilation,2,7,song,貝多芬與我,陳奕迅,,,,dabf41a4-eac8-4457-9a80-815de5a5abee,https://musicbrainz.org/recording/dabf41a4-eac8-4457-9a80-815de5a5abee,,MusicBrainz physical release metadata,https://musicbrainz.org/release/69ab0add-aaab-4be4-af1f-e67e946e1f8e,False
mb-69ab0add-aaab-4be4-af1f-e67e946e1f8e,陳奕迅48首選,compilation,2,8,song,人來人住,陳奕迅,,,,95f6b2a1-1b81-4095-8498-34b13aded74c,https://musicbrainz.org/recording/95f6b2a1-1b81-4095-8498-34b13aded74c,,MusicBrainz physical release metadata,https://musicbrainz.org/release/69ab0add-aaab-4be4-af1f-e67e946e1f8e,False
mb-69ab0add-aaab-4be4-af1f-e67e946e1f8e,陳奕迅48首選,compilation,2,9,song,今日,陳奕迅,,,,ab2c09b6-6fca-4207-9860-93119309d1ed,https://musicbrainz.org/recording/ab2c09b6-6fca-4207-9860-93119309d1ed,,MusicBrainz physical release metadata,https://musicbrainz.org/release/69ab0add-aaab-4be4-af1f-e67e946e1f8e,False
mb-69ab0add-aaab-4be4-af1f-e67e946e1f8e,陳奕迅48首選,compilation,2,10,song,綿綿,陳奕迅,,,,25d18035-c265-4c1c-bc25-6d201eb0b738,https://musicbrainz.org/recording/25d18035-c265-4c1c-bc25-6d201eb0b738,,MusicBrainz physical release metadata,https://musicbrainz.org/release/69ab0add-aaab-4be4-af1f-e67e946e1f8e,False
mb-69ab0add-aaab-4be4-af1f-e67e946e1f8e,陳奕迅48首選,compilation,2,11,song,黃金時代,陳奕迅,,,,268566d7-1c0b-4aa5-81b3-1112b0c38b26,https://musicbrainz.org/recording/268566d7-1c0b-4aa5-81b3-1112b0c38b26,,MusicBrainz physical release metadata,https://musicbrainz.org/release/69ab0add-aaab-4be4-af1f-e67e946e1f8e,False
mb-69ab0add-aaab-4be4-af1f-e67e946e1f8e,陳奕迅48首選,compilation,2,12,song,低等動物,陳奕迅,,,,3a6a2d99-32d8-4f60-9047-c37ab6ceef1c,https://musicbrainz.org/recording/3a6a2d99-32d8-4f60-9047-c37ab6ceef1c,,MusicBrainz physical release metadata,https://musicbrainz.org/release/69ab0add-aaab-4be4-af1f-e67e946e1f8e,False
mb-69ab0add-aaab-4be4-af1f-e67e946e1f8e,陳奕迅48首選,compilation,2,13,song,阿士匹靈,陳奕迅,,,,a30251c2-1384-452f-815f-c02d0543fb0a,https://musicbrainz.org/recording/a30251c2-1384-452f-815f-c02d0543fb0a,,MusicBrainz physical release metadata,https://musicbrainz.org/release/69ab0add-aaab-4be4-af1f-e67e946e1f8e,False
mb-69ab0add-aaab-4be4-af1f-e67e946e1f8e,陳奕迅48首選,compilation,2,14,song,活著多好,陳奕迅,,,,feb87804-1bd1-4d36-8a90-b8af97042651,https://musicbrainz.org/recording/feb87804-1bd1-4d36-8a90-b8af97042651,,MusicBrainz physical release metadata,https://musicbrainz.org/release/69ab0add-aaab-4be4-af1f-e67e946e1f8e,False
mb-69ab0add-aaab-4be4-af1f-e67e946e1f8e,陳奕迅48首選,compilation,2,15,song,Lonely Christmas,陳奕迅,,,,3a7389d4-aa76-43c5-9406-01b86536291f,https://musicbrainz.org/recording/3a7389d4-aa76-43c5-9406-01b86536291f,,MusicBrainz physical release metadata,https://musicbrainz.org/release/69ab0add-aaab-4be4-af1f-e67e946e1f8e,False
mb-69ab0add-aaab-4be4-af1f-e67e946e1f8e,陳奕迅48首選,compilation,2,16,song,昨日,陳奕迅,,,,79dc8326-e152-4bc7-9b76-4f1341b918c6,https://musicbrainz.org/recording/79dc8326-e152-4bc7-9b76-4f1341b918c6,,MusicBrainz physical release metadata,https://musicbrainz.org/release/69ab0add-aaab-4be4-af1f-e67e946e1f8e,False
mb-69ab0add-aaab-4be4-af1f-e67e946e1f8e,陳奕迅48首選,compilation,3,1,song,第五個現代化,陳奕迅,,,,e715d5e2-38f9-4a81-a20a-97e693b193ca,https://musicbrainz.org/recording/e715d5e2-38f9-4a81-a20a-97e693b193ca,,MusicBrainz physical release metadata,https://musicbrainz.org/release/69ab0add-aaab-4be4-af1f-e67e946e1f8e,False
mb-69ab0add-aaab-4be4-af1f-e67e946e1f8e,陳奕迅48首選,compilation,3,2,song,2001太空漫遊,陳奕迅,,,,6f460453-8457-46e0-8849-b75073ac48cc,https://musicbrainz.org/recording/6f460453-8457-46e0-8849-b75073ac48cc,,MusicBrainz physical release metadata,https://musicbrainz.org/release/69ab0add-aaab-4be4-af1f-e67e946e1f8e,False
mb-69ab0add-aaab-4be4-af1f-e67e946e1f8e,陳奕迅48首選,compilation,3,3,song,第一類接觸,陳奕迅,,,,a1c38f3a-c011-43da-9246-6cf58eb98210,https://musicbrainz.org/recording/a1c38f3a-c011-43da-9246-6cf58eb98210,,MusicBrainz physical release metadata,https://musicbrainz.org/release/69ab0add-aaab-4be4-af1f-e67e946e1f8e,False
mb-69ab0add-aaab-4be4-af1f-e67e946e1f8e,陳奕迅48首選,compilation,3,4,song,愛是懷疑,陳奕迅,,,,2ee28014-067e-4d82-a462-eace37e7ce23,https://musicbrainz.org/recording/2ee28014-067e-4d82-a462-eace37e7ce23,,MusicBrainz physical release metadata,https://musicbrainz.org/release/69ab0add-aaab-4be4-af1f-e67e946e1f8e,False
mb-69ab0add-aaab-4be4-af1f-e67e946e1f8e,陳奕迅48首選,compilation,3,5,song,隨意門,陳奕迅,,,,03b23f4a-c0ae-4318-85d0-33975df99901,https://musicbrainz.org/recording/03b23f4a-c0ae-4318-85d0-33975df99901,,MusicBrainz physical release metadata,https://musicbrainz.org/release/69ab0add-aaab-4be4-af1f-e67e946e1f8e,False
mb-69ab0add-aaab-4be4-af1f-e67e946e1f8e,陳奕迅48首選,compilation,3,6,song,壞情人,陳奕迅,,,,bc0060c5-9a4c-4332-81f6-28d663761bc5,https://musicbrainz.org/recording/bc0060c5-9a4c-4332-81f6-28d663761bc5,,MusicBrainz physical release metadata,https://musicbrainz.org/release/69ab0add-aaab-4be4-af1f-e67e946e1f8e,False
mb-69ab0add-aaab-4be4-af1f-e67e946e1f8e,陳奕迅48首選,compilation,3,7,song,給愛麗斯,陳奕迅,,,,0f5eae36-30e4-4fbf-8384-3045a5102a5c,https://musicbrainz.org/recording/0f5eae36-30e4-4fbf-8384-3045a5102a5c,,MusicBrainz physical release metadata,https://musicbrainz.org/release/69ab0add-aaab-4be4-af1f-e67e946e1f8e,False
mb-69ab0add-aaab-4be4-af1f-e67e946e1f8e,陳奕迅48首選,compilation,3,8,song,打得火熱,陳奕迅,,,,2183d822-d916-482a-ad29-0351c41d0043,https://musicbrainz.org/recording/2183d822-d916-482a-ad29-0351c41d0043,,MusicBrainz physical release metadata,https://musicbrainz.org/release/69ab0add-aaab-4be4-af1f-e67e946e1f8e,False
mb-69ab0add-aaab-4be4-af1f-e67e946e1f8e,陳奕迅48首選,compilation,3,9,song,King Kong,陳奕迅,,,,7c836665-34b8-4c5a-8346-d4100cab4a79,https://musicbrainz.org/recording/7c836665-34b8-4c5a-8346-d4100cab4a79,,MusicBrainz physical release metadata,https://musicbrainz.org/release/69ab0add-aaab-4be4-af1f-e67e946e1f8e,False
mb-69ab0add-aaab-4be4-af1f-e67e946e1f8e,陳奕迅48首選,compilation,3,10,song,孤獨探戈,陳奕迅,,,,c35bedc3-fed0-4e0a-8153-3f056109ae1c,https://musicbrainz.org/recording/c35bedc3-fed0-4e0a-8153-3f056109ae1c,,MusicBrainz physical release metadata,https://musicbrainz.org/release/69ab0add-aaab-4be4-af1f-e67e946e1f8e,False
mb-69ab0add-aaab-4be4-af1f-e67e946e1f8e,陳奕迅48首選,compilation,3,11,song,猜情尋,陳奕迅,,,,2fb5c2d2-4f95-4e2a-9288-c47b426a677d,https://musicbrainz.org/recording/2fb5c2d2-4f95-4e2a-9288-c47b426a677d,,MusicBrainz physical release metadata,https://musicbrainz.org/release/69ab0add-aaab-4be4-af1f-e67e946e1f8e,False
mb-69ab0add-aaab-4be4-af1f-e67e946e1f8e,陳奕迅48首選,compilation,3,12,song,忘記歌詞,陳奕迅,,,,468f22bd-df8d-4e12-bdd7-5f82c8e2c16f,https://musicbrainz.org/recording/468f22bd-df8d-4e12-bdd7-5f82c8e2c16f,,MusicBrainz physical release metadata,https://musicbrainz.org/release/69ab0add-aaab-4be4-af1f-e67e946e1f8e,False
mb-69ab0add-aaab-4be4-af1f-e67e946e1f8e,陳奕迅48首選,compilation,3,13,song,幸災樂禍,陳奕迅,,,,385c5545-030c-4641-a1e6-3ff7961442d0,https://musicbrainz.org/recording/385c5545-030c-4641-a1e6-3ff7961442d0,,MusicBrainz physical release metadata,https://musicbrainz.org/release/69ab0add-aaab-4be4-af1f-e67e946e1f8e,False
mb-69ab0add-aaab-4be4-af1f-e67e946e1f8e,陳奕迅48首選,compilation,3,14,song,衝口而出,陳奕迅,,,,7f1ba4a4-9943-406d-9ba1-f27e1692bd9b,https://musicbrainz.org/recording/7f1ba4a4-9943-406d-9ba1-f27e1692bd9b,,MusicBrainz physical release metadata,https://musicbrainz.org/release/69ab0add-aaab-4be4-af1f-e67e946e1f8e,False
mb-69ab0add-aaab-4be4-af1f-e67e946e1f8e,陳奕迅48首選,compilation,3,15,song,Katrina,陳奕迅,,,,f4bfebc8-7b3a-45a6-a2e6-ce06b515a038,https://musicbrainz.org/recording/f4bfebc8-7b3a-45a6-a2e6-ce06b515a038,,MusicBrainz physical release metadata,https://musicbrainz.org/release/69ab0add-aaab-4be4-af1f-e67e946e1f8e,False
mb-69ab0add-aaab-4be4-af1f-e67e946e1f8e,陳奕迅48首選,compilation,3,16,song,反高潮,陳奕迅,,,,a95bb29e-cad8-4af2-bc32-a49282ca7cc1,https://musicbrainz.org/recording/a95bb29e-cad8-4af2-bc32-a49282ca7cc1,,MusicBrainz physical release metadata,https://musicbrainz.org/release/69ab0add-aaab-4be4-af1f-e67e946e1f8e,False
apple-1443774258,H3M,studio,1,1,song,Allegro Opus 3.3am,陳奕迅@H3MBAND & 陳奕迅,3:05,185373,1443774263,,https://music.apple.com/hk/album/allegro-opus-3-3am/1443774258?i=1443774263&uo=4,https://audio-ssl.itunes.apple.com/itunes-assets/AudioPreview221/v4/12/50/da/1250da73-aa58-b6b9-fa82-c26107a01c30/mzaf_16173162919027275248.plus.aac.p.m4a,Apple iTunes Search API,https://itunes.apple.com/lookup?id=1443774258&entity=song&limit=200&country=hk,False
apple-1443774258,H3M,studio,1,2,song,還有什麼可以送給你,陳奕迅,4:29,269173,1443774272,,https://music.apple.com/hk/album/%E9%82%84%E6%9C%89%E4%BB%80%E9%BA%BC%E5%8F%AF%E4%BB%A5%E9%80%81%E7%B5%A6%E4%BD%A0/1443774258?i=1443774272&uo=4,https://audio-ssl.itunes.apple.com/itunes-assets/AudioPreview211/v4/51/d4/87/51d487d6-159f-af51-b914-5ca10123cf99/mzaf_337931188795436366.plus.aac.p.m4a,Apple iTunes Search API,https://itunes.apple.com/lookup?id=1443774258&entity=song&limit=200&country=hk,False
apple-1443774258,H3M,studio,1,3,song,於心有愧,陳奕迅,3:58,238080,1443774275,,https://music.apple.com/hk/album/%E6%96%BC%E5%BF%83%E6%9C%89%E6%84%A7/1443774258?i=1443774275&uo=4,https://audio-ssl.itunes.apple.com/itunes-assets/AudioPreview221/v4/e5/1c/79/e51c7987-18af-2947-4614-8ac1073f256f/mzaf_13386243469109942115.plus.aac.p.m4a,Apple iTunes Search API,https://itunes.apple.com/lookup?id=1443774258&entity=song&limit=200&country=hk,False
apple-1443774258,H3M,studio,1,4,song,今天只做一件事,陳奕迅,3:50,229880,1443774276,,https://music.apple.com/hk/album/%E4%BB%8A%E5%A4%A9%E5%8F%AA%E5%81%9A%E4%B8%80%E4%BB%B6%E4%BA%8B/1443774258?i=1443774276&uo=4,https://audio-ssl.itunes.apple.com/itunes-assets/AudioPreview211/v4/ae/71/e4/ae71e4c6-5f97-0c39-0cfd-213a08716054/mzaf_14728373592518140185.plus.aac.p.m4a,Apple iTunes Search API,https://itunes.apple.com/lookup?id=1443774258&entity=song&limit=200&country=hk,False
apple-1443774258,H3M,studio,1,5,song,一個旅人,陳奕迅,4:17,257240,1443774279,,https://music.apple.com/hk/album/%E4%B8%80%E5%80%8B%E6%97%85%E4%BA%BA/1443774258?i=1443774279&uo=4,https://audio-ssl.itunes.apple.com/itunes-assets/AudioPreview211/v4/74/90/d9/7490d9f7-7182-e1b6-11bc-ab8e36d68182/mzaf_2929805370070445612.plus.aac.p.m4a,Apple iTunes Search API,https://itunes.apple.com/lookup?id=1443774258&entity=song&limit=200&country=hk,False
apple-1443774258,H3M,studio,1,6,song,七百年後,陳奕迅,4:22,262360,1443774312,,https://music.apple.com/hk/album/%E4%B8%83%E7%99%BE%E5%B9%B4%E5%BE%8C/1443774258?i=1443774312&uo=4,https://audio-ssl.itunes.apple.com/itunes-assets/AudioPreview211/v4/83/ca/3b/83ca3b2d-e05e-720e-ae72-28989798d378/mzaf_15497458643170341699.plus.aac.p.m4a,Apple iTunes Search API,https://itunes.apple.com/lookup?id=1443774258&entity=song&limit=200&country=hk,False
apple-1443774258,H3M,studio,1,7,song,Life Goes On,陳奕迅,3:41,221080,1443774313,,https://music.apple.com/hk/album/life-goes-on/1443774258?i=1443774313&uo=4,https://audio-ssl.itunes.apple.com/itunes-assets/AudioPreview221/v4/12/3a/45/123a4555-a7d6-d404-87fe-565b66aca978/mzaf_14790776466101181131.plus.aac.p.m4a,Apple iTunes Search API,https://itunes.apple.com/lookup?id=1443774258&entity=song&limit=200&country=hk,False
apple-1443774258,H3M,studio,1,8,song,太陽照常升起,陳奕迅,3:50,230200,1443774315,,https://music.apple.com/hk/album/%E5%A4%AA%E9%99%BD%E7%85%A7%E5%B8%B8%E5%8D%87%E8%B5%B7/1443774258?i=1443774315&uo=4,https://audio-ssl.itunes.apple.com/itunes-assets/AudioPreview221/v4/e4/54/e0/e454e0c1-a72f-e9ab-8b3f-252f9ac9b5f4/mzaf_12133394052411404775.plus.aac.p.m4a,Apple iTunes Search API,https://itunes.apple.com/lookup?id=1443774258&entity=song&limit=200&country=hk,False
apple-1443774258,H3M,studio,1,9,song,不來也不去,陳奕迅,4:29,269013,1443774317,,https://music.apple.com/hk/album/%E4%B8%8D%E4%BE%86%E4%B9%9F%E4%B8%8D%E5%8E%BB/1443774258?i=1443774317&uo=4,https://audio-ssl.itunes.apple.com/itunes-assets/AudioPreview211/v4/cf/60/23/cf6023d0-e5c6-30be-727f-a620c48f6b1a/mzaf_13158809811489200365.plus.aac.p.m4a,Apple iTunes Search API,https://itunes.apple.com/lookup?id=1443774258&entity=song&limit=200&country=hk,False
apple-1443774258,H3M,studio,1,10,song,沙龍,陳奕迅,4:36,275973,1443774319,,https://music.apple.com/hk/album/%E6%B2%99%E9%BE%8D/1443774258?i=1443774319&uo=4,https://audio-ssl.itunes.apple.com/itunes-assets/AudioPreview221/v4/74/a8/31/74a8315d-4d78-beda-3f10-c124011f3a66/mzaf_1924158487288450525.plus.aac.p.m4a,Apple iTunes Search API,https://itunes.apple.com/lookup?id=1443774258&entity=song&limit=200&country=hk,False
apple-1442943933,Solidays,compilation,1,1,song,歌·頌,陳奕迅,3:46,226346,,818f20bc-674c-44e0-9e33-1910743077af,https://musicbrainz.org/recording/818f20bc-674c-44e0-9e33-1910743077af,,MusicBrainz physical release metadata,https://musicbrainz.org/release/4f7452e3-b3c4-4abc-bc73-950686cdc847,True
apple-1442943933,Solidays,compilation,1,2,song,阿牛,陳奕迅,3:24,203826,,a8ab7e1c-7dfc-4fca-a238-5e489b9f31fa,https://musicbrainz.org/recording/a8ab7e1c-7dfc-4fca-a238-5e489b9f31fa,,MusicBrainz physical release metadata,https://musicbrainz.org/release/4f7452e3-b3c4-4abc-bc73-950686cdc847,True
apple-1442943933,Solidays,compilation,1,3,song,浮誇,陳奕迅,4:48,287960,,53f7a737-d49b-4b11-9453-2c45915827be,https://musicbrainz.org/recording/53f7a737-d49b-4b11-9453-2c45915827be,,MusicBrainz physical release metadata,https://musicbrainz.org/release/4f7452e3-b3c4-4abc-bc73-950686cdc847,True
apple-1442943933,Solidays,compilation,1,4,song,葡萄成熟時,陳奕迅,4:42,282120,,bf35e0a1-5377-448e-9658-098515bacf06,https://musicbrainz.org/recording/bf35e0a1-5377-448e-9658-098515bacf06,,MusicBrainz physical release metadata,https://musicbrainz.org/release/4f7452e3-b3c4-4abc-bc73-950686cdc847,True
apple-1442943933,Solidays,compilation,1,5,song,聽聽,陳奕迅,2:48,167720,,3442b60a-02a5-4798-ab4b-8c738be4abe1,https://musicbrainz.org/recording/3442b60a-02a5-4798-ab4b-8c738be4abe1,,MusicBrainz physical release metadata,https://musicbrainz.org/release/4f7452e3-b3c4-4abc-bc73-950686cdc847,True
apple-1442943933,Solidays,compilation,1,6,song,人神鬥,陳奕迅,4:44,283546,,2b5555a2-d1a3-43a5-834a-abeccb23d26b,https://musicbrainz.org/recording/2b5555a2-d1a3-43a5-834a-abeccb23d26b,,MusicBrainz physical release metadata,https://musicbrainz.org/release/4f7452e3-b3c4-4abc-bc73-950686cdc847,True
apple-1442943933,Solidays,compilation,1,7,song,低調,陳奕迅,3:53,232800,,31950b3e-c0a7-4ea9-9e32-2ebbd5e43f6f,https://musicbrainz.org/recording/31950b3e-c0a7-4ea9-9e32-2ebbd5e43f6f,,MusicBrainz physical release metadata,https://musicbrainz.org/release/4f7452e3-b3c4-4abc-bc73-950686cdc847,True
apple-1442943933,Solidays,compilation,1,8,song,最佳損友,陳奕迅,3:58,237920,,2a06e088-cbd9-43cd-8fe7-de4f106efbea,https://musicbrainz.org/recording/2a06e088-cbd9-43cd-8fe7-de4f106efbea,,MusicBrainz physical release metadata,https://musicbrainz.org/release/4f7452e3-b3c4-4abc-bc73-950686cdc847,True
apple-1442943933,Solidays,compilation,1,9,song,暴殄天物,陳奕迅,3:35,214653,,7e1bba08-e2f1-47ff-9106-3cecd5ef78a2,https://musicbrainz.org/recording/7e1bba08-e2f1-47ff-9106-3cecd5ef78a2,,MusicBrainz physical release metadata,https://musicbrainz.org/release/4f7452e3-b3c4-4abc-bc73-950686cdc847,True
apple-1442943933,Solidays,compilation,1,10,song,落花流水,陳奕迅,4:02,241560,,0ae00d91-dafb-4814-a552-c8642bd6f262,https://musicbrainz.org/recording/0ae00d91-dafb-4814-a552-c8642bd6f262,,MusicBrainz physical release metadata,https://musicbrainz.org/release/4f7452e3-b3c4-4abc-bc73-950686cdc847,True
apple-1442943933,Solidays,compilation,1,11,song,想聽,陳奕迅,3:29,209173,,3ad244f0-cbd7-4b15-bcb7-1ee5d1626d0f,https://musicbrainz.org/recording/3ad244f0-cbd7-4b15-bcb7-1ee5d1626d0f,,MusicBrainz physical release metadata,https://musicbrainz.org/release/4f7452e3-b3c4-4abc-bc73-950686cdc847,True
apple-1442943933,Solidays,compilation,1,12,song,天下太平,陳奕迅 & 張學友,4:12,251773,,6f811512-7ac1-4437-8cad-9e866a112ea2,https://musicbrainz.org/recording/6f811512-7ac1-4437-8cad-9e866a112ea2,,MusicBrainz physical release metadata,https://musicbrainz.org/release/4f7452e3-b3c4-4abc-bc73-950686cdc847,True
apple-1442943933,Solidays,compilation,1,13,song,裙下之臣,陳奕迅,4:24,264226,,ed1fbd52-5ef3-49b1-99f2-6e02e06307a3,https://musicbrainz.org/recording/ed1fbd52-5ef3-49b1-99f2-6e02e06307a3,,MusicBrainz physical release metadata,https://musicbrainz.org/release/4f7452e3-b3c4-4abc-bc73-950686cdc847,True
apple-1442943933,Solidays,compilation,1,14,song,不如不見,陳奕迅,4:10,249640,,0945051f-4c02-4019-9386-08b18543e7dc,https://musicbrainz.org/recording/0945051f-4c02-4019-9386-08b18543e7dc,,MusicBrainz physical release metadata,https://musicbrainz.org/release/4f7452e3-b3c4-4abc-bc73-950686cdc847,True
apple-1442943933,Solidays,compilation,2,1,song,黑擇明,陳奕迅,3:48,228000,,1489a9eb-33fc-4d48-8f80-e51059b67441,https://musicbrainz.org/recording/1489a9eb-33fc-4d48-8f80-e51059b67441,,MusicBrainz physical release metadata,https://musicbrainz.org/release/4f7452e3-b3c4-4abc-bc73-950686cdc847,True
apple-1442943933,Solidays,compilation,2,2,song,天公地道,陳奕迅,4:05,245000,,6ad66acf-e7a6-415a-ba72-a6629b8d28f9,https://musicbrainz.org/recording/6ad66acf-e7a6-415a-ba72-a6629b8d28f9,,MusicBrainz physical release metadata,https://musicbrainz.org/release/4f7452e3-b3c4-4abc-bc73-950686cdc847,True
apple-1442943933,Solidays,compilation,2,3,song,富士山下,陳奕迅,4:19,259000,,5cccf8c2-540a-4e13-abf3-0458a890372b,https://musicbrainz.org/recording/5cccf8c2-540a-4e13-abf3-0458a890372b,,MusicBrainz physical release metadata,https://musicbrainz.org/release/4f7452e3-b3c4-4abc-bc73-950686cdc847,True
apple-1442943933,Solidays,compilation,2,4,song,粵語殘片,陳奕迅,4:34,274000,,eb9d5bd8-541b-41d8-a419-0062bac7be6a,https://musicbrainz.org/recording/eb9d5bd8-541b-41d8-a419-0062bac7be6a,,MusicBrainz physical release metadata,https://musicbrainz.org/release/4f7452e3-b3c4-4abc-bc73-950686cdc847,True
apple-1442943933,Solidays,compilation,2,5,song,月球上的人,陳奕迅,3:44,224000,,00585fa6-0d9d-4f30-b6b3-e1446647c0ac,https://musicbrainz.org/recording/00585fa6-0d9d-4f30-b6b3-e1446647c0ac,,MusicBrainz physical release metadata,https://musicbrainz.org/release/4f7452e3-b3c4-4abc-bc73-950686cdc847,True
apple-1442943933,Solidays,compilation,2,6,song,親近,陳奕迅,3:48,228000,,c87e05ce-5d93-45c2-942c-826b09c2efef,https://musicbrainz.org/recording/c87e05ce-5d93-45c2-942c-826b09c2efef,,MusicBrainz physical release metadata,https://musicbrainz.org/release/4f7452e3-b3c4-4abc-bc73-950686cdc847,True
apple-1442943933,Solidays,compilation,2,7,song,熱島小夜曲,陳奕迅,4:07,247000,,287ce954-f550-4019-ad96-50ec10afc17e,https://musicbrainz.org/recording/287ce954-f550-4019-ad96-50ec10afc17e,,MusicBrainz physical release metadata,https://musicbrainz.org/release/4f7452e3-b3c4-4abc-bc73-950686cdc847,True
apple-1442943933,Solidays,compilation,2,8,song,演唱會,陳奕迅,2:37,157000,,b5a2cd3d-0c4f-4c0e-9e00-6d088fd0acc1,https://musicbrainz.org/recording/b5a2cd3d-0c4f-4c0e-9e00-6d088fd0acc1,,MusicBrainz physical release metadata,https://musicbrainz.org/release/4f7452e3-b3c4-4abc-bc73-950686cdc847,True
apple-1442943933,Solidays,compilation,2,9,song,變色龍,陳奕迅,3:47,227000,,05809bbb-9636-459a-a17a-8dfa0e6b14e1,https://musicbrainz.org/recording/05809bbb-9636-459a-a17a-8dfa0e6b14e1,,MusicBrainz physical release metadata,https://musicbrainz.org/release/4f7452e3-b3c4-4abc-bc73-950686cdc847,True
apple-1442943933,Solidays,compilation,2,10,song,時代巨輪,陳奕迅,3:39,219000,,a7da9e6f-57b5-42ff-bd67-49c71f420553,https://musicbrainz.org/recording/a7da9e6f-57b5-42ff-bd67-49c71f420553,,MusicBrainz physical release metadata,https://musicbrainz.org/release/4f7452e3-b3c4-4abc-bc73-950686cdc847,True
apple-1442943933,Solidays,compilation,2,11,song,Crying in the Party (Big Band version),陳奕迅,3:21,201000,,76d54f42-5c55-4acb-b178-2f0f9a2038d7,https://musicbrainz.org/recording/76d54f42-5c55-4acb-b178-2f0f9a2038d7,,MusicBrainz physical release metadata,https://musicbrainz.org/release/4f7452e3-b3c4-4abc-bc73-950686cdc847,True
apple-1442943933,Solidays,compilation,2,12,song,只是近黃昏,陳奕迅,4:08,248000,,0276d9a6-964e-471a-aa31-7553adc0f950,https://musicbrainz.org/recording/0276d9a6-964e-471a-aa31-7553adc0f950,,MusicBrainz physical release metadata,https://musicbrainz.org/release/4f7452e3-b3c4-4abc-bc73-950686cdc847,True
apple-1442943933,Solidays,compilation,2,13,song,後台,陳奕迅,4:33,273000,,c8b03de1-01d0-44db-b7d8-b64b96668f73,https://musicbrainz.org/recording/c8b03de1-01d0-44db-b7d8-b64b96668f73,,MusicBrainz physical release metadata,https://musicbrainz.org/release/4f7452e3-b3c4-4abc-bc73-950686cdc847,True
apple-1442260565,上五樓的快活,studio,1,1,song,在你身邊,陳奕迅,4:14,253893,1442260710,,https://music.apple.com/hk/album/%E5%9C%A8%E4%BD%A0%E8%BA%AB%E9%82%8A/1442260565?i=1442260710&uo=4,https://audio-ssl.itunes.apple.com/itunes-assets/AudioPreview125/v4/d2/a6/6d/d2a66daf-2265-ac73-592f-09c08d0f1d24/mzaf_12833858139881703157.plus.aac.p.m4a,Apple iTunes Search API,https://itunes.apple.com/lookup?id=1442260565&entity=song&limit=200&country=hk,False
apple-1442260565,上五樓的快活,studio,1,2,song,這樣的一個麻煩,陳奕迅,3:58,237867,1442260916,,https://music.apple.com/hk/album/%E9%80%99%E6%A8%A3%E7%9A%84%E4%B8%80%E5%80%8B%E9%BA%BB%E7%85%A9/1442260565?i=1442260916&uo=4,https://audio-ssl.itunes.apple.com/itunes-assets/AudioPreview115/v4/55/e4/c6/55e4c62c-83b7-18a2-c800-bc3da63ea882/mzaf_4351774315098923791.plus.aac.p.m4a,Apple iTunes Search API,https://itunes.apple.com/lookup?id=1442260565&entity=song&limit=200&country=hk,False
apple-1442260565,上五樓的快活,studio,1,3,song,多少,陳奕迅,4:57,296787,1442260925,,https://music.apple.com/hk/album/%E5%A4%9A%E5%B0%91/1442260565?i=1442260925&uo=4,https://audio-ssl.itunes.apple.com/itunes-assets/AudioPreview115/v4/8c/ec/8f/8cec8f91-d001-963a-44dc-299d72465ce3/mzaf_15043818349510650169.plus.aac.p.m4a,Apple iTunes Search API,https://itunes.apple.com/lookup?id=1442260565&entity=song&limit=200&country=hk,False
apple-1442260565,上五樓的快活,studio,1,4,song,Nothing Ever Happened,陳奕迅,3:16,196333,1442261087,,https://music.apple.com/hk/album/nothing-ever-happened/1442260565?i=1442261087&uo=4,https://audio-ssl.itunes.apple.com/itunes-assets/AudioPreview115/v4/77/26/ce/7726ce41-284d-427b-2948-f7cb86f6fbbe/mzaf_2380370569379261037.plus.aac.p.m4a,Apple iTunes Search API,https://itunes.apple.com/lookup?id=1442260565&entity=song&limit=200&country=hk,False
apple-1442260565,上五樓的快活,studio,1,5,song,你為什麼哭了呢,陳奕迅,4:49,289387,1442261095,,https://music.apple.com/hk/album/%E4%BD%A0%E7%82%BA%E4%BB%80%E9%BA%BC%E5%93%AD%E4%BA%86%E5%91%A2/1442260565?i=1442261095&uo=4,https://audio-ssl.itunes.apple.com/itunes-assets/AudioPreview125/v4/43/fb/06/43fb066a-86a1-55f6-ede3-90fcb51db128/mzaf_400072036538585391.plus.aac.p.m4a,Apple iTunes Search API,https://itunes.apple.com/lookup?id=1442260565&entity=song&limit=200&country=hk,False
apple-1442260565,上五樓的快活,studio,1,6,song,謀情害命,陳奕迅,3:38,217893,1442261104,,https://music.apple.com/hk/album/%E8%AC%80%E6%83%85%E5%AE%B3%E5%91%BD/1442260565?i=1442261104&uo=4,https://audio-ssl.itunes.apple.com/itunes-assets/AudioPreview115/v4/40/db/55/40db5581-fef8-19c9-1cd6-cd453f61d430/mzaf_12842851906355260745.plus.aac.p.m4a,Apple iTunes Search API,https://itunes.apple.com/lookup?id=1442260565&entity=song&limit=200&country=hk,False
apple-1442260565,上五樓的快活,studio,1,7,song,我甲你,陳奕迅,3:28,207707,1442261108,,https://music.apple.com/hk/album/%E6%88%91%E7%94%B2%E4%BD%A0/1442260565?i=1442261108&uo=4,https://audio-ssl.itunes.apple.com/itunes-assets/AudioPreview125/v4/2e/f9/d3/2ef9d3dc-8854-eb5e-5bb6-6857c9bade59/mzaf_12692255971142725803.plus.aac.p.m4a,Apple iTunes Search API,https://itunes.apple.com/lookup?id=1442260565&entity=song&limit=200&country=hk,False
apple-1442260565,上五樓的快活,studio,1,8,song,心的距離,陳奕迅,5:22,321773,1442261385,,https://music.apple.com/hk/album/%E5%BF%83%E7%9A%84%E8%B7%9D%E9%9B%A2/1442260565?i=1442261385&uo=4,https://audio-ssl.itunes.apple.com/itunes-assets/AudioPreview125/v4/49/2b/23/492b2344-e2c9-307b-c598-4c7208b3d835/mzaf_18413227259948475262.plus.aac.p.m4a,Apple iTunes Search API,https://itunes.apple.com/lookup?id=1442260565&entity=song&limit=200&country=hk,False
apple-1442260565,上五樓的快活,studio,1,9,song,床頭燈,陳奕迅,4:48,287893,1442261389,,https://music.apple.com/hk/album/%E5%BA%8A%E9%A0%AD%E7%87%88/1442260565?i=1442261389&uo=4,https://audio-ssl.itunes.apple.com/itunes-assets/AudioPreview115/v4/ce/9b/49/ce9b4912-9112-133e-e6bb-e94ab86cb0ff/mzaf_3299154174573575398.plus.aac.p.m4a,Apple iTunes Search API,https://itunes.apple.com/lookup?id=1442260565&entity=song&limit=200&country=hk,False
apple-1442260565,上五樓的快活,studio,1,10,song,給你,陳奕迅,5:16,316200,1442261399,,https://music.apple.com/hk/album/%E7%B5%A6%E4%BD%A0/1442260565?i=1442261399&uo=4,https://audio-ssl.itunes.apple.com/itunes-assets/AudioPreview115/v4/be/c2/8b/bec28b8a-08d2-f380-d7f0-8f502711527e/mzaf_5156185703927489094.plus.aac.p.m4a,Apple iTunes Search API,https://itunes.apple.com/lookup?id=1442260565&entity=song&limit=200&country=hk,False
apple-1442260565,上五樓的快活,studio,1,11,song,從何說起,陳奕迅,4:20,260427,1442261401,,https://music.apple.com/hk/album/%E5%BE%9E%E4%BD%95%E8%AA%AA%E8%B5%B7/1442260565?i=1442261401&uo=4,https://audio-ssl.itunes.apple.com/itunes-assets/AudioPreview125/v4/19/c3/47/19c34711-4f51-2648-4c4d-e0bf03da6c07/mzaf_9170433565575793828.plus.aac.p.m4a,Apple iTunes Search API,https://itunes.apple.com/lookup?id=1442260565&entity=song&limit=200&country=hk,False
apple-1442429995,上五樓的快活 (2nd Edition),studio,1,1,song,在你身邊,陳奕迅,4:14,253893,1442430007,,https://music.apple.com/hk/album/%E5%9C%A8%E4%BD%A0%E8%BA%AB%E9%82%8A/1442429995?i=1442430007&uo=4,https://audio-ssl.itunes.apple.com/itunes-assets/AudioPreview221/v4/54/a8/57/54a85794-48bd-9208-6ee7-7a464f211df2/mzaf_11068579621881667470.plus.aac.p.m4a,Apple iTunes Search API,https://itunes.apple.com/lookup?id=1442429995&entity=song&limit=200&country=hk,False
apple-1442429995,上五樓的快活 (2nd Edition),studio,1,2,song,這樣的一個麻煩,陳奕迅,3:58,237867,1442430102,,https://music.apple.com/hk/album/%E9%80%99%E6%A8%A3%E7%9A%84%E4%B8%80%E5%80%8B%E9%BA%BB%E7%85%A9/1442429995?i=1442430102&uo=4,https://audio-ssl.itunes.apple.com/itunes-assets/AudioPreview211/v4/ba/2e/c1/ba2ec1cc-915f-f83c-ed3b-c8a84b245c4b/mzaf_10024996023118331569.plus.aac.p.m4a,Apple iTunes Search API,https://itunes.apple.com/lookup?id=1442429995&entity=song&limit=200&country=hk,False
apple-1442429995,上五樓的快活 (2nd Edition),studio,1,3,song,多少,陳奕迅,4:57,296787,1442430103,,https://music.apple.com/hk/album/%E5%A4%9A%E5%B0%91/1442429995?i=1442430103&uo=4,https://audio-ssl.itunes.apple.com/itunes-assets/AudioPreview211/v4/e2/4a/a4/e24aa4b9-cd3c-4511-493d-1d8ffe0b2575/mzaf_17813401799988126776.plus.aac.p.m4a,Apple iTunes Search API,https://itunes.apple.com/lookup?id=1442429995&entity=song&limit=200&country=hk,False
apple-1442429995,上五樓的快活 (2nd Edition),studio,1,4,song,Nothing Ever Happened,陳奕迅,3:16,196333,1442430105,,https://music.apple.com/hk/album/nothing-ever-happened/1442429995?i=1442430105&uo=4,https://audio-ssl.itunes.apple.com/itunes-assets/AudioPreview221/v4/e4/0e/87/e40e87c6-3c99-8681-4c61-7b0da2a7b4cd/mzaf_17513519293854066229.plus.aac.p.m4a,Apple iTunes Search API,https://itunes.apple.com/lookup?id=1442429995&entity=song&limit=200&country=hk,False
apple-1442429995,上五樓的快活 (2nd Edition),studio,1,5,song,你為什麼哭了呢 (Sang in Jamaica),陳奕迅,4:53,293280,1442430107,,https://music.apple.com/hk/album/%E4%BD%A0%E7%82%BA%E4%BB%80%E9%BA%BC%E5%93%AD%E4%BA%86%E5%91%A2-sang-in-jamaica/1442429995?i=1442430107&uo=4,https://audio-ssl.itunes.apple.com/itunes-assets/AudioPreview221/v4/19/69/45/1969457a-82ab-b5be-20f4-89b48e2b9ed7/mzaf_2359314563723709518.plus.aac.p.m4a,Apple iTunes Search API,https://itunes.apple.com/lookup?id=1442429995&entity=song&limit=200&country=hk,False
apple-1442429995,上五樓的快活 (2nd Edition),studio,1,6,song,謀情害命,陳奕迅,3:38,217893,1442430108,,https://music.apple.com/hk/album/%E8%AC%80%E6%83%85%E5%AE%B3%E5%91%BD/1442429995?i=1442430108&uo=4,https://audio-ssl.itunes.apple.com/itunes-assets/AudioPreview221/v4/c7/41/c1/c741c1d0-92fb-be65-8d3e-04903557a1c4/mzaf_10380151419557246388.plus.aac.p.m4a,Apple iTunes Search API,https://itunes.apple.com/lookup?id=1442429995&entity=song&limit=200&country=hk,False
apple-1442429995,上五樓的快活 (2nd Edition),studio,1,7,song,我甲你,陳奕迅,3:28,207707,1442430109,,https://music.apple.com/hk/album/%E6%88%91%E7%94%B2%E4%BD%A0/1442429995?i=1442430109&uo=4,https://audio-ssl.itunes.apple.com/itunes-assets/AudioPreview221/v4/63/79/25/637925c2-2d9f-a638-bb1f-2d9c61bcdd68/mzaf_13984107640495393858.plus.aac.p.m4a,Apple iTunes Search API,https://itunes.apple.com/lookup?id=1442429995&entity=song&limit=200&country=hk,False
apple-1442429995,上五樓的快活 (2nd Edition),studio,1,8,song,心的距離,陳奕迅,5:22,321773,1442430114,,https://music.apple.com/hk/album/%E5%BF%83%E7%9A%84%E8%B7%9D%E9%9B%A2/1442429995?i=1442430114&uo=4,https://audio-ssl.itunes.apple.com/itunes-assets/AudioPreview211/v4/e0/5e/3c/e05e3c88-4ce5-970e-ccd6-7df70e091831/mzaf_1382927719552733968.plus.aac.p.m4a,Apple iTunes Search API,https://itunes.apple.com/lookup?id=1442429995&entity=song&limit=200&country=hk,False
apple-1442429995,上五樓的快活 (2nd Edition),studio,1,9,song,床頭燈,陳奕迅,4:48,287893,1442430115,,https://music.apple.com/hk/album/%E5%BA%8A%E9%A0%AD%E7%87%88/1442429995?i=1442430115&uo=4,https://audio-ssl.itunes.apple.com/itunes-assets/AudioPreview211/v4/3c/47/23/3c472384-9f6d-f295-6036-95f35c39a2c8/mzaf_3031063416608590887.plus.aac.p.m4a,Apple iTunes Search API,https://itunes.apple.com/lookup?id=1442429995&entity=song&limit=200&country=hk,False
apple-1442429995,上五樓的快活 (2nd Edition),studio,1,10,song,給你,陳奕迅,5:14,314173,1442430116,,https://music.apple.com/hk/album/%E7%B5%A6%E4%BD%A0/1442429995?i=1442430116&uo=4,https://audio-ssl.itunes.apple.com/itunes-assets/AudioPreview211/v4/28/49/b5/2849b546-e8d3-b398-05c4-217f95c03e9d/mzaf_6321395866294780357.plus.aac.p.m4a,Apple iTunes Search API,https://itunes.apple.com/lookup?id=1442429995&entity=song&limit=200&country=hk,False
apple-1442429995,上五樓的快活 (2nd Edition),studio,1,11,song,從何說起 (Old Radio Mix),陳奕迅,4:20,260440,1442430118,,https://music.apple.com/hk/album/%E5%BE%9E%E4%BD%95%E8%AA%AA%E8%B5%B7-old-radio-mix/1442429995?i=1442430118&uo=4,https://audio-ssl.itunes.apple.com/itunes-assets/AudioPreview221/v4/8e/26/94/8e2694c8-366a-67c1-1012-dea9b5db840c/mzaf_9921890447133393174.plus.aac.p.m4a,Apple iTunes Search API,https://itunes.apple.com/lookup?id=1442429995&entity=song&limit=200&country=hk,False
apple-1444311535,青春無晦 - Single,single,1,1,song,青春無晦,謝安琪 & 陳奕迅,2:50,170467,1444311537,,https://music.apple.com/hk/album/%E9%9D%92%E6%98%A5%E7%84%A1%E6%99%A6/1444311535?i=1444311537&uo=4,https://audio-ssl.itunes.apple.com/itunes-assets/AudioPreview221/v4/ea/8c/92/ea8c92ee-878d-6eba-f148-4124f4733ac4/mzaf_15671561116230744630.plus.aac.p.m4a,Apple iTunes Search API,https://itunes.apple.com/lookup?id=1444311535&entity=song&limit=200&country=hk,False
mb-2c62288c-961f-43eb-9513-95168bdb7711,"Allegro, Opus 3.3 a.m.",single,1,1,song,Allegro Opus 3.3am,陳奕迅,3:07,187000,,36e60201-61b4-4411-a3ff-b6752a80cdda,https://musicbrainz.org/recording/36e60201-61b4-4411-a3ff-b6752a80cdda,,MusicBrainz digital release metadata,https://musicbrainz.org/release/2c62288c-961f-43eb-9513-95168bdb7711,False
apple-1490822198,H3M (Remastered 2019),studio,1,1,song,Allegro Opus 3.3am,陳奕迅,3:06,186387,1490822200,,https://music.apple.com/hk/album/allegro-opus-3-3am/1490822198?i=1490822200&uo=4,https://audio-ssl.itunes.apple.com/itunes-assets/AudioPreview221/v4/14/76/af/1476af02-531e-3d14-d7fe-a9e6cafc3b3a/mzaf_14041656554349107249.plus.aac.p.m4a,Apple iTunes Search API,https://itunes.apple.com/lookup?id=1490822198&entity=song&limit=200&country=hk,False
apple-1490822198,H3M (Remastered 2019),studio,1,2,song,還有什麼可以送給你,陳奕迅,4:29,269080,1490822202,,https://music.apple.com/hk/album/%E9%82%84%E6%9C%89%E4%BB%80%E9%BA%BC%E5%8F%AF%E4%BB%A5%E9%80%81%E7%B5%A6%E4%BD%A0/1490822198?i=1490822202&uo=4,https://audio-ssl.itunes.apple.com/itunes-assets/AudioPreview221/v4/79/21/ef/7921ef59-af85-8b6c-dce8-fc6fe7aabe53/mzaf_5216308433868571461.plus.aac.p.m4a,Apple iTunes Search API,https://itunes.apple.com/lookup?id=1490822198&entity=song&limit=200&country=hk,False
apple-1490822198,H3M (Remastered 2019),studio,1,3,song,於心有愧,陳奕迅,3:58,237933,1490822203,,https://music.apple.com/hk/album/%E6%96%BC%E5%BF%83%E6%9C%89%E6%84%A7/1490822198?i=1490822203&uo=4,https://audio-ssl.itunes.apple.com/itunes-assets/AudioPreview221/v4/bb/a4/ce/bba4cec1-2d25-70a9-b694-62525655ee60/mzaf_10267787377054885520.plus.aac.p.m4a,Apple iTunes Search API,https://itunes.apple.com/lookup?id=1490822198&entity=song&limit=200&country=hk,False
apple-1490822198,H3M (Remastered 2019),studio,1,4,song,今天只做一件事,陳奕迅,3:50,229907,1490822204,,https://music.apple.com/hk/album/%E4%BB%8A%E5%A4%A9%E5%8F%AA%E5%81%9A%E4%B8%80%E4%BB%B6%E4%BA%8B/1490822198?i=1490822204&uo=4,https://audio-ssl.itunes.apple.com/itunes-assets/AudioPreview211/v4/f4/8b/06/f48b0664-dc9d-44bc-cd49-80ba0cbce864/mzaf_103751910158773051.plus.aac.p.m4a,Apple iTunes Search API,https://itunes.apple.com/lookup?id=1490822198&entity=song&limit=200&country=hk,False
apple-1490822198,H3M (Remastered 2019),studio,1,5,song,一個旅人,陳奕迅,4:20,259840,1490822205,,https://music.apple.com/hk/album/%E4%B8%80%E5%80%8B%E6%97%85%E4%BA%BA/1490822198?i=1490822205&uo=4,https://audio-ssl.itunes.apple.com/itunes-assets/AudioPreview221/v4/c3/c8/6e/c3c86e2e-b18a-f503-0445-15c6591d4046/mzaf_5791516693813357499.plus.aac.p.m4a,Apple iTunes Search API,https://itunes.apple.com/lookup?id=1490822198&entity=song&limit=200&country=hk,False
apple-1490822198,H3M (Remastered 2019),studio,1,6,song,七百年後,陳奕迅,4:23,262720,1490822208,,https://music.apple.com/hk/album/%E4%B8%83%E7%99%BE%E5%B9%B4%E5%BE%8C/1490822198?i=1490822208&uo=4,https://audio-ssl.itunes.apple.com/itunes-assets/AudioPreview221/v4/48/da/c9/48dac9ea-29be-545a-8a74-28a847d3c5fe/mzaf_7972035695524655875.plus.aac.p.m4a,Apple iTunes Search API,https://itunes.apple.com/lookup?id=1490822198&entity=song&limit=200&country=hk,False
apple-1490822198,H3M (Remastered 2019),studio,1,7,song,Life Goes On,陳奕迅,3:41,221147,1490822209,,https://music.apple.com/hk/album/life-goes-on/1490822198?i=1490822209&uo=4,https://audio-ssl.itunes.apple.com/itunes-assets/AudioPreview211/v4/5e/ed/fe/5eedfe09-d2ca-ce83-2cd8-02080da54e40/mzaf_17179750556837824709.plus.aac.p.m4a,Apple iTunes Search API,https://itunes.apple.com/lookup?id=1490822198&entity=song&limit=200&country=hk,False
apple-1490822198,H3M (Remastered 2019),studio,1,8,song,太陽照常升起,陳奕迅,3:50,230173,1490822211,,https://music.apple.com/hk/album/%E5%A4%AA%E9%99%BD%E7%85%A7%E5%B8%B8%E5%8D%87%E8%B5%B7/1490822198?i=1490822211&uo=4,https://audio-ssl.itunes.apple.com/itunes-assets/AudioPreview211/v4/4c/ba/b3/4cbab31a-a49b-9e33-1979-b82054a303a0/mzaf_4200887200599123938.plus.aac.p.m4a,Apple iTunes Search API,https://itunes.apple.com/lookup?id=1490822198&entity=song&limit=200&country=hk,False
apple-1490822198,H3M (Remastered 2019),studio,1,9,song,不來也不去,陳奕迅,4:29,268880,1490822212,,https://music.apple.com/hk/album/%E4%B8%8D%E4%BE%86%E4%B9%9F%E4%B8%8D%E5%8E%BB/1490822198?i=1490822212&uo=4,https://audio-ssl.itunes.apple.com/itunes-assets/AudioPreview221/v4/0d/1d/c4/0d1dc43a-b33b-f3ac-001b-aac28e8fc881/mzaf_255440207842385576.plus.aac.p.m4a,Apple iTunes Search API,https://itunes.apple.com/lookup?id=1490822198&entity=song&limit=200&country=hk,False
apple-1490822198,H3M (Remastered 2019),studio,1,10,song,沙龍,陳奕迅,4:38,278053,1490822213,,https://music.apple.com/hk/album/%E6%B2%99%E9%BE%8D/1490822198?i=1490822213&uo=4,https://audio-ssl.itunes.apple.com/itunes-assets/AudioPreview211/v4/ab/f3/d2/abf3d2d7-bb40-47c0-aea3-5f7e4921d09e/mzaf_6174885273997492959.plus.aac.p.m4a,Apple iTunes Search API,https://itunes.apple.com/lookup?id=1490822198&entity=song&limit=200&country=hk,False
mb-2039c348-f3c0-435d-95b4-496aeef114ba,Super Master Series: Eason Chan 陳奕迅,compilation,1,1,song,傷信,陳奕迅,4:43,283000,,35bfc94a-2426-4366-b609-700de0698d54,https://musicbrainz.org/recording/35bfc94a-2426-4366-b609-700de0698d54,,MusicBrainz physical release metadata,https://musicbrainz.org/release/2039c348-f3c0-435d-95b4-496aeef114ba,False
mb-2039c348-f3c0-435d-95b4-496aeef114ba,Super Master Series: Eason Chan 陳奕迅,compilation,1,2,song,天下無雙,陳奕迅,4:23,263000,,94465ec8-2c7f-4c85-9951-2961f4edfe8b,https://musicbrainz.org/recording/94465ec8-2c7f-4c85-9951-2961f4edfe8b,,MusicBrainz physical release metadata,https://musicbrainz.org/release/2039c348-f3c0-435d-95b4-496aeef114ba,False
mb-2039c348-f3c0-435d-95b4-496aeef114ba,Super Master Series: Eason Chan 陳奕迅,compilation,1,3,song,幸福摩天輪,陳奕迅,4:20,260000,,64ab93ef-bcea-4f6e-9d5c-36c850af1729,https://musicbrainz.org/recording/64ab93ef-bcea-4f6e-9d5c-36c850af1729,,MusicBrainz physical release metadata,https://musicbrainz.org/release/2039c348-f3c0-435d-95b4-496aeef114ba,False
mb-2039c348-f3c0-435d-95b4-496aeef114ba,Super Master Series: Eason Chan 陳奕迅,compilation,1,4,song,時代曲,陳奕迅,4:25,265000,,e9edba9c-5897-4863-88ab-2e6f9f8fcbc1,https://musicbrainz.org/recording/e9edba9c-5897-4863-88ab-2e6f9f8fcbc1,,MusicBrainz physical release metadata,https://musicbrainz.org/release/2039c348-f3c0-435d-95b4-496aeef114ba,False
mb-2039c348-f3c0-435d-95b4-496aeef114ba,Super Master Series: Eason Chan 陳奕迅,compilation,1,5,song,黃金時代,陳奕迅,4:12,252000,,ae441f94-bbf7-4711-9cdb-77671b675f4e,https://musicbrainz.org/recording/ae441f94-bbf7-4711-9cdb-77671b675f4e,,MusicBrainz physical release metadata,https://musicbrainz.org/release/2039c348-f3c0-435d-95b4-496aeef114ba,False
mb-2039c348-f3c0-435d-95b4-496aeef114ba,Super Master Series: Eason Chan 陳奕迅,compilation,1,6,song,每一個明天,陳奕迅,4:28,268000,,8df2b2cb-1399-49e0-856f-263fc58cd83b,https://musicbrainz.org/recording/8df2b2cb-1399-49e0-856f-263fc58cd83b,,MusicBrainz physical release metadata,https://musicbrainz.org/release/2039c348-f3c0-435d-95b4-496aeef114ba,False
mb-2039c348-f3c0-435d-95b4-496aeef114ba,Super Master Series: Eason Chan 陳奕迅,compilation,1,7,song,愛情，幼稚！,陳奕迅,4:21,261000,,aba7454f-7d3f-40fd-ba0a-c7c9a1367c8a,https://musicbrainz.org/recording/aba7454f-7d3f-40fd-ba0a-c7c9a1367c8a,,MusicBrainz physical release metadata,https://musicbrainz.org/release/2039c348-f3c0-435d-95b4-496aeef114ba,False
mb-2039c348-f3c0-435d-95b4-496aeef114ba,Super Master Series: Eason Chan 陳奕迅,compilation,1,8,song,與我常在,陳奕迅,4:05,245000,,276e9b11-460b-4aa7-9899-d168f9a8a4bf,https://musicbrainz.org/recording/276e9b11-460b-4aa7-9899-d168f9a8a4bf,,MusicBrainz physical release metadata,https://musicbrainz.org/release/2039c348-f3c0-435d-95b4-496aeef114ba,False
mb-2039c348-f3c0-435d-95b4-496aeef114ba,Super Master Series: Eason Chan 陳奕迅,compilation,1,9,song,抱擁這分鐘,陳奕迅,5:00,300000,,48cdaa5d-8116-4ee8-861f-e614c0f07616,https://musicbrainz.org/recording/48cdaa5d-8116-4ee8-861f-e614c0f07616,,MusicBrainz physical release metadata,https://musicbrainz.org/release/2039c348-f3c0-435d-95b4-496aeef114ba,False
mb-2039c348-f3c0-435d-95b4-496aeef114ba,Super Master Series: Eason Chan 陳奕迅,compilation,1,10,song,我甚麼都沒有,陳奕迅,3:53,233000,,a5f5f8b1-9c8f-4307-ae00-ae14512ce1ce,https://musicbrainz.org/recording/a5f5f8b1-9c8f-4307-ae00-ae14512ce1ce,,MusicBrainz physical release metadata,https://musicbrainz.org/release/2039c348-f3c0-435d-95b4-496aeef114ba,False
mb-2039c348-f3c0-435d-95b4-496aeef114ba,Super Master Series: Eason Chan 陳奕迅,compilation,1,11,song,我的快樂時代,陳奕迅,3:39,219000,,71828035-183d-414a-acfd-2d123fa72f3c,https://musicbrainz.org/recording/71828035-183d-414a-acfd-2d123fa72f3c,,MusicBrainz physical release metadata,https://musicbrainz.org/release/2039c348-f3c0-435d-95b4-496aeef114ba,False
mb-2039c348-f3c0-435d-95b4-496aeef114ba,Super Master Series: Eason Chan 陳奕迅,compilation,1,12,song,新曲＋精選,陳奕迅,4:24,264000,,08871050-cf29-4ef0-b969-1646d4c3cd1b,https://musicbrainz.org/recording/08871050-cf29-4ef0-b969-1646d4c3cd1b,,MusicBrainz physical release metadata,https://musicbrainz.org/release/2039c348-f3c0-435d-95b4-496aeef114ba,False
mb-2039c348-f3c0-435d-95b4-496aeef114ba,Super Master Series: Eason Chan 陳奕迅,compilation,1,13,song,今天等我來,陳奕迅,4:28,268000,,0324ca3c-9498-423a-abf7-9a2d2a711dfd,https://musicbrainz.org/recording/0324ca3c-9498-423a-abf7-9a2d2a711dfd,,MusicBrainz physical release metadata,https://musicbrainz.org/release/2039c348-f3c0-435d-95b4-496aeef114ba,False
mb-2039c348-f3c0-435d-95b4-496aeef114ba,Super Master Series: Eason Chan 陳奕迅,compilation,1,14,song,時光倒流二十年,陳奕迅,3:28,208000,,1c1628c3-9a6d-4e68-af55-4f95848fceef,https://musicbrainz.org/recording/1c1628c3-9a6d-4e68-af55-4f95848fceef,,MusicBrainz physical release metadata,https://musicbrainz.org/release/2039c348-f3c0-435d-95b4-496aeef114ba,False
mb-2039c348-f3c0-435d-95b4-496aeef114ba,Super Master Series: Eason Chan 陳奕迅,compilation,1,15,song,貝多芬與我,陳奕迅,3:26,206000,,211b51e7-72dc-4444-9945-fca3aee46bdd,https://musicbrainz.org/recording/211b51e7-72dc-4444-9945-fca3aee46bdd,,MusicBrainz physical release metadata,https://musicbrainz.org/release/2039c348-f3c0-435d-95b4-496aeef114ba,False
mb-2039c348-f3c0-435d-95b4-496aeef114ba,Super Master Series: Eason Chan 陳奕迅,compilation,1,16,song,今日,陳奕迅,4:34,274000,,0e10b45c-f2b2-49ca-8347-e9166a26a467,https://musicbrainz.org/recording/0e10b45c-f2b2-49ca-8347-e9166a26a467,,MusicBrainz physical release metadata,https://musicbrainz.org/release/2039c348-f3c0-435d-95b4-496aeef114ba,False
apple-1876913960,从何说起 (《纯真的年代》电视剧主题曲) - Single,single,1,1,song,從何說起 (《純真的年代》電視劇主題曲),陳奕迅,4:20,259684,1876914171,,https://music.apple.com/hk/album/%E5%BE%9E%E4%BD%95%E8%AA%AA%E8%B5%B7-%E7%B4%94%E7%9C%9F%E7%9A%84%E5%B9%B4%E4%BB%A3-%E9%9B%BB%E8%A6%96%E5%8A%87%E4%B8%BB%E9%A1%8C%E6%9B%B2/1876913960?i=1876914171&uo=4,https://audio-ssl.itunes.apple.com/itunes-assets/AudioPreview221/v4/6c/35/8d/6c358de6-8727-16d2-2f52-b06ffb50b80b/mzaf_9691873225254477847.plus.aac.p.m4a,Apple iTunes Search API,https://itunes.apple.com/lookup?id=1876913960&entity=song&limit=200&country=hk,False
apple-1444447867,City of Hope - Single,single,1,1,song,City of Hope,陳奕迅,3:05,185400,1444447869,,https://music.apple.com/hk/album/city-of-hope/1444447867?i=1444447869&uo=4,https://audio-ssl.itunes.apple.com/itunes-assets/AudioPreview115/v4/a4/a2/ed/a4a2ed9b-d5f5-00d2-9477-6f8497621b29/mzaf_5834414690110531590.plus.aac.p.m4a,Apple iTunes Search API,https://itunes.apple.com/lookup?id=1444447867&entity=song&limit=200&country=hk,False
apple-1445706572,"Eason Chan Duo Concert 2010, Vol. 1",live,1,1,music-video,022+2+2+1+6=?,陳奕迅,3:26,206163,1445706704,,https://music.apple.com/hk/music-video/022-2-2-1-6-live/1445706704?uo=4,https://video-ssl.itunes.apple.com/itunes-assets/Video115/v4/ab/03/c8/ab03c8dc-a5d3-fe9a-6887-0c26ba0ebdc3/mzvf_15454744190571523224.1920w.h264lc.U.p.m4v,Apple iTunes Search API,https://itunes.apple.com/lookup?id=1445706572&entity=song&limit=200&country=hk,False
apple-1445706572,"Eason Chan Duo Concert 2010, Vol. 1",live,1,2,music-video,今天等我來,陳奕迅,4:37,276968,1445706728,,https://music.apple.com/hk/music-video/%E4%BB%8A%E5%A4%A9%E7%AD%89%E6%88%91%E4%BE%86-live/1445706728?uo=4,https://video-ssl.itunes.apple.com/itunes-assets/Video125/v4/8d/39/10/8d39109d-2fd6-9924-1ce8-68fcfb33988d/mzvf_11898844355908847181.1920w.h264lc.U.p.m4v,Apple iTunes Search API,https://itunes.apple.com/lookup?id=1445706572&entity=song&limit=200&country=hk,False
apple-1445706572,"Eason Chan Duo Concert 2010, Vol. 1",live,1,3,music-video,好歌獻給你,陳奕迅,4:22,261887,1445706882,,https://music.apple.com/hk/music-video/%E5%A5%BD%E6%AD%8C%E7%8D%BB%E7%B5%A6%E4%BD%A0-live/1445706882?uo=4,https://video-ssl.itunes.apple.com/itunes-assets/Video115/v4/aa/48/98/aa4898af-e05a-4fd1-6d57-86fd9228d3d8/mzvf_6218812598975344885.1920w.h264lc.U.p.m4v,Apple iTunes Search API,https://itunes.apple.com/lookup?id=1445706572&entity=song&limit=200&country=hk,False
apple-1445706572,"Eason Chan Duo Concert 2010, Vol. 1",live,1,4,music-video,落花流水,陳奕迅,4:07,246888,1445706889,,https://music.apple.com/hk/music-video/%E8%90%BD%E8%8A%B1%E6%B5%81%E6%B0%B4-live/1445706889?uo=4,https://video-ssl.itunes.apple.com/itunes-assets/Video126/v4/19/68/6f/19686f3d-e87e-e4c3-490c-8c5757720a6e/mzvf_2694697982426464277.1920w.h264lc.U.p.m4v,Apple iTunes Search API,https://itunes.apple.com/lookup?id=1445706572&entity=song&limit=200&country=hk,False
apple-1445706572,"Eason Chan Duo Concert 2010, Vol. 1",live,1,5,music-video,囍帖街,陳奕迅,4:27,267475,1445706912,,https://music.apple.com/hk/music-video/%E5%9B%8D%E5%B8%96%E8%A1%97-live/1445706912?uo=4,https://video-ssl.itunes.apple.com/itunes-assets/Video115/v4/95/40/00/954000fe-85f0-57da-e775-a00f24a520de/mzvf_13890496578919286147.1920w.h264lc.U.p.m4v,Apple iTunes Search API,https://itunes.apple.com/lookup?id=1445706572&entity=song&limit=200&country=hk,False
apple-1445706572,"Eason Chan Duo Concert 2010, Vol. 1",live,1,6,music-video,七百年後,陳奕迅,4:35,275368,1445706935,,https://music.apple.com/hk/music-video/%E4%B8%83%E7%99%BE%E5%B9%B4%E5%BE%8C-live/1445706935?uo=4,https://video-ssl.itunes.apple.com/itunes-assets/Video125/v4/85/35/e7/8535e790-5296-c8e4-81b4-f0b272cbab2c/mzvf_5242642603572514849.1920w.h264lc.U.p.m4v,Apple iTunes Search API,https://itunes.apple.com/lookup?id=1445706572&entity=song&limit=200&country=hk,False
apple-1445706572,"Eason Chan Duo Concert 2010, Vol. 1",live,1,7,music-video,約定,陳奕迅,5:37,337087,1445707073,,https://music.apple.com/hk/music-video/%E7%B4%84%E5%AE%9A-live/1445707073?uo=4,https://video-ssl.itunes.apple.com/itunes-assets/Video125/v4/66/3c/70/663c7010-77ed-2431-1a2b-ae8c2b5cebd8/mzvf_17173071762093607682.1920w.h264lc.U.p.m4v,Apple iTunes Search API,https://itunes.apple.com/lookup?id=1445706572&entity=song&limit=200&country=hk,False
apple-1445706572,"Eason Chan Duo Concert 2010, Vol. 1",live,1,8,music-video,寂寞夜晚,陳奕迅,2:08,127720,1445707076,,https://music.apple.com/hk/music-video/%E5%AF%82%E5%AF%9E%E5%A4%9C%E6%99%9A-live/1445707076?uo=4,https://video-ssl.itunes.apple.com/itunes-assets/Video126/v4/f6/db/15/f6db15f5-edad-9130-0b0c-1816576f254d/mzvf_10621123819478163468.1920w.h264lc.U.p.m4v,Apple iTunes Search API,https://itunes.apple.com/lookup?id=1445706572&entity=song&limit=200&country=hk,False
apple-1445706572,"Eason Chan Duo Concert 2010, Vol. 1",live,1,9,music-video,浮誇,陳奕迅,4:35,275327,1445707078,,https://music.apple.com/hk/music-video/%E6%B5%AE%E8%AA%87-live/1445707078?uo=4,https://video-ssl.itunes.apple.com/itunes-assets/Video115/v4/e4/5a/89/e45a89e3-6475-a51f-caa3-b6901072bbef/mzvf_16956585418370547873.1920w.h264lc.U.p.m4v,Apple iTunes Search API,https://itunes.apple.com/lookup?id=1445706572&entity=song&limit=200&country=hk,False
apple-1445706572,"Eason Chan Duo Concert 2010, Vol. 1",live,1,10,music-video,禁色,陳奕迅,3:36,215807,1445707214,,https://music.apple.com/hk/music-video/%E7%A6%81%E8%89%B2-live/1445707214?uo=4,https://video-ssl.itunes.apple.com/itunes-assets/Video115/v4/e2/87/4e/e2874e08-0cd5-ba1b-04fd-0d2383ce81a5/mzvf_13416467662695534164.1920w.h264lc.U.p.m4v,Apple iTunes Search API,https://itunes.apple.com/lookup?id=1445706572&entity=song&limit=200&country=hk,False
apple-1445706572,"Eason Chan Duo Concert 2010, Vol. 1",live,1,11,music-video,無人之境,陳奕迅,4:12,251795,1445707216,,https://music.apple.com/hk/music-video/%E7%84%A1%E4%BA%BA%E4%B9%8B%E5%A2%83-live/1445707216?uo=4,https://video-ssl.itunes.apple.com/itunes-assets/Video126/v4/f6/80/d7/f680d7cb-556a-1666-ff8a-f1ecb41d0e3f/mzvf_13442416147612463531.1920w.h264lc.U.p.m4v,Apple iTunes Search API,https://itunes.apple.com/lookup?id=1445706572&entity=song&limit=200&country=hk,False
apple-1445706572,"Eason Chan Duo Concert 2010, Vol. 1",live,1,12,music-video,破曉,陳奕迅,4:59,299433,1445707218,,https://music.apple.com/hk/music-video/%E7%A0%B4%E6%9B%89-live/1445707218?uo=4,https://video-ssl.itunes.apple.com/itunes-assets/Video125/v4/d2/15/7b/d2157b25-e75b-98c4-0405-213c5a859f5c/mzvf_6243688910233607655.1920w.h264lc.U.p.m4v,Apple iTunes Search API,https://itunes.apple.com/lookup?id=1445706572&entity=song&limit=200&country=hk,False
apple-1445706572,"Eason Chan Duo Concert 2010, Vol. 1",live,1,13,music-video,夕陽無限好,陳奕迅,4:05,244840,1445707219,,https://music.apple.com/hk/music-video/%E5%A4%95%E9%99%BD%E7%84%A1%E9%99%90%E5%A5%BD-live/1445707219?uo=4,https://video-ssl.itunes.apple.com/itunes-assets/Video126/v4/fc/50/96/fc50960a-5a26-3864-7e4b-d3b855bf6022/mzvf_14074814092739407440.1920w.h264lc.U.p.m4v,Apple iTunes Search API,https://itunes.apple.com/lookup?id=1445706572&entity=song&limit=200&country=hk,False
apple-1445713570,"Eason Chan Duo Concert 2010, Vol. 3",live,1,1,music-video,歌.頌,陳奕迅,5:45,345000,1445713732,,https://music.apple.com/hk/music-video/%E6%AD%8C-%E9%A0%8C-live/1445713732?uo=4,https://video-ssl.itunes.apple.com/itunes-assets/Video126/v4/a8/6d/9f/a86d9f9a-b159-1459-ae2b-a83d0b9e502a/mzvf_2802413736393184491.1920w.h264lc.U.p.m4v,Apple iTunes Search API,https://itunes.apple.com/lookup?id=1445713570&entity=song&limit=200&country=hk,False
apple-1445713570,"Eason Chan Duo Concert 2010, Vol. 3",live,1,2,music-video,PG家長指引,陳奕迅,4:43,282963,1445713741,,https://music.apple.com/hk/music-video/pg%E5%AE%B6%E9%95%B7%E6%8C%87%E5%BC%95-live/1445713741?uo=4,https://video-ssl.itunes.apple.com/itunes-assets/Video125/v4/19/f1/c5/19f1c5b6-2589-d5b3-3d68-fe21b84cf13d/mzvf_8152060556335067808.1920w.h264lc.U.p.m4v,Apple iTunes Search API,https://itunes.apple.com/lookup?id=1445713570&entity=song&limit=200&country=hk,False
apple-1445713570,"Eason Chan Duo Concert 2010, Vol. 3",live,1,3,music-video,那一夜有沒有說,陳奕迅,3:18,197887,1445713744,,https://music.apple.com/hk/music-video/%E9%82%A3%E4%B8%80%E5%A4%9C%E6%9C%89%E6%B2%92%E6%9C%89%E8%AA%AA-live/1445713744?uo=4,https://video-ssl.itunes.apple.com/itunes-assets/Video116/v4/5f/f0/49/5ff0493c-9828-4f86-dee4-c657688f39db/mzvf_12083625876400367907.1920w.h264lc.U.p.m4v,Apple iTunes Search API,https://itunes.apple.com/lookup?id=1445713570&entity=song&limit=200&country=hk,False
apple-1445713570,"Eason Chan Duo Concert 2010, Vol. 3",live,1,4,music-video,反高潮,陳奕迅,4:31,270932,1445713747,,https://music.apple.com/hk/music-video/%E5%8F%8D%E9%AB%98%E6%BD%AE-live/1445713747?uo=4,https://video-ssl.itunes.apple.com/itunes-assets/Video126/v4/74/c2/ed/74c2ed99-a5f5-f5d9-f170-b11d3e23182c/mzvf_10325851047820740269.1920w.h264lc.U.p.m4v,Apple iTunes Search API,https://itunes.apple.com/lookup?id=1445713570&entity=song&limit=200&country=hk,False
apple-1445713570,"Eason Chan Duo Concert 2010, Vol. 3",live,1,5,music-video,一絲不掛,陳奕迅,3:53,232958,1445713749,,https://music.apple.com/hk/music-video/%E4%B8%80%E7%B5%B2%E4%B8%8D%E6%8E%9B-live/1445713749?uo=4,https://video-ssl.itunes.apple.com/itunes-assets/Video125/v4/37/c4/dd/37c4dd75-c6f8-b7ab-ea35-cf1f9c691b5f/mzvf_6127204158718518724.1920w.h264lc.U.p.m4v,Apple iTunes Search API,https://itunes.apple.com/lookup?id=1445713570&entity=song&limit=200&country=hk,False
apple-1445713570,"Eason Chan Duo Concert 2010, Vol. 3",live,1,6,music-video,等,陳奕迅,4:12,252073,1445713934,,https://music.apple.com/hk/music-video/%E7%AD%89-live/1445713934?uo=4,https://video-ssl.itunes.apple.com/itunes-assets/Video116/v4/3c/03/33/3c0333e7-3cde-e638-850b-ce574134c290/mzvf_10044691217660655141.1920w.h264lc.U.p.m4v,Apple iTunes Search API,https://itunes.apple.com/lookup?id=1445713570&entity=song&limit=200&country=hk,False
apple-1445713570,"Eason Chan Duo Concert 2010, Vol. 3",live,1,7,music-video,Mr Lonely,陳奕迅,5:19,318612,1445714037,,https://music.apple.com/hk/music-video/mr-lonely-live/1445714037?uo=4,https://video-ssl.itunes.apple.com/itunes-assets/Video125/v4/f5/f3/b1/f5f3b1c9-04a6-7fea-ef3a-213fa8d20132/mzvf_8614149013416120203.1920w.h264lc.U.p.m4v,Apple iTunes Search API,https://itunes.apple.com/lookup?id=1445713570&entity=song&limit=200&country=hk,False
apple-1445713570,"Eason Chan Duo Concert 2010, Vol. 3",live,1,8,music-video,我甚麼都沒有,陳奕迅,6:06,366035,1445714044,,https://music.apple.com/hk/music-video/%E6%88%91%E7%94%9A%E9%BA%BC%E9%83%BD%E6%B2%92%E6%9C%89-live/1445714044?uo=4,https://video-ssl.itunes.apple.com/itunes-assets/Video126/v4/1b/4d/e6/1b4de699-0fd0-2629-67a3-06b2ba50c056/mzvf_10649122349344322102.1920w.h264lc.U.p.m4v,Apple iTunes Search API,https://itunes.apple.com/lookup?id=1445713570&entity=song&limit=200&country=hk,False
apple-1445713570,"Eason Chan Duo Concert 2010, Vol. 3",live,1,9,music-video,抱擁這分鐘,陳奕迅,3:51,230888,1445714048,,https://music.apple.com/hk/music-video/%E6%8A%B1%E6%93%81%E9%80%99%E5%88%86%E9%90%98-live/1445714048?uo=4,https://video-ssl.itunes.apple.com/itunes-assets/Video116/v4/20/55/54/205554d0-0eed-24d1-3bc3-0009a02fbaa4/mzvf_14675617877656712960.1920w.h264lc.U.p.m4v,Apple iTunes Search API,https://itunes.apple.com/lookup?id=1445713570&entity=song&limit=200&country=hk,False
apple-1445686357,"Eason Chan Duo Concert 2010, Vol. 4",live,1,1,music-video,The End Of The World,陳奕迅,2:40,159955,1445686360,,https://music.apple.com/hk/music-video/the-end-of-the-world-live/1445686360?uo=4,https://video-ssl.itunes.apple.com/itunes-assets/Video126/v4/f8/96/29/f8962904-ba1f-5a75-a4c8-46bbed452623/mzvf_15371168968073856909.1920w.h264lc.U.p.m4v,Apple iTunes Search API,https://itunes.apple.com/lookup?id=1445686357&entity=song&limit=200&country=hk,False
apple-1445686357,"Eason Chan Duo Concert 2010, Vol. 4",live,1,2,music-video,我的世界末日,陳奕迅,5:38,338003,1445686517,,https://music.apple.com/hk/music-video/%E6%88%91%E7%9A%84%E4%B8%96%E7%95%8C%E6%9C%AB%E6%97%A5-live/1445686517?uo=4,https://video-ssl.itunes.apple.com/itunes-assets/Video116/v4/58/a7/da/58a7da85-4a09-467c-4b8e-041bc18a5f97/mzvf_5138987033342859188.1920w.h264lc.U.p.m4v,Apple iTunes Search API,https://itunes.apple.com/lookup?id=1445686357&entity=song&limit=200&country=hk,False
apple-1445686357,"Eason Chan Duo Concert 2010, Vol. 4",live,1,3,music-video,每一個明天,陳奕迅,5:26,325567,1445686520,,https://music.apple.com/hk/music-video/%E6%AF%8F%E4%B8%80%E5%80%8B%E6%98%8E%E5%A4%A9-live/1445686520?uo=4,https://video-ssl.itunes.apple.com/itunes-assets/Video116/v4/3f/91/1b/3f911bcf-dbf1-4f19-d287-b2797a83cbe8/mzvf_1401501991637259399.1920w.h264lc.U.p.m4v,Apple iTunes Search API,https://itunes.apple.com/lookup?id=1445686357&entity=song&limit=200&country=hk,False
apple-1445686357,"Eason Chan Duo Concert 2010, Vol. 4",live,1,4,music-video,Every Time We Say Goodbye,陳奕迅,4:01,240553,1445686522,,https://music.apple.com/hk/music-video/every-time-we-say-goodbye-live/1445686522?uo=4,https://video-ssl.itunes.apple.com/itunes-assets/Video116/v4/d5/78/6f/d5786fa6-d64c-aef5-c287-73e43b7e4339/mzvf_10087041712234189918.1920w.h264lc.U.p.m4v,Apple iTunes Search API,https://itunes.apple.com/lookup?id=1445686357&entity=song&limit=200&country=hk,False
apple-1445686357,"Eason Chan Duo Concert 2010, Vol. 4",live,1,5,music-video,"Eason ""duo "", The Film!",陳奕迅,19:13,1153407,1445686527,,https://music.apple.com/hk/music-video/eason-duo-the-film-live/1445686527?uo=4,https://video-ssl.itunes.apple.com/itunes-assets/Video126/v4/cc/e4/cb/cce4cb60-d2b7-2ffe-1500-dcd342c750ad/mzvf_12173840305695798132.1920w.h264lc.U.p.m4v,Apple iTunes Search API,https://itunes.apple.com/lookup?id=1445686357&entity=song&limit=200&country=hk,False
apple-1446016948,Time Flies,ep,1,1,music-video,大人,陳奕迅,3:06,185520,1446016951,,https://music.apple.com/hk/music-video/%E5%A4%A7%E4%BA%BA/1446016951?uo=4,https://video-ssl.itunes.apple.com/itunes-assets/Video128/v4/d9/47/e9/d947e95b-3ff9-096c-4d6e-1513c7f68866/mzvf_3043437539738092589.640x348.h264lc.U.p.m4v,Apple iTunes Search API,https://itunes.apple.com/lookup?id=1446016948&entity=song&limit=200&country=hk,False
apple-1446016948,Time Flies,ep,1,2,music-video,一絲不掛,陳奕迅,4:25,265080,1446016956,,https://music.apple.com/hk/music-video/%E4%B8%80%E7%B5%B2%E4%B8%8D%E6%8E%9B/1446016956?uo=4,https://video-ssl.itunes.apple.com/itunes-assets/Video128/v4/3a/eb/43/3aeb4333-1858-5db9-7cff-5532429c2b9f/mzvf_1178678440005043344.640x316.h264lc.U.p.m4v,Apple iTunes Search API,https://itunes.apple.com/lookup?id=1446016948&entity=song&limit=200&country=hk,False
apple-1446016948,Time Flies,ep,1,3,music-video,陀飛輪,陳奕迅,4:49,289200,1446016957,,https://music.apple.com/hk/music-video/%E9%99%80%E9%A3%9B%E8%BC%AA/1446016957?uo=4,https://video-ssl.itunes.apple.com/itunes-assets/Video118/v4/f7/08/09/f708098a-b6ff-f7f5-b9fd-142c14cbfb8e/mzvf_8437138462343123738.640x332.h264lc.U.p.m4v,Apple iTunes Search API,https://itunes.apple.com/lookup?id=1446016948&entity=song&limit=200&country=hk,False
apple-1446016948,Time Flies,ep,1,4,music-video,味之素,陳奕迅,3:22,202450,1446016960,,https://music.apple.com/hk/music-video/%E5%91%B3%E4%B9%8B%E7%B4%A0/1446016960?uo=4,https://video-ssl.itunes.apple.com/itunes-assets/Video128/v4/34/32/69/343269b8-2988-20ec-844a-195b29039fd1/mzvf_7751168901853531651.640x258.h264lc.U.p.m4v,Apple iTunes Search API,https://itunes.apple.com/lookup?id=1446016948&entity=song&limit=200&country=hk,False
apple-1443717418,Time Flies 2010 - EP,ep,1,1,song,無人之境,陳奕迅,3:41,221173,1443717616,,https://music.apple.com/hk/album/%E7%84%A1%E4%BA%BA%E4%B9%8B%E5%A2%83/1443717418?i=1443717616&uo=4,https://audio-ssl.itunes.apple.com/itunes-assets/AudioPreview221/v4/5a/72/16/5a721618-bf8e-a4aa-2b25-44fa864b0251/mzaf_10073414743777813475.plus.aac.p.m4a,Apple iTunes Search API,https://itunes.apple.com/lookup?id=1443717418&entity=song&limit=200&country=hk,False
apple-1443717418,Time Flies 2010 - EP,ep,1,2,song,大人,陳奕迅,3:08,188373,1443717731,,https://music.apple.com/hk/album/%E5%A4%A7%E4%BA%BA/1443717418?i=1443717731&uo=4,https://audio-ssl.itunes.apple.com/itunes-assets/AudioPreview211/v4/5d/b2/22/5db222d1-5547-73c9-9870-453fa3562591/mzaf_861358135408407231.plus.aac.p.m4a,Apple iTunes Search API,https://itunes.apple.com/lookup?id=1443717418&entity=song&limit=200&country=hk,False
apple-1443717418,Time Flies 2010 - EP,ep,1,3,song,一絲不掛,陳奕迅,4:02,242280,1443717740,,https://music.apple.com/hk/album/%E4%B8%80%E7%B5%B2%E4%B8%8D%E6%8E%9B/1443717418?i=1443717740&uo=4,https://audio-ssl.itunes.apple.com/itunes-assets/AudioPreview211/v4/78/8c/5c/788c5c63-46f8-59b9-afe4-20266dd6fc0f/mzaf_8245983334372826871.plus.aac.p.m4a,Apple iTunes Search API,https://itunes.apple.com/lookup?id=1443717418&entity=song&limit=200&country=hk,False
apple-1443717418,Time Flies 2010 - EP,ep,1,4,song,陀飛輪,陳奕迅,4:38,278133,1443717750,,https://music.apple.com/hk/album/%E9%99%80%E9%A3%9B%E8%BC%AA/1443717418?i=1443717750&uo=4,https://audio-ssl.itunes.apple.com/itunes-assets/AudioPreview211/v4/03/41/9a/03419a90-5e78-ef8e-f6aa-29051a8dbab9/mzaf_4551301670224624685.plus.aac.p.m4a,Apple iTunes Search API,https://itunes.apple.com/lookup?id=1443717418&entity=song&limit=200&country=hk,False
apple-1443717418,Time Flies 2010 - EP,ep,1,5,song,心腹 (麥當勞35週年主題曲),陳奕迅,3:23,203440,1443717822,,https://music.apple.com/hk/album/%E5%BF%83%E8%85%B9-%E9%BA%A5%E7%95%B6%E5%8B%9E35%E9%80%B1%E5%B9%B4%E4%B8%BB%E9%A1%8C%E6%9B%B2/1443717418?i=1443717822&uo=4,https://audio-ssl.itunes.apple.com/itunes-assets/AudioPreview211/v4/fc/2c/dc/fc2cdc77-6e6e-2687-0b70-ab6c2c65c2d8/mzaf_555025484002095462.plus.aac.p.m4a,Apple iTunes Search API,https://itunes.apple.com/lookup?id=1443717418&entity=song&limit=200&country=hk,False
apple-1443717418,Time Flies 2010 - EP,ep,1,6,song,味之素,陳奕迅,3:21,200613,1443717830,,https://music.apple.com/hk/album/%E5%91%B3%E4%B9%8B%E7%B4%A0/1443717418?i=1443717830&uo=4,https://audio-ssl.itunes.apple.com/itunes-assets/AudioPreview211/v4/68/dd/c7/68ddc76b-2a48-2dd6-d36b-407a16ead2a7/mzaf_3066415329603399137.plus.aac.p.m4a,Apple iTunes Search API,https://itunes.apple.com/lookup?id=1443717418&entity=song&limit=200&country=hk,False
apple-1444407972,無限之城 (國) - Single,single,1,1,song,無限之城 (國),陳奕迅,3:05,185400,1444407980,,https://music.apple.com/hk/album/%E7%84%A1%E9%99%90%E4%B9%8B%E5%9F%8E-%E5%9C%8B/1444407972?i=1444407980&uo=4,https://audio-ssl.itunes.apple.com/itunes-assets/AudioPreview125/v4/05/fd/6d/05fd6d47-d643-ebe8-a414-d401f74d8c5c/mzaf_3688945501759595894.plus.aac.p.m4a,Apple iTunes Search API,https://itunes.apple.com/lookup?id=1444407972&entity=song&limit=200&country=hk,False
apple-1442966677,陳奕迅2010 Duo演唱會,live,1,1,song,今天等我來 (Live),陳奕迅,5:32,331893,1442966679,,https://music.apple.com/hk/album/%E4%BB%8A%E5%A4%A9%E7%AD%89%E6%88%91%E4%BE%86-live/1442966677?i=1442966679&uo=4,https://audio-ssl.itunes.apple.com/itunes-assets/AudioPreview221/v4/59/48/9e/59489e5d-786e-9e9a-b75c-a43243fe382f/mzaf_1623406284071862728.plus.aac.p.m4a,Apple iTunes Search API,https://itunes.apple.com/lookup?id=1442966677&entity=song&limit=200&country=hk,False
apple-1442966677,陳奕迅2010 Duo演唱會,live,1,2,song,好歌獻給你 (Live),陳奕迅,4:22,261520,1442967011,,https://music.apple.com/hk/album/%E5%A5%BD%E6%AD%8C%E7%8D%BB%E7%B5%A6%E4%BD%A0-live/1442966677?i=1442967011&uo=4,https://audio-ssl.itunes.apple.com/itunes-assets/AudioPreview211/v4/33/57/bf/3357bf85-b7cd-7d6a-e752-024ef61c0fff/mzaf_5954952844984775384.plus.aac.p.m4a,Apple iTunes Search API,https://itunes.apple.com/lookup?id=1442966677&entity=song&limit=200&country=hk,False
apple-1442966677,陳奕迅2010 Duo演唱會,live,1,3,song,落花流水 (Live),陳奕迅,4:07,246840,1442967014,,https://music.apple.com/hk/album/%E8%90%BD%E8%8A%B1%E6%B5%81%E6%B0%B4-live/1442966677?i=1442967014&uo=4,https://audio-ssl.itunes.apple.com/itunes-assets/AudioPreview211/v4/37/05/83/370583b3-ec3b-dc26-cf54-9b4cbcdcdf6e/mzaf_2668238334658749564.plus.aac.p.m4a,Apple iTunes Search API,https://itunes.apple.com/lookup?id=1442966677&entity=song&limit=200&country=hk,False
apple-1442966677,陳奕迅2010 Duo演唱會,live,1,4,song,囍帖街 (Live),陳奕迅,4:28,267560,1442967080,,https://music.apple.com/hk/album/%E5%9B%8D%E5%B8%96%E8%A1%97-live/1442966677?i=1442967080&uo=4,https://audio-ssl.itunes.apple.com/itunes-assets/AudioPreview221/v4/b7/a2/88/b7a2880b-f1a3-4d85-c4c6-37bd05191cea/mzaf_7367538226620042935.plus.aac.p.m4a,Apple iTunes Search API,https://itunes.apple.com/lookup?id=1442966677&entity=song&limit=200&country=hk,False
apple-1442966677,陳奕迅2010 Duo演唱會,live,1,5,song,七百年後 (Live),陳奕迅,4:35,274800,1442967093,,https://music.apple.com/hk/album/%E4%B8%83%E7%99%BE%E5%B9%B4%E5%BE%8C-live/1442966677?i=1442967093&uo=4,https://audio-ssl.itunes.apple.com/itunes-assets/AudioPreview211/v4/c5/f9/c1/c5f9c1be-eeac-3663-dddb-0000fbba5fd7/mzaf_15998698107091333439.plus.aac.p.m4a,Apple iTunes Search API,https://itunes.apple.com/lookup?id=1442966677&entity=song&limit=200&country=hk,False
apple-1442966677,陳奕迅2010 Duo演唱會,live,1,6,song,約定 (Live),陳奕迅,5:36,336253,1442967094,,https://music.apple.com/hk/album/%E7%B4%84%E5%AE%9A-live/1442966677?i=1442967094&uo=4,https://audio-ssl.itunes.apple.com/itunes-assets/AudioPreview211/v4/6d/bc/57/6dbc579f-3d2c-bb86-758e-9cd8535fb7b9/mzaf_15364362408262377019.plus.aac.p.m4a,Apple iTunes Search API,https://itunes.apple.com/lookup?id=1442966677&entity=song&limit=200&country=hk,False
apple-1442966677,陳奕迅2010 Duo演唱會,live,1,7,song,寂寞夜晚 (Live),陳奕迅,2:08,128307,1442967095,,https://music.apple.com/hk/album/%E5%AF%82%E5%AF%9E%E5%A4%9C%E6%99%9A-live/1442966677?i=1442967095&uo=4,https://audio-ssl.itunes.apple.com/itunes-assets/AudioPreview211/v4/81/98/dc/8198dc83-dd2a-d7a6-4216-009e4d42ecdc/mzaf_2166754023585915134.plus.aac.p.m4a,Apple iTunes Search API,https://itunes.apple.com/lookup?id=1442966677&entity=song&limit=200&country=hk,False
apple-1442966677,陳奕迅2010 Duo演唱會,live,1,8,song,浮誇 (Live),陳奕迅,4:35,275333,1442967096,,https://music.apple.com/hk/album/%E6%B5%AE%E8%AA%87-live/1442966677?i=1442967096&uo=4,https://audio-ssl.itunes.apple.com/itunes-assets/AudioPreview211/v4/63/50/b4/6350b465-ca4c-27e5-e189-3b4cf8edd60d/mzaf_11839010122654788433.plus.aac.p.m4a,Apple iTunes Search API,https://itunes.apple.com/lookup?id=1442966677&entity=song&limit=200&country=hk,False
apple-1442966677,陳奕迅2010 Duo演唱會,live,1,9,song,禁色 (Live),陳奕迅,3:37,216533,1442967097,,https://music.apple.com/hk/album/%E7%A6%81%E8%89%B2-live/1442966677?i=1442967097&uo=4,https://audio-ssl.itunes.apple.com/itunes-assets/AudioPreview221/v4/ae/c5/aa/aec5aad1-9964-0d1e-6f5c-10e4345aeffa/mzaf_10480985368547849499.plus.aac.p.m4a,Apple iTunes Search API,https://itunes.apple.com/lookup?id=1442966677&entity=song&limit=200&country=hk,False
apple-1442966677,陳奕迅2010 Duo演唱會,live,1,10,song,無人之境 (Live),陳奕迅,4:13,252920,1442967099,,https://music.apple.com/hk/album/%E7%84%A1%E4%BA%BA%E4%B9%8B%E5%A2%83-live/1442966677?i=1442967099&uo=4,https://audio-ssl.itunes.apple.com/itunes-assets/AudioPreview221/v4/ae/38/29/ae382971-dab4-dadc-806a-471e9f207e25/mzaf_13751774351098452741.plus.aac.p.m4a,Apple iTunes Search API,https://itunes.apple.com/lookup?id=1442966677&entity=song&limit=200&country=hk,False
apple-1442966677,陳奕迅2010 Duo演唱會,live,1,11,song,破曉 (Live),陳奕迅,4:59,298520,1442967100,,https://music.apple.com/hk/album/%E7%A0%B4%E6%9B%89-live/1442966677?i=1442967100&uo=4,https://audio-ssl.itunes.apple.com/itunes-assets/AudioPreview221/v4/38/a5/9d/38a59d8c-512f-b8ff-f93c-562b13b03ec0/mzaf_11853590834366357895.plus.aac.p.m4a,Apple iTunes Search API,https://itunes.apple.com/lookup?id=1442966677&entity=song&limit=200&country=hk,False
apple-1442966677,陳奕迅2010 Duo演唱會,live,1,12,song,夕陽無限好 (Live),陳奕迅,4:05,244720,1442967161,,https://music.apple.com/hk/album/%E5%A4%95%E9%99%BD%E7%84%A1%E9%99%90%E5%A5%BD-live/1442966677?i=1442967161&uo=4,https://audio-ssl.itunes.apple.com/itunes-assets/AudioPreview221/v4/57/c3/71/57c37145-2ec2-cc94-841e-3da14de9fa34/mzaf_9631044954659035815.plus.aac.p.m4a,Apple iTunes Search API,https://itunes.apple.com/lookup?id=1442966677&entity=song&limit=200&country=hk,False
apple-1442966677,陳奕迅2010 Duo演唱會,live,2,1,song,人車誌 (Live),陳奕迅,6:45,404760,1442967163,,https://music.apple.com/hk/album/%E4%BA%BA%E8%BB%8A%E8%AA%8C-live/1442966677?i=1442967163&uo=4,https://audio-ssl.itunes.apple.com/itunes-assets/AudioPreview221/v4/58/f8/7f/58f87f02-6c90-881e-4248-6cb610cc2d94/mzaf_3103109731264848816.plus.aac.p.m4a,Apple iTunes Search API,https://itunes.apple.com/lookup?id=1442966677&entity=song&limit=200&country=hk,False
apple-1442966677,陳奕迅2010 Duo演唱會,live,2,2,song,裙下之臣 (Live),陳奕迅,4:34,274053,1442967165,,https://music.apple.com/hk/album/%E8%A3%99%E4%B8%8B%E4%B9%8B%E8%87%A3-live/1442966677?i=1442967165&uo=4,https://audio-ssl.itunes.apple.com/itunes-assets/AudioPreview211/v4/8b/51/d8/8b51d806-ed00-bdac-5108-10f51b4f9ca9/mzaf_5002628930653261345.plus.aac.p.m4a,Apple iTunes Search API,https://itunes.apple.com/lookup?id=1442966677&entity=song&limit=200&country=hk,False
apple-1442966677,陳奕迅2010 Duo演唱會,live,2,3,song,陀飛輪 (Live),陳奕迅,6:17,376600,1442967167,,https://music.apple.com/hk/album/%E9%99%80%E9%A3%9B%E8%BC%AA-live/1442966677?i=1442967167&uo=4,https://audio-ssl.itunes.apple.com/itunes-assets/AudioPreview211/v4/9e/19/91/9e1991ca-14b3-0cd9-36fa-5bc236ea2b85/mzaf_8435797895536585389.plus.aac.p.m4a,Apple iTunes Search API,https://itunes.apple.com/lookup?id=1442966677&entity=song&limit=200&country=hk,False
apple-1442966677,陳奕迅2010 Duo演唱會,live,2,4,song,沙龍 (Live),陳奕迅,4:36,276413,1442967169,,https://music.apple.com/hk/album/%E6%B2%99%E9%BE%8D-live/1442966677?i=1442967169&uo=4,https://audio-ssl.itunes.apple.com/itunes-assets/AudioPreview221/v4/ac/48/af/ac48af14-cba0-3d34-cb42-f80f7339c953/mzaf_9173895813446998368.plus.aac.p.m4a,Apple iTunes Search API,https://itunes.apple.com/lookup?id=1442966677&entity=song&limit=200&country=hk,False
apple-1442966677,陳奕迅2010 Duo演唱會,live,2,5,song,葡萄成熟時 (Live),陳奕迅,6:42,401720,1442967170,,https://music.apple.com/hk/album/%E8%91%A1%E8%90%84%E6%88%90%E7%86%9F%E6%99%82-live/1442966677?i=1442967170&uo=4,https://audio-ssl.itunes.apple.com/itunes-assets/AudioPreview221/v4/b0/41/16/b04116ac-3f8b-48b6-a878-93caef0c888f/mzaf_16399915824011413436.plus.aac.p.m4a,Apple iTunes Search API,https://itunes.apple.com/lookup?id=1442966677&entity=song&limit=200&country=hk,False
apple-1442966677,陳奕迅2010 Duo演唱會,live,2,6,song,Medley: 熱辣辣/反斗星/頭髮亂了/好戲在後頭 (Live),陳奕迅,12:07,726667,1442967171,,https://music.apple.com/hk/album/medley-%E7%86%B1%E8%BE%A3%E8%BE%A3-%E5%8F%8D%E6%96%97%E6%98%9F-%E9%A0%AD%E9%AB%AE%E4%BA%82%E4%BA%86-%E5%A5%BD%E6%88%B2%E5%9C%A8%E5%BE%8C%E9%A0%AD-live/1442966677?i=1442967171&uo=4,https://audio-ssl.itunes.apple.com/itunes-assets/AudioPreview221/v4/5f/41/04/5f410417-464e-e9ee-0804-d6b1bf1180f1/mzaf_8503607804381697436.plus.aac.p.m4a,Apple iTunes Search API,https://itunes.apple.com/lookup?id=1442966677&entity=song&limit=200&country=hk,False
apple-1442966677,陳奕迅2010 Duo演唱會,live,2,7,song,芳華絕代 (Live),陳奕迅,5:57,357453,1442967177,,https://music.apple.com/hk/album/%E8%8A%B3%E8%8F%AF%E7%B5%95%E4%BB%A3-live/1442966677?i=1442967177&uo=4,https://audio-ssl.itunes.apple.com/itunes-assets/AudioPreview221/v4/09/86/4a/09864ad6-3cbd-5c92-ae68-80c7eb124193/mzaf_14885018415144145388.plus.aac.p.m4a,Apple iTunes Search API,https://itunes.apple.com/lookup?id=1442966677&entity=song&limit=200&country=hk,False
apple-1442966677,陳奕迅2010 Duo演唱會,live,2,8,song,不來也不去 (Live),陳奕迅,4:49,289200,1442967180,,https://music.apple.com/hk/album/%E4%B8%8D%E4%BE%86%E4%B9%9F%E4%B8%8D%E5%8E%BB-live/1442966677?i=1442967180&uo=4,https://audio-ssl.itunes.apple.com/itunes-assets/AudioPreview221/v4/70/49/0e/70490e84-ecb3-0a5c-f617-3c2e3699424b/mzaf_5437468824487681315.plus.aac.p.m4a,Apple iTunes Search API,https://itunes.apple.com/lookup?id=1442966677&entity=song&limit=200&country=hk,False
apple-1442966677,陳奕迅2010 Duo演唱會,live,2,9,song,富士山下 (Live),陳奕迅,4:59,298973,1442967182,,https://music.apple.com/hk/album/%E5%AF%8C%E5%A3%AB%E5%B1%B1%E4%B8%8B-live/1442966677?i=1442967182&uo=4,https://audio-ssl.itunes.apple.com/itunes-assets/AudioPreview221/v4/da/04/92/da049227-9396-44b7-7e68-27cb8338504f/mzaf_16376900693905194097.plus.aac.p.m4a,Apple iTunes Search API,https://itunes.apple.com/lookup?id=1442966677&entity=song&limit=200&country=hk,False
apple-1442966677,陳奕迅2010 Duo演唱會,live,2,10,song,與我常在 (Live),陳奕迅,5:40,339853,1442967184,,https://music.apple.com/hk/album/%E8%88%87%E6%88%91%E5%B8%B8%E5%9C%A8-live/1442966677?i=1442967184&uo=4,https://audio-ssl.itunes.apple.com/itunes-assets/AudioPreview211/v4/0a/6a/ca/0a6aca6f-d546-02b9-ddbc-1f44ed1b9d6d/mzaf_6046274476504993118.plus.aac.p.m4a,Apple iTunes Search API,https://itunes.apple.com/lookup?id=1442966677&entity=song&limit=200&country=hk,False
apple-1442966677,陳奕迅2010 Duo演唱會,live,2,11,song,我的快樂時代 (Live),陳奕迅,3:38,218173,1442967186,,https://music.apple.com/hk/album/%E6%88%91%E7%9A%84%E5%BF%AB%E6%A8%82%E6%99%82%E4%BB%A3-live/1442966677?i=1442967186&uo=4,https://audio-ssl.itunes.apple.com/itunes-assets/AudioPreview221/v4/08/80/85/0880853b-b7ed-e4ec-4a0b-56b9ffd24cf8/mzaf_17746135224431499015.plus.aac.p.m4a,Apple iTunes Search API,https://itunes.apple.com/lookup?id=1442966677&entity=song&limit=200&country=hk,False
apple-1442966677,陳奕迅2010 Duo演唱會,live,3,1,song,歌.頌 (Live),陳奕迅,5:42,342053,1442967190,,https://music.apple.com/hk/album/%E6%AD%8C-%E9%A0%8C-live/1442966677?i=1442967190&uo=4,https://audio-ssl.itunes.apple.com/itunes-assets/AudioPreview211/v4/05/33/12/053312ef-b4f3-e42d-b1ec-08c1655c1863/mzaf_3665868874525039162.plus.aac.p.m4a,Apple iTunes Search API,https://itunes.apple.com/lookup?id=1442966677&entity=song&limit=200&country=hk,False
apple-1442966677,陳奕迅2010 Duo演唱會,live,3,2,song,Pg家長指引 (Live),陳奕迅,4:40,280387,1442967312,,https://music.apple.com/hk/album/pg%E5%AE%B6%E9%95%B7%E6%8C%87%E5%BC%95-live/1442966677?i=1442967312&uo=4,https://audio-ssl.itunes.apple.com/itunes-assets/AudioPreview221/v4/b3/ad/d5/b3add541-94f0-b47d-3fb2-6f626446c483/mzaf_4204524233766467143.plus.aac.p.m4a,Apple iTunes Search API,https://itunes.apple.com/lookup?id=1442966677&entity=song&limit=200&country=hk,False
apple-1442966677,陳奕迅2010 Duo演唱會,live,3,3,song,那一夜有沒有說 (Live),陳奕迅,3:25,204907,1442967315,,https://music.apple.com/hk/album/%E9%82%A3%E4%B8%80%E5%A4%9C%E6%9C%89%E6%B2%92%E6%9C%89%E8%AA%AA-live/1442966677?i=1442967315&uo=4,https://audio-ssl.itunes.apple.com/itunes-assets/AudioPreview221/v4/99/38/b3/9938b37d-f2ea-4e70-b242-9559eadd3cf5/mzaf_11858437226117356147.plus.aac.p.m4a,Apple iTunes Search API,https://itunes.apple.com/lookup?id=1442966677&entity=song&limit=200&country=hk,False
apple-1442966677,陳奕迅2010 Duo演唱會,live,3,4,song,反高潮 (Live),陳奕迅,3:37,216813,1442967317,,https://music.apple.com/hk/album/%E5%8F%8D%E9%AB%98%E6%BD%AE-live/1442966677?i=1442967317&uo=4,https://audio-ssl.itunes.apple.com/itunes-assets/AudioPreview221/v4/37/e0/48/37e04831-0515-a58d-4dc3-dfce167ff355/mzaf_7882742495029152602.plus.aac.p.m4a,Apple iTunes Search API,https://itunes.apple.com/lookup?id=1442966677&entity=song&limit=200&country=hk,False
apple-1442966677,陳奕迅2010 Duo演唱會,live,3,5,song,一絲不掛 (Live),陳奕迅,4:45,284693,1442967322,,https://music.apple.com/hk/album/%E4%B8%80%E7%B5%B2%E4%B8%8D%E6%8E%9B-live/1442966677?i=1442967322&uo=4,https://audio-ssl.itunes.apple.com/itunes-assets/AudioPreview211/v4/c0/0a/aa/c00aaa18-8b64-4edf-68d3-0e4b44d519d6/mzaf_1396679949009914068.plus.aac.p.m4a,Apple iTunes Search API,https://itunes.apple.com/lookup?id=1442966677&entity=song&limit=200&country=hk,False
apple-1442966677,陳奕迅2010 Duo演唱會,live,3,6,song,等 (Live),陳奕迅,4:16,255880,1442967324,,https://music.apple.com/hk/album/%E7%AD%89-live/1442966677?i=1442967324&uo=4,https://audio-ssl.itunes.apple.com/itunes-assets/AudioPreview221/v4/49/66/c3/4966c3fb-186a-76d8-08ab-547931088d0c/mzaf_4976136878386706794.plus.aac.p.m4a,Apple iTunes Search API,https://itunes.apple.com/lookup?id=1442966677&entity=song&limit=200&country=hk,False
apple-1442966677,陳奕迅2010 Duo演唱會,live,3,7,song,Mr. Lonely (Live),陳奕迅,5:46,345693,1442967333,,https://music.apple.com/hk/album/mr-lonely-live/1442966677?i=1442967333&uo=4,https://audio-ssl.itunes.apple.com/itunes-assets/AudioPreview221/v4/47/43/4e/47434ec0-3f28-cda1-24ee-2752d5108746/mzaf_3845188748306731444.plus.aac.p.m4a,Apple iTunes Search API,https://itunes.apple.com/lookup?id=1442966677&entity=song&limit=200&country=hk,False
apple-1442966677,陳奕迅2010 Duo演唱會,live,3,8,song,我甚麼都沒有 (Live),陳奕迅,5:42,341547,1442967338,,https://music.apple.com/hk/album/%E6%88%91%E7%94%9A%E9%BA%BC%E9%83%BD%E6%B2%92%E6%9C%89-live/1442966677?i=1442967338&uo=4,https://audio-ssl.itunes.apple.com/itunes-assets/AudioPreview211/v4/3a/7d/81/3a7d819e-8deb-c073-7d86-073be2dc348e/mzaf_17547823587646569087.plus.aac.p.m4a,Apple iTunes Search API,https://itunes.apple.com/lookup?id=1442966677&entity=song&limit=200&country=hk,False
apple-1442966677,陳奕迅2010 Duo演唱會,live,3,9,song,抱擁這分鐘 (Live),陳奕迅,3:52,232280,1442967339,,https://music.apple.com/hk/album/%E6%8A%B1%E6%93%81%E9%80%99%E5%88%86%E9%90%98-live/1442966677?i=1442967339&uo=4,https://audio-ssl.itunes.apple.com/itunes-assets/AudioPreview221/v4/8d/9d/09/8d9d0944-61be-fe6f-fba4-4c3ec2d897df/mzaf_253360032126759258.plus.aac.p.m4a,Apple iTunes Search API,https://itunes.apple.com/lookup?id=1442966677&entity=song&limit=200&country=hk,False
apple-1442966677,陳奕迅2010 Duo演唱會,live,3,10,song,The End of the World (Live),陳奕迅,2:37,156733,1442967431,,https://music.apple.com/hk/album/the-end-of-the-world-live/1442966677?i=1442967431&uo=4,https://audio-ssl.itunes.apple.com/itunes-assets/AudioPreview211/v4/ec/ee/fa/eceefa6b-4757-4406-093b-c638a1c57b0f/mzaf_6851211817556726865.plus.aac.p.m4a,Apple iTunes Search API,https://itunes.apple.com/lookup?id=1442966677&entity=song&limit=200&country=hk,False
apple-1442966677,陳奕迅2010 Duo演唱會,live,3,11,song,我的世界末日 (Live),陳奕迅,5:39,339187,1442967434,,https://music.apple.com/hk/album/%E6%88%91%E7%9A%84%E4%B8%96%E7%95%8C%E6%9C%AB%E6%97%A5-live/1442966677?i=1442967434&uo=4,https://audio-ssl.itunes.apple.com/itunes-assets/AudioPreview221/v4/a2/54/ac/a254acf4-afbf-61f7-e6a2-85739b271610/mzaf_14184189378238111144.plus.aac.p.m4a,Apple iTunes Search API,https://itunes.apple.com/lookup?id=1442966677&entity=song&limit=200&country=hk,False
apple-1442966677,陳奕迅2010 Duo演唱會,live,3,12,song,每一個明天 (Live),陳奕迅,5:25,325347,1442967437,,https://music.apple.com/hk/album/%E6%AF%8F%E4%B8%80%E5%80%8B%E6%98%8E%E5%A4%A9-live/1442966677?i=1442967437&uo=4,https://audio-ssl.itunes.apple.com/itunes-assets/AudioPreview221/v4/fe/c6/e8/fec6e874-ae61-94c3-4be8-a93fb55ad72a/mzaf_120654979351711410.plus.aac.p.m4a,Apple iTunes Search API,https://itunes.apple.com/lookup?id=1442966677&entity=song&limit=200&country=hk,False
apple-1442966677,陳奕迅2010 Duo演唱會,live,3,13,song,Every Time We Say Goodbye (Live),陳奕迅,2:57,177013,1442967438,,https://music.apple.com/hk/album/every-time-we-say-goodbye-live/1442966677?i=1442967438&uo=4,https://audio-ssl.itunes.apple.com/itunes-assets/AudioPreview211/v4/42/a3/54/42a354cb-b88e-ab79-4c0e-2bb623c562e3/mzaf_12358165144070210688.plus.aac.p.m4a,Apple iTunes Search API,https://itunes.apple.com/lookup?id=1442966677&entity=song&limit=200&country=hk,False
apple-1604745788,Taste The Atmosphere,ep,1,1,song,Welcome To The Future (feat. 薩頂頂),陳奕迅,3:30,209573,1604746014,,https://music.apple.com/hk/album/welcome-to-the-future-feat-%E8%96%A9%E9%A0%82%E9%A0%82/1604745788?i=1604746014&uo=4,https://audio-ssl.itunes.apple.com/itunes-assets/AudioPreview211/v4/f9/2a/98/f92a9886-d6a1-7283-ec70-f6f3d4672966/mzaf_4572999106097952544.plus.aac.p.m4a,Apple iTunes Search API,https://itunes.apple.com/lookup?id=1604745788&entity=song&limit=200&country=hk,False
apple-1604745788,Taste The Atmosphere,ep,1,2,song,講男講女,陳奕迅 & 露雲娜,4:45,284613,1604746090,,https://music.apple.com/hk/album/%E8%AC%9B%E7%94%B7%E8%AC%9B%E5%A5%B3/1604745788?i=1604746090&uo=4,https://audio-ssl.itunes.apple.com/itunes-assets/AudioPreview221/v4/ec/ab/ac/ecabac85-c824-827d-c785-329700ae16c2/mzaf_11246696264067818984.plus.aac.p.m4a,Apple iTunes Search API,https://itunes.apple.com/lookup?id=1604745788&entity=song&limit=200&country=hk,False
apple-1604745788,Taste The Atmosphere,ep,1,3,song,葉問風中轉,陳奕迅,6:08,367827,1604746096,,https://music.apple.com/hk/album/%E8%91%89%E5%95%8F%E9%A2%A8%E4%B8%AD%E8%BD%89/1604745788?i=1604746096&uo=4,https://audio-ssl.itunes.apple.com/itunes-assets/AudioPreview221/v4/51/b3/b4/51b3b4b6-1f9a-438d-1617-88ed7a5cbb88/mzaf_17163590405169049180.plus.aac.p.m4a,Apple iTunes Search API,https://itunes.apple.com/lookup?id=1604745788&entity=song&limit=200&country=hk,False
apple-1604745788,Taste The Atmosphere,ep,1,4,song,花花世界,陳奕迅,4:31,270653,1604746296,,https://music.apple.com/hk/album/%E8%8A%B1%E8%8A%B1%E4%B8%96%E7%95%8C/1604745788?i=1604746296&uo=4,https://audio-ssl.itunes.apple.com/itunes-assets/AudioPreview221/v4/71/b6/e0/71b6e0c3-3280-994a-05d1-1156be0a063f/mzaf_16907790048524365990.plus.aac.p.m4a,Apple iTunes Search API,https://itunes.apple.com/lookup?id=1604745788&entity=song&limit=200&country=hk,False
apple-1604745788,Taste The Atmosphere,ep,1,5,song,我杯茶 (feat. 莫文蔚),陳奕迅,3:52,232213,1604746307,,https://music.apple.com/hk/album/%E6%88%91%E6%9D%AF%E8%8C%B6-feat-%E8%8E%AB%E6%96%87%E8%94%9A/1604745788?i=1604746307&uo=4,https://audio-ssl.itunes.apple.com/itunes-assets/AudioPreview211/v4/52/aa/96/52aa96af-f536-b9f7-5468-b63ed755123f/mzaf_16840739511085321607.plus.aac.p.m4a,Apple iTunes Search API,https://itunes.apple.com/lookup?id=1604745788&entity=song&limit=200&country=hk,False
apple-1604745788,Taste The Atmosphere,ep,1,6,song,超錯,陳奕迅,5:07,306579,1604746316,,https://music.apple.com/hk/album/%E8%B6%85%E9%8C%AF/1604745788?i=1604746316&uo=4,https://audio-ssl.itunes.apple.com/itunes-assets/AudioPreview221/v4/58/33/0f/58330fcd-841c-14e0-4664-f0698e248103/mzaf_6915793960938337061.plus.aac.p.m4a,Apple iTunes Search API,https://itunes.apple.com/lookup?id=1604745788&entity=song&limit=200&country=hk,False
apple-1604745788,Taste The Atmosphere,ep,1,7,song,葉問風中轉 (Demo Version),陳奕迅,2:36,156214,1604746321,,https://music.apple.com/hk/album/%E8%91%89%E5%95%8F%E9%A2%A8%E4%B8%AD%E8%BD%89-demo-version/1604745788?i=1604746321&uo=4,https://audio-ssl.itunes.apple.com/itunes-assets/AudioPreview211/v4/8c/7f/f0/8c7ff00c-fd52-05c5-40a4-7b279519b4bb/mzaf_15427914772640659472.plus.aac.p.m4a,Apple iTunes Search API,https://itunes.apple.com/lookup?id=1604745788&entity=song&limit=200&country=hk,False
apple-1604745788,Taste The Atmosphere,ep,1,8,song,講男講女 (NG take),陳奕迅 & 露雲娜,4:47,287317,1604746600,,https://music.apple.com/hk/album/%E8%AC%9B%E7%94%B7%E8%AC%9B%E5%A5%B3-ng-take/1604745788?i=1604746600&uo=4,https://audio-ssl.itunes.apple.com/itunes-assets/AudioPreview211/v4/8d/eb/b4/8debb497-0361-035e-e87c-6e7bf25e6548/mzaf_10459595852245847229.plus.aac.p.m4a,Apple iTunes Search API,https://itunes.apple.com/lookup?id=1604745788&entity=song&limit=200&country=hk,False
apple-1829423915,Taste the Atmosphere (Remastered 2025),ep,1,1,song,Welcome To The Future (feat. 薩頂頂),陳奕迅,3:30,209875,1829423916,,https://music.apple.com/hk/album/welcome-to-the-future-feat-%E8%96%A9%E9%A0%82%E9%A0%82/1829423915?i=1829423916&uo=4,https://audio-ssl.itunes.apple.com/itunes-assets/AudioPreview211/v4/10/87/48/108748d4-ffaa-6009-3f24-3d560b993a3a/mzaf_3168458432593457877.plus.aac.p.m4a,Apple iTunes Search API,https://itunes.apple.com/lookup?id=1829423915&entity=song&limit=200&country=hk,False
apple-1829423915,Taste the Atmosphere (Remastered 2025),ep,1,2,song,講男講女,陳奕迅 & 露雲娜,4:45,284617,1829423918,,https://music.apple.com/hk/album/%E8%AC%9B%E7%94%B7%E8%AC%9B%E5%A5%B3/1829423915?i=1829423918&uo=4,https://audio-ssl.itunes.apple.com/itunes-assets/AudioPreview211/v4/07/76/67/0776676e-b7d2-f1c2-701e-4f1650966c84/mzaf_13634958344539463556.plus.aac.p.m4a,Apple iTunes Search API,https://itunes.apple.com/lookup?id=1829423915&entity=song&limit=200&country=hk,False
apple-1829423915,Taste the Atmosphere (Remastered 2025),ep,1,3,song,葉問風中轉,陳奕迅,6:08,368250,1829423919,,https://music.apple.com/hk/album/%E8%91%89%E5%95%8F%E9%A2%A8%E4%B8%AD%E8%BD%89/1829423915?i=1829423919&uo=4,https://audio-ssl.itunes.apple.com/itunes-assets/AudioPreview211/v4/f7/0b/1a/f70b1afd-11f8-7c47-5606-a5afddaea171/mzaf_7373745122073010344.plus.aac.p.m4a,Apple iTunes Search API,https://itunes.apple.com/lookup?id=1829423915&entity=song&limit=200&country=hk,False
apple-1829423915,Taste the Atmosphere (Remastered 2025),ep,1,4,song,花花世界,陳奕迅,4:31,271375,1829423920,,https://music.apple.com/hk/album/%E8%8A%B1%E8%8A%B1%E4%B8%96%E7%95%8C/1829423915?i=1829423920&uo=4,https://audio-ssl.itunes.apple.com/itunes-assets/AudioPreview221/v4/b7/61/06/b761060a-577e-a074-188f-d3bc95cb062d/mzaf_16231860517767523345.plus.aac.p.m4a,Apple iTunes Search API,https://itunes.apple.com/lookup?id=1829423915&entity=song&limit=200&country=hk,False
apple-1829423915,Taste the Atmosphere (Remastered 2025),ep,1,5,song,我杯茶 (feat. 莫文蔚),陳奕迅,3:54,233841,1829423921,,https://music.apple.com/hk/album/%E6%88%91%E6%9D%AF%E8%8C%B6-feat-%E8%8E%AB%E6%96%87%E8%94%9A/1829423915?i=1829423921&uo=4,https://audio-ssl.itunes.apple.com/itunes-assets/AudioPreview211/v4/f8/c6/6f/f8c66f44-4cd9-e725-0c0f-6d0584584caa/mzaf_12122998160016077279.plus.aac.p.m4a,Apple iTunes Search API,https://itunes.apple.com/lookup?id=1829423915&entity=song&limit=200&country=hk,False
apple-1829423915,Taste the Atmosphere (Remastered 2025),ep,1,6,song,超錯,陳奕迅,5:07,306638,1829423923,,https://music.apple.com/hk/album/%E8%B6%85%E9%8C%AF/1829423915?i=1829423923&uo=4,https://audio-ssl.itunes.apple.com/itunes-assets/AudioPreview221/v4/d4/bf/c1/d4bfc1a1-fa07-5c12-7c96-f06b9bd74b81/mzaf_9366359061257418759.plus.aac.p.m4a,Apple iTunes Search API,https://itunes.apple.com/lookup?id=1829423915&entity=song&limit=200&country=hk,False
apple-1829423915,Taste the Atmosphere (Remastered 2025),ep,1,7,song,葉問風中轉 (Demo Version),陳奕迅,2:36,156214,1829423924,,https://music.apple.com/hk/album/%E8%91%89%E5%95%8F%E9%A2%A8%E4%B8%AD%E8%BD%89-demo-version/1829423915?i=1829423924&uo=4,https://audio-ssl.itunes.apple.com/itunes-assets/AudioPreview221/v4/c0/7a/22/c07a2265-1062-f29a-273d-d6e1ae993335/mzaf_8846015826481799899.plus.aac.p.m4a,Apple iTunes Search API,https://itunes.apple.com/lookup?id=1829423915&entity=song&limit=200&country=hk,False
apple-1829423915,Taste the Atmosphere (Remastered 2025),ep,1,8,song,講男講女 (NG take),陳奕迅 & 露雲娜,4:47,287090,1829423925,,https://music.apple.com/hk/album/%E8%AC%9B%E7%94%B7%E8%AC%9B%E5%A5%B3-ng-take/1829423915?i=1829423925&uo=4,https://audio-ssl.itunes.apple.com/itunes-assets/AudioPreview211/v4/81/a2/fa/81a2fa60-5952-77ba-bafe-01585d3c8bdb/mzaf_917810560153036579.plus.aac.p.m4a,Apple iTunes Search API,https://itunes.apple.com/lookup?id=1829423915&entity=song&limit=200&country=hk,False
mb-7d544874-4d31-4079-adb4-59ef254c6dee,My Private Christmas Song,single,1,1,song,My Private Christmas Song,陳奕迅,2:20,140000,,ce2adbf5-f679-47be-b829-14fb780c9975,https://musicbrainz.org/recording/ce2adbf5-f679-47be-b829-14fb780c9975,,MusicBrainz digital release metadata,https://musicbrainz.org/release/7d544874-4d31-4079-adb4-59ef254c6dee,False
mb-0fbcdfa2-32af-4828-9675-e051417997da,等你愛我,single,1,1,song,Deng Ni Ai Wo,Eason Chan,4:44,284000,,06dab777-d8d4-433c-b6c3-10325cdb042f,https://musicbrainz.org/recording/06dab777-d8d4-433c-b6c3-10325cdb042f,,MusicBrainz digital release metadata,https://musicbrainz.org/release/0fbcdfa2-32af-4828-9675-e051417997da,False
apple-1442491195,903 ID Club拉闊音樂會 陳奕迅 - EP,ep,1,1,song,美麗有罪 (2011 Live in Hong Kong),陳奕迅,3:07,187080,1442491337,,https://music.apple.com/hk/album/%E7%BE%8E%E9%BA%97%E6%9C%89%E7%BD%AA-2011-live-in-hong-kong/1442491195?i=1442491337&uo=4,https://audio-ssl.itunes.apple.com/itunes-assets/AudioPreview115/v4/08/c2/1d/08c21d31-15a9-1f23-38b1-eaefb7a488c7/mzaf_11417217462445120336.plus.aac.p.m4a,Apple iTunes Search API,https://itunes.apple.com/lookup?id=1442491195&entity=song&limit=200&country=hk,False
apple-1442491195,903 ID Club拉闊音樂會 陳奕迅 - EP,ep,1,2,song,新聞女郎 (2011 Live in Hong Kong),陳奕迅,4:33,273093,1442491345,,https://music.apple.com/hk/album/%E6%96%B0%E8%81%9E%E5%A5%B3%E9%83%8E-2011-live-in-hong-kong/1442491195?i=1442491345&uo=4,https://audio-ssl.itunes.apple.com/itunes-assets/AudioPreview125/v4/dd/76/50/dd7650fe-52f0-abbe-2734-321e66fbb76c/mzaf_13426489159794982099.plus.aac.p.m4a,Apple iTunes Search API,https://itunes.apple.com/lookup?id=1442491195&entity=song&limit=200&country=hk,False
apple-1442491195,903 ID Club拉闊音樂會 陳奕迅 - EP,ep,1,3,song,如果這一秒鐘你跟我講你不愛我 (2011 Live in Hong Kong),陳奕迅,7:00,419507,1442491351,,https://music.apple.com/hk/album/%E5%A6%82%E6%9E%9C%E9%80%99%E4%B8%80%E7%A7%92%E9%90%98%E4%BD%A0%E8%B7%9F%E6%88%91%E8%AC%9B%E4%BD%A0%E4%B8%8D%E6%84%9B%E6%88%91-2011-live-in-hong-kong/1442491195?i=1442491351&uo=4,https://audio-ssl.itunes.apple.com/itunes-assets/AudioPreview115/v4/79/0c/c0/790cc0dd-a838-a53d-fffa-50cf6584dbea/mzaf_1198703989111366208.plus.aac.p.m4a,Apple iTunes Search API,https://itunes.apple.com/lookup?id=1442491195&entity=song&limit=200&country=hk,False
apple-1442491195,903 ID Club拉闊音樂會 陳奕迅 - EP,ep,1,4,song,六月飛霜 (2011 Live in Hong Kong),陳奕迅,4:30,269693,1442491355,,https://music.apple.com/hk/album/%E5%85%AD%E6%9C%88%E9%A3%9B%E9%9C%9C-2011-live-in-hong-kong/1442491195?i=1442491355&uo=4,https://audio-ssl.itunes.apple.com/itunes-assets/AudioPreview115/v4/f5/b3/bf/f5b3bfae-dffb-d692-8449-a2b9074b1451/mzaf_6740847451457440138.plus.aac.p.m4a,Apple iTunes Search API,https://itunes.apple.com/lookup?id=1442491195&entity=song&limit=200&country=hk,False
apple-1442491195,903 ID Club拉闊音樂會 陳奕迅 - EP,ep,1,5,song,貝多芬與我 (2011 Live in Hong Kong),陳奕迅,4:01,240880,1442491357,,https://music.apple.com/hk/album/%E8%B2%9D%E5%A4%9A%E8%8A%AC%E8%88%87%E6%88%91-2011-live-in-hong-kong/1442491195?i=1442491357&uo=4,https://audio-ssl.itunes.apple.com/itunes-assets/AudioPreview125/v4/ca/1d/9d/ca1d9d79-691f-6f8d-4e7d-51834c823175/mzaf_4405508512338847210.plus.aac.p.m4a,Apple iTunes Search API,https://itunes.apple.com/lookup?id=1442491195&entity=song&limit=200&country=hk,False
apple-1442491195,903 ID Club拉闊音樂會 陳奕迅 - EP,ep,1,6,song,狼來了 (2011 Live in Hong Kong),陳奕迅,5:17,316507,1442491631,,https://music.apple.com/hk/album/%E7%8B%BC%E4%BE%86%E4%BA%86-2011-live-in-hong-kong/1442491195?i=1442491631&uo=4,https://audio-ssl.itunes.apple.com/itunes-assets/AudioPreview125/v4/bf/e2/01/bfe2018c-89e7-733f-038e-7e17b5d7e969/mzaf_10820819566433753592.plus.aac.p.m4a,Apple iTunes Search API,https://itunes.apple.com/lookup?id=1442491195&entity=song&limit=200&country=hk,False
apple-1443711302,Stranger Under My Skin,ep,1,1,song,六月飛霜,陳奕迅,4:22,261507,1443711514,,https://music.apple.com/hk/album/%E5%85%AD%E6%9C%88%E9%A3%9B%E9%9C%9C/1443711302?i=1443711514&uo=4,https://audio-ssl.itunes.apple.com/itunes-assets/AudioPreview211/v4/b4/dc/ff/b4dcff10-2770-dcd4-0db7-ac556553c0a0/mzaf_17394476941764166704.plus.aac.p.m4a,Apple iTunes Search API,https://itunes.apple.com/lookup?id=1443711302&entity=song&limit=200&country=hk,False
apple-1443711302,Stranger Under My Skin,ep,1,2,song,Stranger Under My Skin,陳奕迅,4:16,256267,1443711686,,https://music.apple.com/hk/album/stranger-under-my-skin/1443711302?i=1443711686&uo=4,https://audio-ssl.itunes.apple.com/itunes-assets/AudioPreview221/v4/12/1e/5c/121e5cd3-9470-1795-ece8-f8c8c85df6d7/mzaf_11203486321615323827.plus.aac.p.m4a,Apple iTunes Search API,https://itunes.apple.com/lookup?id=1443711302&entity=song&limit=200&country=hk,False
apple-1443711302,Stranger Under My Skin,ep,1,3,song,最後派對,陳奕迅,5:12,311600,1443711690,,https://music.apple.com/hk/album/%E6%9C%80%E5%BE%8C%E6%B4%BE%E5%B0%8D/1443711302?i=1443711690&uo=4,https://audio-ssl.itunes.apple.com/itunes-assets/AudioPreview221/v4/1e/73/c8/1e73c8b1-1b18-e022-cb83-3bc14d9edb04/mzaf_10830479216418960586.plus.aac.p.m4a,Apple iTunes Search API,https://itunes.apple.com/lookup?id=1443711302&entity=song&limit=200&country=hk,False
apple-1443711302,Stranger Under My Skin,ep,1,4,song,苦瓜,陳奕迅,4:38,278160,1443711694,,https://music.apple.com/hk/album/%E8%8B%A6%E7%93%9C/1443711302?i=1443711694&uo=4,https://audio-ssl.itunes.apple.com/itunes-assets/AudioPreview211/v4/0f/67/62/0f6762f7-7baa-bd20-6ffb-e0d9652da35b/mzaf_9097701474657992785.plus.aac.p.m4a,Apple iTunes Search API,https://itunes.apple.com/lookup?id=1443711302&entity=song&limit=200&country=hk,False
apple-1443711302,Stranger Under My Skin,ep,1,5,song,沼氣,陳奕迅,5:19,319040,1443711699,,https://music.apple.com/hk/album/%E6%B2%BC%E6%B0%A3/1443711302?i=1443711699&uo=4,https://audio-ssl.itunes.apple.com/itunes-assets/AudioPreview221/v4/b3/1c/82/b31c8284-0e0a-3b26-0df2-3a0325a200cb/mzaf_7445937185551827362.plus.aac.p.m4a,Apple iTunes Search API,https://itunes.apple.com/lookup?id=1443711302&entity=song&limit=200&country=hk,False
apple-1443711302,Stranger Under My Skin,ep,1,6,song,My Private Christmas Song,陳奕迅,2:19,139120,1443711885,,https://music.apple.com/hk/album/my-private-christmas-song/1443711302?i=1443711885&uo=4,https://audio-ssl.itunes.apple.com/itunes-assets/AudioPreview221/v4/71/af/d9/71afd994-42f6-9505-5436-5e6c41fd69f5/mzaf_16884924079088602892.plus.aac.p.m4a,Apple iTunes Search API,https://itunes.apple.com/lookup?id=1443711302&entity=song&limit=200&country=hk,False
apple-1443711302,Stranger Under My Skin,ep,2,1,song,樂園 (國),黃韻玲 & 陳奕迅,3:57,236973,1443711894,,https://music.apple.com/hk/album/%E6%A8%82%E5%9C%92-%E5%9C%8B/1443711302?i=1443711894&uo=4,https://audio-ssl.itunes.apple.com/itunes-assets/AudioPreview211/v4/70/4b/61/704b61da-ffe1-0fb4-2753-845ea2ee4f09/mzaf_1449899632978192365.plus.aac.p.m4a,Apple iTunes Search API,https://itunes.apple.com/lookup?id=1443711302&entity=song&limit=200&country=hk,False
apple-1443711302,Stranger Under My Skin,ep,2,2,song,等你愛我 (國),陳奕迅,4:40,280267,1443711899,,https://music.apple.com/hk/album/%E7%AD%89%E4%BD%A0%E6%84%9B%E6%88%91-%E5%9C%8B/1443711302?i=1443711899&uo=4,https://audio-ssl.itunes.apple.com/itunes-assets/AudioPreview221/v4/f9/02/7e/f9027e0f-8d20-0b4d-c8ad-9c387d968d01/mzaf_6967698115986676579.plus.aac.p.m4a,Apple iTunes Search API,https://itunes.apple.com/lookup?id=1443711302&entity=song&limit=200&country=hk,False
apple-1443711302,Stranger Under My Skin,ep,2,3,song,因為愛情,陳奕迅 & 王菲,3:37,216893,1443711905,,https://music.apple.com/hk/album/%E5%9B%A0%E7%82%BA%E6%84%9B%E6%83%85/1443711302?i=1443711905&uo=4,https://audio-ssl.itunes.apple.com/itunes-assets/AudioPreview221/v4/11/1d/07/111d07d7-3e1c-62b0-288a-df3a111890ac/mzaf_17563851161635682563.plus.aac.p.m4a,Apple iTunes Search API,https://itunes.apple.com/lookup?id=1443711302&entity=song&limit=200&country=hk,False
apple-1821210438,Stranger Under My Skin (Remastered 2025),ep,1,1,song,六月飛霜,陳奕迅,4:22,261507,1821210440,,https://music.apple.com/hk/album/%E5%85%AD%E6%9C%88%E9%A3%9B%E9%9C%9C/1821210438?i=1821210440&uo=4,https://audio-ssl.itunes.apple.com/itunes-assets/AudioPreview211/v4/e2/15/f7/e215f7d7-2a4b-d3f6-3eb0-7627148d41d7/mzaf_10354901319966222913.plus.aac.p.m4a,Apple iTunes Search API,https://itunes.apple.com/lookup?id=1821210438&entity=song&limit=200&country=hk,False
apple-1821210438,Stranger Under My Skin (Remastered 2025),ep,1,2,song,Stranger Under My Skin,陳奕迅,4:16,256083,1821210441,,https://music.apple.com/hk/album/stranger-under-my-skin/1821210438?i=1821210441&uo=4,https://audio-ssl.itunes.apple.com/itunes-assets/AudioPreview211/v4/c0/ee/e2/c0eee25b-de8f-2d96-b36c-0ac4cd9267ec/mzaf_1413777915899237657.plus.aac.p.m4a,Apple iTunes Search API,https://itunes.apple.com/lookup?id=1821210438&entity=song&limit=200&country=hk,False
apple-1821210438,Stranger Under My Skin (Remastered 2025),ep,1,3,song,最後派對,陳奕迅,5:12,311600,1821210442,,https://music.apple.com/hk/album/%E6%9C%80%E5%BE%8C%E6%B4%BE%E5%B0%8D/1821210438?i=1821210442&uo=4,https://audio-ssl.itunes.apple.com/itunes-assets/AudioPreview221/v4/59/e0/69/59e0691f-24cb-1bfb-1473-a09a3252dd51/mzaf_10529493236001247369.plus.aac.p.m4a,Apple iTunes Search API,https://itunes.apple.com/lookup?id=1821210438&entity=song&limit=200&country=hk,False
apple-1821210438,Stranger Under My Skin (Remastered 2025),ep,1,4,song,苦瓜,陳奕迅,4:38,277830,1821210446,,https://music.apple.com/hk/album/%E8%8B%A6%E7%93%9C/1821210438?i=1821210446&uo=4,https://audio-ssl.itunes.apple.com/itunes-assets/AudioPreview211/v4/a2/f3/bb/a2f3bb02-ad29-3142-92ed-c20762bd9cce/mzaf_10675664227994353226.plus.aac.p.m4a,Apple iTunes Search API,https://itunes.apple.com/lookup?id=1821210438&entity=song&limit=200&country=hk,False
apple-1821210438,Stranger Under My Skin (Remastered 2025),ep,1,5,song,沼氣,陳奕迅,5:19,319245,1821210447,,https://music.apple.com/hk/album/%E6%B2%BC%E6%B0%A3/1821210438?i=1821210447&uo=4,https://audio-ssl.itunes.apple.com/itunes-assets/AudioPreview221/v4/ab/27/cb/ab27cbbd-65a7-4ea9-2d8f-5f6da1c93daa/mzaf_5631358146108014977.plus.aac.p.m4a,Apple iTunes Search API,https://itunes.apple.com/lookup?id=1821210438&entity=song&limit=200&country=hk,False
apple-1821210438,Stranger Under My Skin (Remastered 2025),ep,1,6,song,My Private Christmas Song,陳奕迅,2:20,139654,1821210448,,https://music.apple.com/hk/album/my-private-christmas-song/1821210438?i=1821210448&uo=4,https://audio-ssl.itunes.apple.com/itunes-assets/AudioPreview211/v4/e2/5d/0f/e25d0f95-f23b-82a1-159f-19ac31a50d2d/mzaf_7898156802738425368.plus.aac.p.m4a,Apple iTunes Search API,https://itunes.apple.com/lookup?id=1821210438&entity=song&limit=200&country=hk,False
apple-1821210438,Stranger Under My Skin (Remastered 2025),ep,2,1,song,樂園,陳奕迅 & 黃韻玲,3:57,237092,1821210450,,https://music.apple.com/hk/album/%E6%A8%82%E5%9C%92/1821210438?i=1821210450&uo=4,https://audio-ssl.itunes.apple.com/itunes-assets/AudioPreview221/v4/0a/9a/1e/0a9a1ed7-e289-194a-8956-192bd313b2e8/mzaf_9484842364272550401.plus.aac.p.m4a,Apple iTunes Search API,https://itunes.apple.com/lookup?id=1821210438&entity=song&limit=200&country=hk,False
apple-1821210438,Stranger Under My Skin (Remastered 2025),ep,2,2,song,等你愛我,陳奕迅,4:40,280046,1821210451,,https://music.apple.com/hk/album/%E7%AD%89%E4%BD%A0%E6%84%9B%E6%88%91/1821210438?i=1821210451&uo=4,https://audio-ssl.itunes.apple.com/itunes-assets/AudioPreview211/v4/d5/2f/95/d52f95ff-ec0e-2b10-1c44-fd19af9cac7e/mzaf_12759620226242247619.plus.aac.p.m4a,Apple iTunes Search API,https://itunes.apple.com/lookup?id=1821210438&entity=song&limit=200&country=hk,False
apple-1821210438,Stranger Under My Skin (Remastered 2025),ep,2,3,song,因為愛情,陳奕迅 & 王菲,3:38,218277,1821210454,,https://music.apple.com/hk/album/%E5%9B%A0%E7%82%BA%E6%84%9B%E6%83%85/1821210438?i=1821210454&uo=4,https://audio-ssl.itunes.apple.com/itunes-assets/AudioPreview211/v4/1c/4d/20/1c4d2086-31d2-b826-6115-aad68633bfab/mzaf_12333840272349716487.plus.aac.p.m4a,Apple iTunes Search API,https://itunes.apple.com/lookup?id=1821210438&entity=song&limit=200&country=hk,False
mb-d143252b-da65-4ce6-9b5f-37fb322b79b9,Music Is Live 2011 903 id club 陳奕迅 x 楊千嬅 x 梁漢文,live,1,1,song,Opening Medley: i) 新世紀福音戰士 ii) 隨時行樂 iii) 第五個現代化,陳奕迅 / 楊千嬅 / 梁漢文,12:38,757626,,bad34188-e433-45ca-b30d-5d1819d81992,https://musicbrainz.org/recording/bad34188-e433-45ca-b30d-5d1819d81992,,MusicBrainz physical release metadata,https://musicbrainz.org/release/d143252b-da65-4ce6-9b5f-37fb322b79b9,False
mb-d143252b-da65-4ce6-9b5f-37fb322b79b9,Music Is Live 2011 903 id club 陳奕迅 x 楊千嬅 x 梁漢文,live,1,2,song,美麗有罪,陳奕迅,3:07,187080,,5c08fbbd-e05f-48a3-84e6-58a92b79881f,https://musicbrainz.org/recording/5c08fbbd-e05f-48a3-84e6-58a92b79881f,,MusicBrainz physical release metadata,https://musicbrainz.org/release/d143252b-da65-4ce6-9b5f-37fb322b79b9,False
mb-d143252b-da65-4ce6-9b5f-37fb322b79b9,Music Is Live 2011 903 id club 陳奕迅 x 楊千嬅 x 梁漢文,live,1,3,song,斗零踭,楊千嬅,4:44,284266,,53ec28fe-15cd-4db7-aa7f-3f3ffda0d61a,https://musicbrainz.org/recording/53ec28fe-15cd-4db7-aa7f-3f3ffda0d61a,,MusicBrainz physical release metadata,https://musicbrainz.org/release/d143252b-da65-4ce6-9b5f-37fb322b79b9,False
mb-d143252b-da65-4ce6-9b5f-37fb322b79b9,Music Is Live 2011 903 id club 陳奕迅 x 楊千嬅 x 梁漢文,live,1,4,song,i) Ich Liebe Dich ii) 纏綿遊戲,陳奕迅 / 楊千嬅,5:32,331853,,aa4dd9bd-cf01-4d4b-9e02-a01a52da3b6d,https://musicbrainz.org/recording/aa4dd9bd-cf01-4d4b-9e02-a01a52da3b6d,,MusicBrainz physical release metadata,https://musicbrainz.org/release/d143252b-da65-4ce6-9b5f-37fb322b79b9,False
mb-d143252b-da65-4ce6-9b5f-37fb322b79b9,Music Is Live 2011 903 id club 陳奕迅 x 楊千嬅 x 梁漢文,live,1,5,song,好朋友,楊千嬅,3:37,216826,,bff63f55-52e3-4f4f-94dc-190644c7171e,https://musicbrainz.org/recording/bff63f55-52e3-4f4f-94dc-190644c7171e,,MusicBrainz physical release metadata,https://musicbrainz.org/release/d143252b-da65-4ce6-9b5f-37fb322b79b9,False
mb-d143252b-da65-4ce6-9b5f-37fb322b79b9,Music Is Live 2011 903 id club 陳奕迅 x 楊千嬅 x 梁漢文,live,1,6,song,重新做人,梁漢文,4:06,245746,,2bccd142-8653-42b0-a346-4f1a21437b36,https://musicbrainz.org/recording/2bccd142-8653-42b0-a346-4f1a21437b36,,MusicBrainz physical release metadata,https://musicbrainz.org/release/d143252b-da65-4ce6-9b5f-37fb322b79b9,False
mb-d143252b-da65-4ce6-9b5f-37fb322b79b9,Music Is Live 2011 903 id club 陳奕迅 x 楊千嬅 x 梁漢文,live,1,7,song,i) 不再問究竟 ii) 一再問究竟,陳奕迅 / 梁漢文,5:22,322133,,99250173-6a97-44c9-98f6-d27e2ad1153a,https://musicbrainz.org/recording/99250173-6a97-44c9-98f6-d27e2ad1153a,,MusicBrainz physical release metadata,https://musicbrainz.org/release/d143252b-da65-4ce6-9b5f-37fb322b79b9,False
mb-d143252b-da65-4ce6-9b5f-37fb322b79b9,Music Is Live 2011 903 id club 陳奕迅 x 楊千嬅 x 梁漢文,live,1,8,song,衣櫃裡的男人,梁漢文,4:18,258066,,69f9e079-c7df-4f8e-80b8-e641ced99a13,https://musicbrainz.org/recording/69f9e079-c7df-4f8e-80b8-e641ced99a13,,MusicBrainz physical release metadata,https://musicbrainz.org/release/d143252b-da65-4ce6-9b5f-37fb322b79b9,False
mb-d143252b-da65-4ce6-9b5f-37fb322b79b9,Music Is Live 2011 903 id club 陳奕迅 x 楊千嬅 x 梁漢文,live,1,9,song,新聞女郎,陳奕迅,4:33,273093,,d96150f3-ba52-4e0c-b8ee-b2f536b55cc8,https://musicbrainz.org/recording/d96150f3-ba52-4e0c-b8ee-b2f536b55cc8,,MusicBrainz physical release metadata,https://musicbrainz.org/release/d143252b-da65-4ce6-9b5f-37fb322b79b9,False
mb-d143252b-da65-4ce6-9b5f-37fb322b79b9,Music Is Live 2011 903 id club 陳奕迅 x 楊千嬅 x 梁漢文,live,1,10,song,呼吸困難,陳奕迅 / 梁漢文,3:50,230306,,ab498562-fe81-4e9e-a680-31b9158578ac,https://musicbrainz.org/recording/ab498562-fe81-4e9e-a680-31b9158578ac,,MusicBrainz physical release metadata,https://musicbrainz.org/release/d143252b-da65-4ce6-9b5f-37fb322b79b9,False
mb-d143252b-da65-4ce6-9b5f-37fb322b79b9,Music Is Live 2011 903 id club 陳奕迅 x 楊千嬅 x 梁漢文,live,1,11,song,如果這一秒鐘你跟我講你不愛我,陳奕迅,7:00,419506,,ac959f11-5b78-4d2c-af9b-cdf1a5f22a3a,https://musicbrainz.org/recording/ac959f11-5b78-4d2c-af9b-cdf1a5f22a3a,,MusicBrainz physical release metadata,https://musicbrainz.org/release/d143252b-da65-4ce6-9b5f-37fb322b79b9,False
mb-d143252b-da65-4ce6-9b5f-37fb322b79b9,Music Is Live 2011 903 id club 陳奕迅 x 楊千嬅 x 梁漢文,live,1,12,song,六月飛霜,陳奕迅,4:30,269706,,f6844e51-4351-4fb7-9d36-ae65c0736a4a,https://musicbrainz.org/recording/f6844e51-4351-4fb7-9d36-ae65c0736a4a,,MusicBrainz physical release metadata,https://musicbrainz.org/release/d143252b-da65-4ce6-9b5f-37fb322b79b9,False
mb-d143252b-da65-4ce6-9b5f-37fb322b79b9,Music Is Live 2011 903 id club 陳奕迅 x 楊千嬅 x 梁漢文,live,2,1,song,傷信,梁漢文,,,,e053d88f-dbf8-4581-8102-10f5f8f6ad1e,https://musicbrainz.org/recording/e053d88f-dbf8-4581-8102-10f5f8f6ad1e,,MusicBrainz physical release metadata,https://musicbrainz.org/release/d143252b-da65-4ce6-9b5f-37fb322b79b9,False
mb-d143252b-da65-4ce6-9b5f-37fb322b79b9,Music Is Live 2011 903 id club 陳奕迅 x 楊千嬅 x 梁漢文,live,2,2,song,洋蔥,楊千嬅,,,,daf4c7e1-99d4-4b8a-b778-692e13c222c2,https://musicbrainz.org/recording/daf4c7e1-99d4-4b8a-b778-692e13c222c2,,MusicBrainz physical release metadata,https://musicbrainz.org/release/d143252b-da65-4ce6-9b5f-37fb322b79b9,False
mb-d143252b-da65-4ce6-9b5f-37fb322b79b9,Music Is Live 2011 903 id club 陳奕迅 x 楊千嬅 x 梁漢文,live,2,3,song,貝多芬與我,陳奕迅,,,,5e056493-0e1c-4960-8281-d8dfd7f7f25f,https://musicbrainz.org/recording/5e056493-0e1c-4960-8281-d8dfd7f7f25f,,MusicBrainz physical release metadata,https://musicbrainz.org/release/d143252b-da65-4ce6-9b5f-37fb322b79b9,False
mb-d143252b-da65-4ce6-9b5f-37fb322b79b9,Music Is Live 2011 903 id club 陳奕迅 x 楊千嬅 x 梁漢文,live,2,4,song,飛女正傳,梁漢文,,,,6973713e-dcfe-497e-ad5f-b7dbbddbc42a,https://musicbrainz.org/recording/6973713e-dcfe-497e-ad5f-b7dbbddbc42a,,MusicBrainz physical release metadata,https://musicbrainz.org/release/d143252b-da65-4ce6-9b5f-37fb322b79b9,False
mb-d143252b-da65-4ce6-9b5f-37fb322b79b9,Music Is Live 2011 903 id club 陳奕迅 x 楊千嬅 x 梁漢文,live,2,5,song,最後的歌,楊千嬅,,,,f80dc0a8-999a-40ce-b06d-9d974f5fb189,https://musicbrainz.org/recording/f80dc0a8-999a-40ce-b06d-9d974f5fb189,,MusicBrainz physical release metadata,https://musicbrainz.org/release/d143252b-da65-4ce6-9b5f-37fb322b79b9,False
mb-d143252b-da65-4ce6-9b5f-37fb322b79b9,Music Is Live 2011 903 id club 陳奕迅 x 楊千嬅 x 梁漢文,live,2,6,song,明年今日,楊千嬅,,,,4d291101-6183-4a24-b629-6be12602cbc5,https://musicbrainz.org/recording/4d291101-6183-4a24-b629-6be12602cbc5,,MusicBrainz physical release metadata,https://musicbrainz.org/release/d143252b-da65-4ce6-9b5f-37fb322b79b9,False
mb-d143252b-da65-4ce6-9b5f-37fb322b79b9,Music Is Live 2011 903 id club 陳奕迅 x 楊千嬅 x 梁漢文,live,2,7,song,狼來了,陳奕迅,,,,07fb25a5-820e-4916-8274-eee176dbf02a,https://musicbrainz.org/recording/07fb25a5-820e-4916-8274-eee176dbf02a,,MusicBrainz physical release metadata,https://musicbrainz.org/release/d143252b-da65-4ce6-9b5f-37fb322b79b9,False
mb-d143252b-da65-4ce6-9b5f-37fb322b79b9,Music Is Live 2011 903 id club 陳奕迅 x 楊千嬅 x 梁漢文,live,2,8,song,我的理想short version,陳奕迅,,,,28c16d75-08a3-4190-9c91-375013e3657a,https://musicbrainz.org/recording/28c16d75-08a3-4190-9c91-375013e3657a,,MusicBrainz physical release metadata,https://musicbrainz.org/release/d143252b-da65-4ce6-9b5f-37fb322b79b9,False
mb-d143252b-da65-4ce6-9b5f-37fb322b79b9,Music Is Live 2011 903 id club 陳奕迅 x 楊千嬅 x 梁漢文,live,2,9,song,i) 其實我記得 ii) 我需要的只是愛,陳奕迅 / 楊千嬅,,,,472ccbad-bc20-4482-bf8e-a62f8ce6b240,https://musicbrainz.org/recording/472ccbad-bc20-4482-bf8e-a62f8ce6b240,,MusicBrainz physical release metadata,https://musicbrainz.org/release/d143252b-da65-4ce6-9b5f-37fb322b79b9,False
mb-d143252b-da65-4ce6-9b5f-37fb322b79b9,Music Is Live 2011 903 id club 陳奕迅 x 楊千嬅 x 梁漢文,live,2,10,song,拔河 (國),陳奕迅 / 梁漢文,,,,95be78aa-4a16-4e24-bad8-af9460172ded,https://musicbrainz.org/recording/95be78aa-4a16-4e24-bad8-af9460172ded,,MusicBrainz physical release metadata,https://musicbrainz.org/release/d143252b-da65-4ce6-9b5f-37fb322b79b9,False
mb-d143252b-da65-4ce6-9b5f-37fb322b79b9,Music Is Live 2011 903 id club 陳奕迅 x 楊千嬅 x 梁漢文,live,2,11,song,滾,楊千嬅 / 梁漢文,,,,f95cb411-8f69-4ad8-a639-5b116ffaa60c,https://musicbrainz.org/recording/f95cb411-8f69-4ad8-a639-5b116ffaa60c,,MusicBrainz physical release metadata,https://musicbrainz.org/release/d143252b-da65-4ce6-9b5f-37fb322b79b9,False
mb-d143252b-da65-4ce6-9b5f-37fb322b79b9,Music Is Live 2011 903 id club 陳奕迅 x 楊千嬅 x 梁漢文,live,2,12,song,大激想,陳奕迅 / 楊千嬅 / 梁漢文,,,,fbb8165c-4c70-4697-8a21-43ca647cbe0f,https://musicbrainz.org/recording/fbb8165c-4c70-4697-8a21-43ca647cbe0f,,MusicBrainz physical release metadata,https://musicbrainz.org/release/d143252b-da65-4ce6-9b5f-37fb322b79b9,False
apple-1443783500,?,studio,1,1,song,孤獨患者,陳奕迅,4:33,273467,1443783507,,https://music.apple.com/hk/album/%E5%AD%A4%E7%8D%A8%E6%82%A3%E8%80%85/1443783500?i=1443783507&uo=4,https://audio-ssl.itunes.apple.com/itunes-assets/AudioPreview211/v4/ce/64/20/ce64207c-35e5-0c0b-bfcd-eb203f9686c8/mzaf_17583496802203491388.plus.aac.p.m4a,Apple iTunes Search API,https://itunes.apple.com/lookup?id=1443783500&entity=song&limit=200&country=hk,False
apple-1443783500,?,studio,1,2,song,哎呀咿呀,陳奕迅,4:13,252813,1443783860,,https://music.apple.com/hk/album/%E5%93%8E%E5%91%80%E5%92%BF%E5%91%80/1443783500?i=1443783860&uo=4,https://audio-ssl.itunes.apple.com/itunes-assets/AudioPreview211/v4/e1/b2/d2/e1b2d2de-9a5f-b236-30bb-749f9bba3074/mzaf_9026228060733956528.plus.aac.p.m4a,Apple iTunes Search API,https://itunes.apple.com/lookup?id=1443783500&entity=song&limit=200&country=hk,False
apple-1443783500,?,studio,1,3,song,看穿,陳奕迅,3:43,222973,1443783866,,https://music.apple.com/hk/album/%E7%9C%8B%E7%A9%BF/1443783500?i=1443783866&uo=4,https://audio-ssl.itunes.apple.com/itunes-assets/AudioPreview211/v4/fb/6b/30/fb6b307a-e532-ebde-56ec-4d2bfc67541f/mzaf_3060367022735403851.plus.aac.p.m4a,Apple iTunes Search API,https://itunes.apple.com/lookup?id=1443783500&entity=song&limit=200&country=hk,False
apple-1443783500,?,studio,1,4,song,吟遊詩人,陳奕迅,4:47,286640,1443783872,,https://music.apple.com/hk/album/%E5%90%9F%E9%81%8A%E8%A9%A9%E4%BA%BA/1443783500?i=1443783872&uo=4,https://audio-ssl.itunes.apple.com/itunes-assets/AudioPreview221/v4/4f/2b/91/4f2b9174-e90e-c067-bd39-a22cac1aa750/mzaf_12419414871983562850.plus.aac.p.m4a,Apple iTunes Search API,https://itunes.apple.com/lookup?id=1443783500&entity=song&limit=200&country=hk,False
apple-1443783500,?,studio,1,5,song,張氏情歌 (粵),陳奕迅,4:07,246733,1443783880,,https://music.apple.com/hk/album/%E5%BC%B5%E6%B0%8F%E6%83%85%E6%AD%8C-%E7%B2%B5/1443783500?i=1443783880&uo=4,https://audio-ssl.itunes.apple.com/itunes-assets/AudioPreview221/v4/64/89/ce/6489ce4c-633d-9573-76fd-c30206c5c186/mzaf_13811556153576166804.plus.aac.p.m4a,Apple iTunes Search API,https://itunes.apple.com/lookup?id=1443783500&entity=song&limit=200&country=hk,False
apple-1443783500,?,studio,1,6,song,Baby Song,陳奕迅,3:19,198507,1443783978,,https://music.apple.com/hk/album/baby-song/1443783500?i=1443783978&uo=4,https://audio-ssl.itunes.apple.com/itunes-assets/AudioPreview211/v4/fe/f4/93/fef4931a-b7c5-7e5d-ba5a-d08671a7d99f/mzaf_11672606111928073769.plus.aac.p.m4a,Apple iTunes Search API,https://itunes.apple.com/lookup?id=1443783500&entity=song&limit=200&country=hk,False
apple-1443783500,?,studio,1,7,song,聽一千遍後,陳奕迅,5:20,319533,1443783986,,https://music.apple.com/hk/album/%E8%81%BD%E4%B8%80%E5%8D%83%E9%81%8D%E5%BE%8C/1443783500?i=1443783986&uo=4,https://audio-ssl.itunes.apple.com/itunes-assets/AudioPreview221/v4/a4/b2/55/a4b255ad-155f-f1ec-55a4-d09d673ce570/mzaf_13350983988806503574.plus.aac.p.m4a,Apple iTunes Search API,https://itunes.apple.com/lookup?id=1443783500&entity=song&limit=200&country=hk,False
apple-1443783500,?,studio,1,8,song,內疚,陳奕迅,4:00,240280,1443783991,,https://music.apple.com/hk/album/%E5%85%A7%E7%96%9A/1443783500?i=1443783991&uo=4,https://audio-ssl.itunes.apple.com/itunes-assets/AudioPreview211/v4/cb/38/a8/cb38a80f-2de7-3dbe-7c58-c03795728912/mzaf_14025241604954953377.plus.aac.p.m4a,Apple iTunes Search API,https://itunes.apple.com/lookup?id=1443783500&entity=song&limit=200&country=hk,False
apple-1443783500,?,studio,1,9,song,還要不要走,陳奕迅,5:53,353280,1443783997,,https://music.apple.com/hk/album/%E9%82%84%E8%A6%81%E4%B8%8D%E8%A6%81%E8%B5%B0/1443783500?i=1443783997&uo=4,https://audio-ssl.itunes.apple.com/itunes-assets/AudioPreview221/v4/36/75/e2/3675e286-4b68-5f36-9bd3-4394b3b80017/mzaf_11896550988730380237.plus.aac.p.m4a,Apple iTunes Search API,https://itunes.apple.com/lookup?id=1443783500&entity=song&limit=200&country=hk,False
apple-1443783500,?,studio,1,10,song,積木,陳奕迅,4:18,257507,1443784365,,https://music.apple.com/hk/album/%E7%A9%8D%E6%9C%A8/1443783500?i=1443784365&uo=4,https://audio-ssl.itunes.apple.com/itunes-assets/AudioPreview211/v4/59/f4/26/59f42625-66ea-1625-53d2-e52f7382511c/mzaf_11620559681571103934.plus.aac.p.m4a,Apple iTunes Search API,https://itunes.apple.com/lookup?id=1443783500&entity=song&limit=200&country=hk,False
apple-1443783500,?,studio,1,11,song,神奇化妝師 (粵),陳奕迅,3:44,223707,1443784379,,https://music.apple.com/hk/album/%E7%A5%9E%E5%A5%87%E5%8C%96%E5%A6%9D%E5%B8%AB-%E7%B2%B5/1443783500?i=1443784379&uo=4,https://audio-ssl.itunes.apple.com/itunes-assets/AudioPreview211/v4/3e/c4/5e/3ec45e80-9e68-1a03-5ae3-7d3ffab06cbc/mzaf_9631010395380357465.plus.aac.p.m4a,Apple iTunes Search API,https://itunes.apple.com/lookup?id=1443783500&entity=song&limit=200&country=hk,False
apple-1443783500,?,studio,1,12,song,Muffin Man (英),陳奕迅,4:21,261133,1443784385,,https://music.apple.com/hk/album/muffin-man-%E8%8B%B1/1443783500?i=1443784385&uo=4,https://audio-ssl.itunes.apple.com/itunes-assets/AudioPreview211/v4/4c/fd/e8/4cfde8c6-a72d-2485-50ef-4c4ddba598a3/mzaf_3852712262153705039.plus.aac.p.m4a,Apple iTunes Search API,https://itunes.apple.com/lookup?id=1443783500&entity=song&limit=200&country=hk,False
apple-1445753233,...3mm,studio,1,1,song,重口味,陳奕迅,3:59,239000,1445753254,,https://music.apple.com/hk/album/%E9%87%8D%E5%8F%A3%E5%91%B3/1445753233?i=1445753254&uo=4,https://audio-ssl.itunes.apple.com/itunes-assets/AudioPreview221/v4/7a/00/10/7a0010fb-3beb-bbb8-5ce5-aa9c335bb5d6/mzaf_10932774092239195844.plus.aac.p.m4a,Apple iTunes Search API,https://itunes.apple.com/lookup?id=1445753233&entity=song&limit=200&country=hk,False
apple-1445753233,...3mm,studio,1,2,song,非禮,陳奕迅,3:13,193000,1445753419,,https://music.apple.com/hk/album/%E9%9D%9E%E7%A6%AE/1445753233?i=1445753419&uo=4,https://audio-ssl.itunes.apple.com/itunes-assets/AudioPreview211/v4/44/75/35/44753589-1479-9a02-28c1-a2d1e44947c7/mzaf_7853243164586417496.plus.aac.p.m4a,Apple iTunes Search API,https://itunes.apple.com/lookup?id=1445753233&entity=song&limit=200&country=hk,False
apple-1445753233,...3mm,studio,1,3,song,Class,陳奕迅,3:13,193000,1445753423,,https://music.apple.com/hk/album/class/1445753233?i=1445753423&uo=4,https://audio-ssl.itunes.apple.com/itunes-assets/AudioPreview221/v4/9a/a4/0e/9aa40e8c-cffe-0965-d36e-7f2aa020f5a1/mzaf_14961036679627434187.plus.aac.p.m4a,Apple iTunes Search API,https://itunes.apple.com/lookup?id=1445753233&entity=song&limit=200&country=hk,False
apple-1445753233,...3mm,studio,1,4,song,碌卡,陳奕迅,3:37,217000,1445753430,,https://music.apple.com/hk/album/%E7%A2%8C%E5%8D%A1/1445753233?i=1445753430&uo=4,https://audio-ssl.itunes.apple.com/itunes-assets/AudioPreview221/v4/61/12/d9/6112d9df-1a45-5546-ea1b-40ebebeafd22/mzaf_13568076188958067672.plus.aac.p.m4a,Apple iTunes Search API,https://itunes.apple.com/lookup?id=1445753233&entity=song&limit=200&country=hk,False
apple-1445753233,...3mm,studio,1,5,song,笑死朕,陳奕迅,3:20,200000,1445753436,,https://music.apple.com/hk/album/%E7%AC%91%E6%AD%BB%E6%9C%95/1445753233?i=1445753436&uo=4,https://audio-ssl.itunes.apple.com/itunes-assets/AudioPreview211/v4/56/dd/78/56dd7883-4487-78d2-2a8c-c1f929f9745e/mzaf_16086968500167067227.plus.aac.p.m4a,Apple iTunes Search API,https://itunes.apple.com/lookup?id=1445753233&entity=song&limit=200&country=hk,False
apple-1445753233,...3mm,studio,1,6,song,蚊,陳奕迅,3:45,225000,1445753741,,https://music.apple.com/hk/album/%E8%9A%8A/1445753233?i=1445753741&uo=4,https://audio-ssl.itunes.apple.com/itunes-assets/AudioPreview221/v4/38/4a/2e/384a2e33-c57c-24be-fbe5-d2f632f1659f/mzaf_15668928771974720239.plus.aac.p.m4a,Apple iTunes Search API,https://itunes.apple.com/lookup?id=1445753233&entity=song&limit=200&country=hk,False
apple-1445753233,...3mm,studio,1,7,song,Let It Out,陳奕迅,4:04,244000,1445753746,,https://music.apple.com/hk/album/let-it-out/1445753233?i=1445753746&uo=4,https://audio-ssl.itunes.apple.com/itunes-assets/AudioPreview211/v4/ae/94/21/ae9421b3-b8b7-f514-f07c-a2d99a45e955/mzaf_84268436218974379.plus.aac.p.m4a,Apple iTunes Search API,https://itunes.apple.com/lookup?id=1445753233&entity=song&limit=200&country=hk,False
apple-1445753233,...3mm,studio,1,8,song,習慣說,陳奕迅,3:48,228000,1445753754,,https://music.apple.com/hk/album/%E7%BF%92%E6%85%A3%E8%AA%AA/1445753233?i=1445753754&uo=4,https://audio-ssl.itunes.apple.com/itunes-assets/AudioPreview211/v4/0a/15/ac/0a15aca5-ee83-c345-b19e-8ca7effb414a/mzaf_6546424683986915800.plus.aac.p.m4a,Apple iTunes Search API,https://itunes.apple.com/lookup?id=1445753233&entity=song&limit=200&country=hk,False
apple-1445753233,...3mm,studio,1,9,song,信任,陳奕迅,3:31,211000,1445753761,,https://music.apple.com/hk/album/%E4%BF%A1%E4%BB%BB/1445753233?i=1445753761&uo=4,https://audio-ssl.itunes.apple.com/itunes-assets/AudioPreview211/v4/a6/5e/3e/a65e3ee8-0b49-2251-daf2-77279f2e90fb/mzaf_1661633965897537295.plus.aac.p.m4a,Apple iTunes Search API,https://itunes.apple.com/lookup?id=1445753233&entity=song&limit=200&country=hk,False
apple-1445753233,...3mm,studio,1,10,song,完,陳奕迅,3:24,204000,1445753767,,https://music.apple.com/hk/album/%E5%AE%8C/1445753233?i=1445753767&uo=4,https://audio-ssl.itunes.apple.com/itunes-assets/AudioPreview221/v4/55/81/87/5581878c-8fb2-5e3b-d1a5-b37a3d036b47/mzaf_8977825708710942022.plus.aac.p.m4a,Apple iTunes Search API,https://itunes.apple.com/lookup?id=1445753233&entity=song&limit=200&country=hk,False
apple-1445753233,...3mm,studio,1,11,music-video,重口味 SPECIAL EDITION,陳奕迅,4:00,239528,1445753983,,https://music.apple.com/hk/music-video/%E9%87%8D%E5%8F%A3%E5%91%B3-special-edition-special-edition/1445753983?uo=4,https://video-ssl.itunes.apple.com/itunes-assets/Video118/v4/e4/f6/6c/e4f66c84-da01-4861-fad1-254c5ab8a439/mzvf_3780471178791408109.1920w.h264lc.U.p.m4v,Apple iTunes Search API,https://itunes.apple.com/lookup?id=1445753233&entity=song&limit=200&country=hk,False
apple-1443067287,...3mm Remix - EP,ep,1,1,song,重口味 (The Headmaster Mix) [陳奕迅 vs. 譚詠麟] [feat. FEATURING 譚詠麟],陳奕迅,3:51,230507,1443067289,,https://music.apple.com/hk/album/%E9%87%8D%E5%8F%A3%E5%91%B3-the-headmaster-mix-%E9%99%B3%E5%A5%95%E8%BF%85-vs-%E8%AD%9A%E8%A9%A0%E9%BA%9F-feat-featuring-%E8%AD%9A%E8%A9%A0%E9%BA%9F/1443067287?i=1443067289&uo=4,https://audio-ssl.itunes.apple.com/itunes-assets/AudioPreview115/v4/d7/5c/0d/d75c0d98-243b-33d1-05de-7adf0f36695b/mzaf_14598700474302041875.plus.aac.p.m4a,Apple iTunes Search API,https://itunes.apple.com/lookup?id=1443067287&entity=song&limit=200&country=hk,False
apple-1443067287,...3mm Remix - EP,ep,1,2,song,非禮 (Rude Mix),陳奕迅,5:22,322013,1443067292,,https://music.apple.com/hk/album/%E9%9D%9E%E7%A6%AE-rude-mix/1443067287?i=1443067292&uo=4,https://audio-ssl.itunes.apple.com/itunes-assets/AudioPreview115/v4/dc/fa/eb/dcfaeb40-0265-9722-ab7d-ed142a74bed9/mzaf_15234555624326377963.plus.aac.p.m4a,Apple iTunes Search API,https://itunes.apple.com/lookup?id=1443067287&entity=song&limit=200&country=hk,False
apple-1443067287,...3mm Remix - EP,ep,1,3,song,碌卡 (Light-Saber Mix),陳奕迅,5:29,329213,1443067293,,https://music.apple.com/hk/album/%E7%A2%8C%E5%8D%A1-light-saber-mix/1443067287?i=1443067293&uo=4,https://audio-ssl.itunes.apple.com/itunes-assets/AudioPreview125/v4/24/d5/16/24d516b2-15cd-8cfb-ecff-a83bb96ce519/mzaf_9699294126864585633.plus.aac.p.m4a,Apple iTunes Search API,https://itunes.apple.com/lookup?id=1443067287&entity=song&limit=200&country=hk,False
apple-1443067287,...3mm Remix - EP,ep,1,4,song,Class (Extended Version),陳奕迅,5:20,320013,1443067294,,https://music.apple.com/hk/album/class-extended-version/1443067287?i=1443067294&uo=4,https://audio-ssl.itunes.apple.com/itunes-assets/AudioPreview125/v4/4f/2f/6d/4f2f6d5f-9261-0873-d47b-2ea0caba2c2b/mzaf_8330921751083222751.plus.aac.p.m4a,Apple iTunes Search API,https://itunes.apple.com/lookup?id=1443067287&entity=song&limit=200&country=hk,False
apple-1443067287,...3mm Remix - EP,ep,1,5,song,重口味 (Special Club Mix),陳奕迅,6:09,369000,1443067296,,https://music.apple.com/hk/album/%E9%87%8D%E5%8F%A3%E5%91%B3-special-club-mix/1443067287?i=1443067296&uo=4,https://audio-ssl.itunes.apple.com/itunes-assets/AudioPreview125/v4/ec/5a/9c/ec5a9c9a-b5cf-54f3-1a7e-e6dac0cffe6b/mzaf_11199960806630781232.plus.aac.p.m4a,Apple iTunes Search API,https://itunes.apple.com/lookup?id=1443067287&entity=song&limit=200&country=hk,False
apple-1629391347,相信自己无限极 - Single,single,1,1,song,相信自己無限極,陳奕迅,3:03,182761,1629391348,,https://music.apple.com/hk/album/%E7%9B%B8%E4%BF%A1%E8%87%AA%E5%B7%B1%E7%84%A1%E9%99%90%E6%A5%B5/1629391347?i=1629391348&uo=4,https://audio-ssl.itunes.apple.com/itunes-assets/AudioPreview112/v4/62/26/10/62261069-6aba-c4ab-e464-f87f78c3fb2d/mzaf_5005787074908981359.plus.aac.p.m4a,Apple iTunes Search API,https://itunes.apple.com/lookup?id=1629391347&entity=song&limit=200&country=hk,False
apple-1443270803,Eason's Life 2013演唱會,live,1,1,song,"今天只做一件事 (Live In Hong Kong, 2013)",Eason Chan,2:24,144267,1443270810,,https://music.apple.com/us/album/%E4%BB%8A%E5%A4%A9%E5%8F%AA%E5%81%9A%E4%B8%80%E4%BB%B6%E4%BA%8B-live-in-hong-kong-2013/1443270803?i=1443270810&uo=4,https://audio-ssl.itunes.apple.com/itunes-assets/AudioPreview115/v4/a4/8e/ca/a48ecae9-2a46-b4db-3414-9e9732043628/mzaf_3151364908165138547.plus.aac.p.m4a,Apple iTunes Search API,https://itunes.apple.com/lookup?id=1443270803&entity=song&limit=200&country=us,False
apple-1443270803,Eason's Life 2013演唱會,live,1,2,song,"L.I.F.E. Overture (Live In Hong Kong, 2013)",Eason Chan,2:26,146027,1443270813,,https://music.apple.com/us/album/l-i-f-e-overture-live-in-hong-kong-2013/1443270803?i=1443270813&uo=4,https://audio-ssl.itunes.apple.com/itunes-assets/AudioPreview118/v4/98/6d/5f/986d5f93-07e5-13da-7ffc-c43934850f72/mzaf_7766694459635929613.plus.aac.p.m4a,Apple iTunes Search API,https://itunes.apple.com/lookup?id=1443270803&entity=song&limit=200&country=us,False
apple-1443270803,Eason's Life 2013演唱會,live,1,3,song,"花花世界 (Live In Hong Kong, 2013)",Eason Chan,4:29,268627,1443270814,,https://music.apple.com/us/album/%E8%8A%B1%E8%8A%B1%E4%B8%96%E7%95%8C-live-in-hong-kong-2013/1443270803?i=1443270814&uo=4,https://audio-ssl.itunes.apple.com/itunes-assets/AudioPreview128/v4/1d/30/0d/1d300d0b-4aa5-35a0-2293-80a0f6c08062/mzaf_8359898767067503494.plus.aac.p.m4a,Apple iTunes Search API,https://itunes.apple.com/lookup?id=1443270803&entity=song&limit=200&country=us,False
apple-1443270803,Eason's Life 2013演唱會,live,1,4,song,"Life Goes On (Live In Hong Kong, 2013)",Eason Chan,3:47,226867,1443270816,,https://music.apple.com/us/album/life-goes-on-live-in-hong-kong-2013/1443270803?i=1443270816&uo=4,https://audio-ssl.itunes.apple.com/itunes-assets/AudioPreview128/v4/37/27/7f/37277f7c-8b46-286d-c044-34779d1ec5c4/mzaf_7968502620004259332.plus.aac.p.m4a,Apple iTunes Search API,https://itunes.apple.com/lookup?id=1443270803&entity=song&limit=200&country=us,False
apple-1443270803,Eason's Life 2013演唱會,live,1,5,song,"每一個明天 (Live In Hong Kong, 2013)",Eason Chan,4:26,266067,1443270818,,https://music.apple.com/us/album/%E6%AF%8F%E4%B8%80%E5%80%8B%E6%98%8E%E5%A4%A9-live-in-hong-kong-2013/1443270803?i=1443270818&uo=4,https://audio-ssl.itunes.apple.com/itunes-assets/AudioPreview115/v4/59/d5/99/59d59950-6575-8754-2054-c1404b99937f/mzaf_17952430537806743161.plus.aac.p.m4a,Apple iTunes Search API,https://itunes.apple.com/lookup?id=1443270803&entity=song&limit=200&country=us,False
apple-1443270803,Eason's Life 2013演唱會,live,1,6,song,"美滿人生 (Live In Hong Kong, 2013)",Eason Chan,4:00,239667,1443270820,,https://music.apple.com/us/album/%E7%BE%8E%E6%BB%BF%E4%BA%BA%E7%94%9F-live-in-hong-kong-2013/1443270803?i=1443270820&uo=4,https://audio-ssl.itunes.apple.com/itunes-assets/AudioPreview128/v4/12/45/db/1245dbfb-117f-daf9-2d16-d643f16d4212/mzaf_5336787710605739720.plus.aac.p.m4a,Apple iTunes Search API,https://itunes.apple.com/lookup?id=1443270803&entity=song&limit=200&country=us,False
apple-1443270803,Eason's Life 2013演唱會,live,1,7,song,"Welcome To The Future (Live In Hong Kong, 2013)",Eason Chan,5:01,300987,1443270912,,https://music.apple.com/us/album/welcome-to-the-future-live-in-hong-kong-2013/1443270803?i=1443270912&uo=4,https://audio-ssl.itunes.apple.com/itunes-assets/AudioPreview128/v4/4a/84/4b/4a844b48-bb85-ad2e-30e5-bccdc7566745/mzaf_9119617855060150099.plus.aac.p.m4a,Apple iTunes Search API,https://itunes.apple.com/lookup?id=1443270803&entity=song&limit=200&country=us,False
apple-1443270803,Eason's Life 2013演唱會,live,1,8,song,"時代巨輪 (Live In Hong Kong, 2013)",Eason Chan,3:53,232613,1443270917,,https://music.apple.com/us/album/%E6%99%82%E4%BB%A3%E5%B7%A8%E8%BC%AA-live-in-hong-kong-2013/1443270803?i=1443270917&uo=4,https://audio-ssl.itunes.apple.com/itunes-assets/AudioPreview118/v4/7b/6f/16/7b6f163e-ec4f-d1f3-74fc-035929f8214b/mzaf_5612864840754317052.plus.aac.p.m4a,Apple iTunes Search API,https://itunes.apple.com/lookup?id=1443270803&entity=song&limit=200&country=us,False
apple-1443270803,Eason's Life 2013演唱會,live,1,9,song,"大人 (Live In Hong Kong, 2013)",Eason Chan,3:05,184960,1443270919,,https://music.apple.com/us/album/%E5%A4%A7%E4%BA%BA-live-in-hong-kong-2013/1443270803?i=1443270919&uo=4,https://audio-ssl.itunes.apple.com/itunes-assets/AudioPreview118/v4/38/10/c6/3810c618-3e51-863a-dd4f-dffd62102229/mzaf_3554465919266868398.plus.aac.p.m4a,Apple iTunes Search API,https://itunes.apple.com/lookup?id=1443270803&entity=song&limit=200&country=us,False
apple-1443270803,Eason's Life 2013演唱會,live,1,10,song,"碌卡 (Live In Hong Kong, 2013)",Eason Chan,3:37,217173,1443270921,,https://music.apple.com/us/album/%E7%A2%8C%E5%8D%A1-live-in-hong-kong-2013/1443270803?i=1443270921&uo=4,https://audio-ssl.itunes.apple.com/itunes-assets/AudioPreview118/v4/3b/a2/21/3ba221e7-1f7e-97aa-b230-442a0db6a328/mzaf_517822318514455855.plus.aac.p.m4a,Apple iTunes Search API,https://itunes.apple.com/lookup?id=1443270803&entity=song&limit=200&country=us,False
apple-1443270803,Eason's Life 2013演唱會,live,2,1,song,"Stranger Under My Skin (Live In Hong Kong, 2013)",Eason Chan,4:10,250040,1443270925,,https://music.apple.com/us/album/stranger-under-my-skin-live-in-hong-kong-2013/1443270803?i=1443270925&uo=4,https://audio-ssl.itunes.apple.com/itunes-assets/AudioPreview118/v4/86/16/10/86161002-ea7d-291f-cc3c-dce61049be99/mzaf_7312908076573951350.plus.aac.p.m4a,Apple iTunes Search API,https://itunes.apple.com/lookup?id=1443270803&entity=song&limit=200&country=us,False
apple-1443270803,Eason's Life 2013演唱會,live,2,2,song,"幸福摩天輪 (Live In Hong Kong, 2013)",Eason Chan,3:27,207027,1443270929,,https://music.apple.com/us/album/%E5%B9%B8%E7%A6%8F%E6%91%A9%E5%A4%A9%E8%BC%AA-live-in-hong-kong-2013/1443270803?i=1443270929&uo=4,https://audio-ssl.itunes.apple.com/itunes-assets/AudioPreview118/v4/53/36/54/533654ea-acb0-3d0e-4623-d2939279e0d9/mzaf_8446741623718522891.plus.aac.p.m4a,Apple iTunes Search API,https://itunes.apple.com/lookup?id=1443270803&entity=song&limit=200&country=us,False
apple-1443270803,Eason's Life 2013演唱會,live,2,3,song,"信任 (Live In Hong Kong, 2013)",Eason Chan,3:39,219013,1443270932,,https://music.apple.com/us/album/%E4%BF%A1%E4%BB%BB-live-in-hong-kong-2013/1443270803?i=1443270932&uo=4,https://audio-ssl.itunes.apple.com/itunes-assets/AudioPreview115/v4/6a/e2/b0/6ae2b006-4522-d0d9-6222-91ae454a1feb/mzaf_13162500773711951430.plus.aac.p.m4a,Apple iTunes Search API,https://itunes.apple.com/lookup?id=1443270803&entity=song&limit=200&country=us,False
apple-1443270803,Eason's Life 2013演唱會,live,2,4,song,"時光倒流二十年 (Live In Hong Kong, 2013)",Eason Chan,3:45,225453,1443270936,,https://music.apple.com/us/album/%E6%99%82%E5%85%89%E5%80%92%E6%B5%81%E4%BA%8C%E5%8D%81%E5%B9%B4-live-in-hong-kong-2013/1443270803?i=1443270936&uo=4,https://audio-ssl.itunes.apple.com/itunes-assets/AudioPreview125/v4/ca/cf/62/cacf6270-537e-6d80-2e32-6c1071522c0c/mzaf_9374716691806139044.plus.aac.p.m4a,Apple iTunes Search API,https://itunes.apple.com/lookup?id=1443270803&entity=song&limit=200&country=us,False
apple-1443270803,Eason's Life 2013演唱會,live,2,5,song,"夕陽無限好 (Live In Hong Kong, 2013)",Eason Chan,4:06,246293,1443270938,,https://music.apple.com/us/album/%E5%A4%95%E9%99%BD%E7%84%A1%E9%99%90%E5%A5%BD-live-in-hong-kong-2013/1443270803?i=1443270938&uo=4,https://audio-ssl.itunes.apple.com/itunes-assets/AudioPreview115/v4/4b/a9/eb/4ba9ebd9-91b5-1544-f7a0-d9617cf1ad65/mzaf_10227977511301402850.plus.aac.p.m4a,Apple iTunes Search API,https://itunes.apple.com/lookup?id=1443270803&entity=song&limit=200&country=us,False
apple-1443270803,Eason's Life 2013演唱會,live,2,6,song,"今日 (Live In Hong Kong, 2013)",Eason Chan,4:49,288627,1443271031,,https://music.apple.com/us/album/%E4%BB%8A%E6%97%A5-live-in-hong-kong-2013/1443270803?i=1443271031&uo=4,https://audio-ssl.itunes.apple.com/itunes-assets/AudioPreview115/v4/f5/3c/94/f53c9495-143e-4eee-4ac7-23a2c1871f15/mzaf_1179691573064144972.plus.aac.p.m4a,Apple iTunes Search API,https://itunes.apple.com/lookup?id=1443270803&entity=song&limit=200&country=us,False
apple-1443270803,Eason's Life 2013演唱會,live,2,7,song,"我的快樂時代 (Live In Hong Kong, 2013)",Eason Chan,3:59,239347,1443271035,,https://music.apple.com/us/album/%E6%88%91%E7%9A%84%E5%BF%AB%E6%A8%82%E6%99%82%E4%BB%A3-live-in-hong-kong-2013/1443270803?i=1443271035&uo=4,https://audio-ssl.itunes.apple.com/itunes-assets/AudioPreview118/v4/80/aa/dd/80aadd04-cd0d-35cb-6c2f-860f028430e9/mzaf_6604613234766122796.plus.aac.p.m4a,Apple iTunes Search API,https://itunes.apple.com/lookup?id=1443270803&entity=song&limit=200&country=us,False
apple-1443270803,Eason's Life 2013演唱會,live,2,8,song,"天下無雙 (Live In Hong Kong, 2013)",Eason Chan,4:23,263160,1443271037,,https://music.apple.com/us/album/%E5%A4%A9%E4%B8%8B%E7%84%A1%E9%9B%99-live-in-hong-kong-2013/1443270803?i=1443271037&uo=4,https://audio-ssl.itunes.apple.com/itunes-assets/AudioPreview128/v4/e3/5f/c2/e35fc2b7-a1c4-9efb-c8db-77524f5cb6ff/mzaf_507130890485199199.plus.aac.p.m4a,Apple iTunes Search API,https://itunes.apple.com/lookup?id=1443270803&entity=song&limit=200&country=us,False
apple-1443270803,Eason's Life 2013演唱會,live,2,9,song,"與我常在 (Live In Hong Kong, 2013)",Eason Chan,4:50,289893,1443271040,,https://music.apple.com/us/album/%E8%88%87%E6%88%91%E5%B8%B8%E5%9C%A8-live-in-hong-kong-2013/1443270803?i=1443271040&uo=4,https://audio-ssl.itunes.apple.com/itunes-assets/AudioPreview125/v4/e5/ed/da/e5eddab7-dd53-7c75-1ac8-ea2b97b7cafd/mzaf_5714370681497919410.plus.aac.p.m4a,Apple iTunes Search API,https://itunes.apple.com/lookup?id=1443270803&entity=song&limit=200&country=us,False
apple-1443270803,Eason's Life 2013演唱會,live,2,10,song,"床頭床尾 (Live In Hong Kong, 2013)",Eason Chan,4:09,249120,1443271043,,https://music.apple.com/us/album/%E5%BA%8A%E9%A0%AD%E5%BA%8A%E5%B0%BE-live-in-hong-kong-2013/1443270803?i=1443271043&uo=4,https://audio-ssl.itunes.apple.com/itunes-assets/AudioPreview125/v4/9a/55/6a/9a556a2e-a7e0-e235-850c-97537d9923fb/mzaf_17951448057536987775.plus.aac.p.m4a,Apple iTunes Search API,https://itunes.apple.com/lookup?id=1443270803&entity=song&limit=200&country=us,False
apple-1443270803,Eason's Life 2013演唱會,live,2,11,song,"主旋律 (Live In Hong Kong, 2013)",Eason Chan,4:56,295680,1443271047,,https://music.apple.com/us/album/%E4%B8%BB%E6%97%8B%E5%BE%8B-live-in-hong-kong-2013/1443270803?i=1443271047&uo=4,https://audio-ssl.itunes.apple.com/itunes-assets/AudioPreview118/v4/ba/05/75/ba057573-1c52-d549-9f32-678728750c3b/mzaf_8369778706782697043.plus.aac.p.m4a,Apple iTunes Search API,https://itunes.apple.com/lookup?id=1443270803&entity=song&limit=200&country=us,False
apple-1445126987,"同舟之情 (""家是香港""運動主題曲) - Single",single,1,1,song,"同舟之情 (""家是香港""運動主題曲)",張學友 & 陳奕迅,4:24,264000,1445126991,,https://music.apple.com/hk/album/%E5%90%8C%E8%88%9F%E4%B9%8B%E6%83%85-%E5%AE%B6%E6%98%AF%E9%A6%99%E6%B8%AF-%E9%81%8B%E5%8B%95%E4%B8%BB%E9%A1%8C%E6%9B%B2/1445126987?i=1445126991&uo=4,https://audio-ssl.itunes.apple.com/itunes-assets/AudioPreview125/v4/9e/e1/5c/9ee15c3c-3bb7-9ec3-cc60-484de3958618/mzaf_7498031981939486714.plus.aac.p.m4a,Apple iTunes Search API,https://itunes.apple.com/lookup?id=1445126987&entity=song&limit=200&country=hk,False
apple-1494882271,穩穩的幸福 - Single,single,1,1,song,穩穩的幸福,陳奕迅,3:43,223149,1494882274,,https://music.apple.com/hk/album/%E7%A9%A9%E7%A9%A9%E7%9A%84%E5%B9%B8%E7%A6%8F/1494882271?i=1494882274&uo=4,https://audio-ssl.itunes.apple.com/itunes-assets/AudioPreview125/v4/2a/e4/d9/2ae4d9f2-7581-e00d-f6fe-e57eaffa6c2a/mzaf_2421723450980330926.plus.aac.p.m4a,Apple iTunes Search API,https://itunes.apple.com/lookup?id=1494882271&entity=song&limit=200&country=hk,False
apple-1494891188,穩穩的幸福 - Single,single,1,1,song,稳稳的幸福,陈奕迅,3:43,223149,1494891191,,https://music.apple.com/cn/album/%E7%A8%B3%E7%A8%B3%E7%9A%84%E5%B9%B8%E7%A6%8F/1494891188?i=1494891191,https://audio-ssl.itunes.apple.com/itunes-assets/AudioPreview221/v4/97/a4/df/97a4dfba-0bc0-1ffe-f175-d8a57ca732e7/mzaf_16816127988744019840.plus.aac.p.m4a,Apple Music public album page,https://music.apple.com/cn/album/%E7%A9%A9%E7%A9%A9%E7%9A%84%E5%B9%B8%E7%A6%8F-single/1494891188?uo=4,True
apple-1494890046,光輝歲月 - Single,single,1,1,song,光輝歲月,陳奕迅,4:02,241667,1494890055,,https://music.apple.com/hk/album/%E5%85%89%E8%BC%9D%E6%AD%B2%E6%9C%88/1494890046?i=1494890055&uo=4,https://audio-ssl.itunes.apple.com/itunes-assets/AudioPreview115/v4/1b/46/26/1b4626e9-21d8-50b6-96be-60e61b49f199/mzaf_10196443137547833963.plus.aac.p.m4a,Apple iTunes Search API,https://itunes.apple.com/lookup?id=1494890046&entity=song&limit=200&country=hk,False
apple-651455891,陳奕迅 國語精選,compilation,1,1,song,十年,陳奕迅,3:26,205600,651456011,,https://music.apple.com/hk/album/%E5%8D%81%E5%B9%B4/651455891?i=651456011&uo=4,https://audio-ssl.itunes.apple.com/itunes-assets/AudioPreview221/v4/2d/ac/f3/2dacf39e-5ea3-6bb0-b3d7-9ae7698a3766/mzaf_17074639237948685456.plus.aac.p.m4a,Apple iTunes Search API,https://itunes.apple.com/lookup?id=651455891&entity=song&limit=200&country=hk,False
apple-651455891,陳奕迅 國語精選,compilation,1,2,song,兄妹,陳奕迅,3:30,210000,651456019,,https://music.apple.com/hk/album/%E5%85%84%E5%A6%B9/651455891?i=651456019&uo=4,https://audio-ssl.itunes.apple.com/itunes-assets/AudioPreview211/v4/e5/af/10/e5af10f6-0bc0-7871-31c9-17784e79f0d9/mzaf_10526529366791142867.plus.aac.p.m4a,Apple iTunes Search API,https://itunes.apple.com/lookup?id=651455891&entity=song&limit=200&country=hk,False
apple-651455891,陳奕迅 國語精選,compilation,1,3,song,謝謝儂,陳奕迅,4:22,262280,651456025,,https://music.apple.com/hk/album/%E8%AC%9D%E8%AC%9D%E5%84%82/651455891?i=651456025&uo=4,https://audio-ssl.itunes.apple.com/itunes-assets/AudioPreview211/v4/0e/8c/fd/0e8cfd82-dd43-055b-bcce-6c66e11855ea/mzaf_13617688751496008720.plus.aac.p.m4a,Apple iTunes Search API,https://itunes.apple.com/lookup?id=651455891&entity=song&limit=200&country=hk,False
apple-651455891,陳奕迅 國語精選,compilation,1,4,song,我們都寂寞,陳奕迅,4:53,292933,651456030,,https://music.apple.com/hk/album/%E6%88%91%E5%80%91%E9%83%BD%E5%AF%82%E5%AF%9E/651455891?i=651456030&uo=4,https://audio-ssl.itunes.apple.com/itunes-assets/AudioPreview211/v4/3e/db/ae/3edbaeff-0d68-98c3-ab08-13a39ac6202b/mzaf_9114032464757067527.plus.aac.p.m4a,Apple iTunes Search API,https://itunes.apple.com/lookup?id=651455891&entity=song&limit=200&country=hk,False
apple-651455891,陳奕迅 國語精選,compilation,1,5,song,你的背包,陳奕迅,3:59,238693,651456031,,https://music.apple.com/hk/album/%E4%BD%A0%E7%9A%84%E8%83%8C%E5%8C%85/651455891?i=651456031&uo=4,https://audio-ssl.itunes.apple.com/itunes-assets/AudioPreview211/v4/29/1c/9b/291c9bc5-b44f-9220-f218-268a4bc707fa/mzaf_5214143861721141170.plus.aac.p.m4a,Apple iTunes Search API,https://itunes.apple.com/lookup?id=651455891&entity=song&limit=200&country=hk,False
apple-651455891,陳奕迅 國語精選,compilation,1,6,song,要你的,陳奕迅,3:43,222853,651456032,,https://music.apple.com/hk/album/%E8%A6%81%E4%BD%A0%E7%9A%84/651455891?i=651456032&uo=4,https://audio-ssl.itunes.apple.com/itunes-assets/AudioPreview211/v4/ac/d0/bc/acd0bc13-d0f5-5a4c-c0dc-a26b3765a4fe/mzaf_6712675261713868274.plus.aac.p.m4a,Apple iTunes Search API,https://itunes.apple.com/lookup?id=651455891&entity=song&limit=200&country=hk,False
apple-651455891,陳奕迅 國語精選,compilation,1,7,song,Last Order,陳奕迅,3:58,238000,651456033,,https://music.apple.com/hk/album/last-order/651455891?i=651456033&uo=4,https://audio-ssl.itunes.apple.com/itunes-assets/AudioPreview211/v4/07/2b/e0/072be039-7843-d9a0-39f1-98ea58316b94/mzaf_3993098710424176956.plus.aac.p.m4a,Apple iTunes Search API,https://itunes.apple.com/lookup?id=651455891&entity=song&limit=200&country=hk,False
apple-651455891,陳奕迅 國語精選,compilation,1,8,song,愛是懷疑,陳奕迅,4:35,274560,651456034,,https://music.apple.com/hk/album/%E6%84%9B%E6%98%AF%E6%87%B7%E7%96%91/651455891?i=651456034&uo=4,https://audio-ssl.itunes.apple.com/itunes-assets/AudioPreview211/v4/8d/0a/f3/8d0af3e3-4164-9316-fe08-d19d66f738e3/mzaf_5390047046616330287.plus.aac.p.m4a,Apple iTunes Search API,https://itunes.apple.com/lookup?id=651455891&entity=song&limit=200&country=hk,False
apple-651455891,陳奕迅 國語精選,compilation,1,9,song,K歌之王,陳奕迅,3:39,218667,651456035,,https://music.apple.com/hk/album/k%E6%AD%8C%E4%B9%8B%E7%8E%8B/651455891?i=651456035&uo=4,https://audio-ssl.itunes.apple.com/itunes-assets/AudioPreview221/v4/b0/cd/af/b0cdafc1-438e-6615-6151-8ded7b2a0677/mzaf_3140694325255467275.plus.aac.p.m4a,Apple iTunes Search API,https://itunes.apple.com/lookup?id=651455891&entity=song&limit=200&country=hk,False
apple-651455891,陳奕迅 國語精選,compilation,1,10,song,低等動物,陳奕迅,4:20,260093,651456036,,https://music.apple.com/hk/album/%E4%BD%8E%E7%AD%89%E5%8B%95%E7%89%A9/651455891?i=651456036&uo=4,https://audio-ssl.itunes.apple.com/itunes-assets/AudioPreview211/v4/62/56/a6/6256a652-e53b-da5a-68bf-cff8e2671fd3/mzaf_8658166323369187610.plus.aac.p.m4a,Apple iTunes Search API,https://itunes.apple.com/lookup?id=651455891&entity=song&limit=200&country=hk,False
apple-651455891,陳奕迅 國語精選,compilation,1,11,song,寂寞奏鳴曲,陳奕迅,3:35,215053,651456037,,https://music.apple.com/hk/album/%E5%AF%82%E5%AF%9E%E5%A5%8F%E9%B3%B4%E6%9B%B2/651455891?i=651456037&uo=4,https://audio-ssl.itunes.apple.com/itunes-assets/AudioPreview211/v4/00/43/0f/00430f31-244f-b0a8-3cc7-47325f0b0e55/mzaf_17912696142817127236.plus.aac.p.m4a,Apple iTunes Search API,https://itunes.apple.com/lookup?id=651455891&entity=song&limit=200&country=hk,False
apple-651455891,陳奕迅 國語精選,compilation,1,12,song,世界,陳奕迅,4:22,261813,651456038,,https://music.apple.com/hk/album/%E4%B8%96%E7%95%8C/651455891?i=651456038&uo=4,https://audio-ssl.itunes.apple.com/itunes-assets/AudioPreview211/v4/ed/20/cf/ed20cfed-32ba-d30c-7de2-a166d386a06d/mzaf_3871564549224843499.plus.aac.p.m4a,Apple iTunes Search API,https://itunes.apple.com/lookup?id=651455891&entity=song&limit=200&country=hk,False
apple-651455891,陳奕迅 國語精選,compilation,1,13,song,像一句廣告,陳奕迅,4:01,241427,651456039,,https://music.apple.com/hk/album/%E5%83%8F%E4%B8%80%E5%8F%A5%E5%BB%A3%E5%91%8A/651455891?i=651456039&uo=4,https://audio-ssl.itunes.apple.com/itunes-assets/AudioPreview221/v4/52/2f/51/522f51d8-33cd-5bb8-f01e-6850fa0eb8db/mzaf_16438230334043064150.plus.aac.p.m4a,Apple iTunes Search API,https://itunes.apple.com/lookup?id=651455891&entity=song&limit=200&country=hk,False
apple-651455891,陳奕迅 國語精選,compilation,1,14,song,沒有手機的日子,陳奕迅,4:29,268707,651456040,,https://music.apple.com/hk/album/%E6%B2%92%E6%9C%89%E6%89%8B%E6%A9%9F%E7%9A%84%E6%97%A5%E5%AD%90/651455891?i=651456040&uo=4,https://audio-ssl.itunes.apple.com/itunes-assets/AudioPreview211/v4/c1/9c/cb/c19ccba8-109e-73b8-b280-5998d76df963/mzaf_75910579843733915.plus.aac.p.m4a,Apple iTunes Search API,https://itunes.apple.com/lookup?id=651455891&entity=song&limit=200&country=hk,False
apple-651455891,陳奕迅 國語精選,compilation,1,15,song,不如這樣,陳奕迅,4:43,282587,651456041,,https://music.apple.com/hk/album/%E4%B8%8D%E5%A6%82%E9%80%99%E6%A8%A3/651455891?i=651456041&uo=4,https://audio-ssl.itunes.apple.com/itunes-assets/AudioPreview211/v4/32/d1/4a/32d14a8b-3d25-63c5-3e71-e222590f70c6/mzaf_7651634792105132127.plus.aac.p.m4a,Apple iTunes Search API,https://itunes.apple.com/lookup?id=651455891&entity=song&limit=200&country=hk,False
apple-651455891,陳奕迅 國語精選,compilation,1,16,song,沒有你,陳奕迅,4:28,268107,651456042,,https://music.apple.com/hk/album/%E6%B2%92%E6%9C%89%E4%BD%A0/651455891?i=651456042&uo=4,https://audio-ssl.itunes.apple.com/itunes-assets/AudioPreview211/v4/20/e7/ae/20e7ae0a-84ec-c7f6-c672-9cfea5ffe78a/mzaf_561884772884855997.plus.aac.p.m4a,Apple iTunes Search API,https://itunes.apple.com/lookup?id=651455891&entity=song&limit=200&country=hk,False
apple-651455891,陳奕迅 國語精選,compilation,1,17,song,我也不會那麼做,陳奕迅,4:26,265933,651456043,,https://music.apple.com/hk/album/%E6%88%91%E4%B9%9F%E4%B8%8D%E6%9C%83%E9%82%A3%E9%BA%BC%E5%81%9A/651455891?i=651456043&uo=4,https://audio-ssl.itunes.apple.com/itunes-assets/AudioPreview211/v4/b8/c3/1a/b8c31a64-f049-3e2e-26cf-21cfc781797c/mzaf_1699997307099207903.plus.aac.p.m4a,Apple iTunes Search API,https://itunes.apple.com/lookup?id=651455891&entity=song&limit=200&country=hk,False
apple-651449675,陳奕迅 廣東精選,compilation,1,1,song,十面埋伏,陳奕迅,3:52,232480,651449677,,https://music.apple.com/hk/album/%E5%8D%81%E9%9D%A2%E5%9F%8B%E4%BC%8F/651449675?i=651449677&uo=4,https://audio-ssl.itunes.apple.com/itunes-assets/AudioPreview221/v4/94/44/f6/9444f625-5423-5e9d-d0ea-1113e7d5242d/mzaf_11664107323319971561.plus.aac.p.m4a,Apple iTunes Search API,https://itunes.apple.com/lookup?id=651449675&entity=song&limit=200&country=hk,False
apple-651449675,陳奕迅 廣東精選,compilation,1,2,song,明年今日,陳奕迅,3:25,205253,651449678,,https://music.apple.com/hk/album/%E6%98%8E%E5%B9%B4%E4%BB%8A%E6%97%A5/651449675?i=651449678&uo=4,https://audio-ssl.itunes.apple.com/itunes-assets/AudioPreview221/v4/1a/8f/d8/1a8fd8bc-99a5-0f6b-1533-4479165ec8a9/mzaf_6985272750580155893.plus.aac.p.m4a,Apple iTunes Search API,https://itunes.apple.com/lookup?id=651449675&entity=song&limit=200&country=hk,False
apple-651449675,陳奕迅 廣東精選,compilation,1,3,song,K歌之王,陳奕迅,3:44,223600,651449679,,https://music.apple.com/hk/album/k%E6%AD%8C%E4%B9%8B%E7%8E%8B/651449675?i=651449679&uo=4,https://audio-ssl.itunes.apple.com/itunes-assets/AudioPreview221/v4/3b/31/fc/3b31fc54-2c89-8e99-df5f-8bdd57affad1/mzaf_1739004994317133440.plus.aac.p.m4a,Apple iTunes Search API,https://itunes.apple.com/lookup?id=651449675&entity=song&limit=200&country=hk,False
apple-651449675,陳奕迅 廣東精選,compilation,1,4,song,歲月如歌,陳奕迅,3:30,209720,651449680,,https://music.apple.com/hk/album/%E6%AD%B2%E6%9C%88%E5%A6%82%E6%AD%8C/651449675?i=651449680&uo=4,https://audio-ssl.itunes.apple.com/itunes-assets/AudioPreview221/v4/ac/03/a9/ac03a9fc-a264-7c4b-29ae-6f3a3b170c0e/mzaf_10551367843513048506.plus.aac.p.m4a,Apple iTunes Search API,https://itunes.apple.com/lookup?id=651449675&entity=song&limit=200&country=hk,False
apple-651449675,陳奕迅 廣東精選,compilation,1,5,song,Shall We Talk,陳奕迅,3:47,226587,651449681,,https://music.apple.com/hk/album/shall-we-talk/651449675?i=651449681&uo=4,https://audio-ssl.itunes.apple.com/itunes-assets/AudioPreview221/v4/af/00/a8/af00a8f2-a4fe-5817-57d8-ec5f2ceb2c90/mzaf_6936760737120508263.plus.aac.p.m4a,Apple iTunes Search API,https://itunes.apple.com/lookup?id=651449675&entity=song&limit=200&country=hk,False
apple-651449675,陳奕迅 廣東精選,compilation,1,6,song,打得火熱,陳奕迅,3:17,197227,651449682,,https://music.apple.com/hk/album/%E6%89%93%E5%BE%97%E7%81%AB%E7%86%B1/651449675?i=651449682&uo=4,https://audio-ssl.itunes.apple.com/itunes-assets/AudioPreview211/v4/65/4b/01/654b0199-aad4-68ef-4e1e-f45e556c98fd/mzaf_5799906784733901101.plus.aac.p.m4a,Apple iTunes Search API,https://itunes.apple.com/lookup?id=651449675&entity=song&limit=200&country=hk,False
apple-651449675,陳奕迅 廣東精選,compilation,1,7,song,人來人往,陳奕迅,3:53,233133,651449683,,https://music.apple.com/hk/album/%E4%BA%BA%E4%BE%86%E4%BA%BA%E5%BE%80/651449675?i=651449683&uo=4,https://audio-ssl.itunes.apple.com/itunes-assets/AudioPreview211/v4/b7/f8/62/b7f86249-cdb7-2619-e253-d71459f4d569/mzaf_16976040047676925542.plus.aac.p.m4a,Apple iTunes Search API,https://itunes.apple.com/lookup?id=651449675&entity=song&limit=200&country=hk,False
apple-651449675,陳奕迅 廣東精選,compilation,1,8,song,1874,陳奕迅,3:50,230453,651449684,,https://music.apple.com/hk/album/1874/651449675?i=651449684&uo=4,https://audio-ssl.itunes.apple.com/itunes-assets/AudioPreview221/v4/26/7c/da/267cda9b-5bba-7c1c-889f-04e71bba129a/mzaf_8701691978894802491.plus.aac.p.m4a,Apple iTunes Search API,https://itunes.apple.com/lookup?id=651449675&entity=song&limit=200&country=hk,False
apple-651449675,陳奕迅 廣東精選,compilation,1,9,song,單車,陳奕迅,3:29,208627,651449685,,https://music.apple.com/hk/album/%E5%96%AE%E8%BB%8A/651449675?i=651449685&uo=4,https://audio-ssl.itunes.apple.com/itunes-assets/AudioPreview211/v4/39/f8/28/39f828e6-063b-e33b-1d3d-6a6b10c7fa21/mzaf_11828443494933378865.plus.aac.p.m4a,Apple iTunes Search API,https://itunes.apple.com/lookup?id=651449675&entity=song&limit=200&country=hk,False
apple-651449675,陳奕迅 廣東精選,compilation,1,10,song,忘記歌詞,陳奕迅,3:37,216733,651449686,,https://music.apple.com/hk/album/%E5%BF%98%E8%A8%98%E6%AD%8C%E8%A9%9E/651449675?i=651449686&uo=4,https://audio-ssl.itunes.apple.com/itunes-assets/AudioPreview221/v4/c2/c1/3d/c2c13d4d-bfb1-9cd2-52e6-36b3549649e8/mzaf_1049362615091403631.plus.aac.p.m4a,Apple iTunes Search API,https://itunes.apple.com/lookup?id=651449675&entity=song&limit=200&country=hk,False
apple-651449675,陳奕迅 廣東精選,compilation,1,11,song,給愛麗斯,陳奕迅,3:31,211013,651449687,,https://music.apple.com/hk/album/%E7%B5%A6%E6%84%9B%E9%BA%97%E6%96%AF/651449675?i=651449687&uo=4,https://audio-ssl.itunes.apple.com/itunes-assets/AudioPreview211/v4/5b/f4/85/5bf48545-e110-ba47-0127-d9ec58996103/mzaf_4569959963665354443.plus.aac.p.m4a,Apple iTunes Search API,https://itunes.apple.com/lookup?id=651449675&entity=song&limit=200&country=hk,False
apple-651449675,陳奕迅 廣東精選,compilation,1,12,song,綿綿,陳奕迅,4:05,245373,651449688,,https://music.apple.com/hk/album/%E7%B6%BF%E7%B6%BF/651449675?i=651449688&uo=4,https://audio-ssl.itunes.apple.com/itunes-assets/AudioPreview211/v4/e9/c2/f1/e9c2f16f-e767-ce9a-dcf5-df9f717bf566/mzaf_14375502975031581729.plus.aac.p.m4a,Apple iTunes Search API,https://itunes.apple.com/lookup?id=651449675&entity=song&limit=200&country=hk,False
apple-651449675,陳奕迅 廣東精選,compilation,1,13,song,Lonely Christmas,陳奕迅,4:41,280840,651449909,,https://music.apple.com/hk/album/lonely-christmas/651449675?i=651449909&uo=4,https://audio-ssl.itunes.apple.com/itunes-assets/AudioPreview221/v4/bf/18/d0/bf18d0b1-33df-8ca6-26b2-8421f7b98551/mzaf_10861348471215118125.plus.aac.p.m4a,Apple iTunes Search API,https://itunes.apple.com/lookup?id=651449675&entity=song&limit=200&country=hk,False
apple-651449675,陳奕迅 廣東精選,compilation,1,14,song,孤獨探戈,陳奕迅,3:24,204307,651449910,,https://music.apple.com/hk/album/%E5%AD%A4%E7%8D%A8%E6%8E%A2%E6%88%88/651449675?i=651449910&uo=4,https://audio-ssl.itunes.apple.com/itunes-assets/AudioPreview221/v4/0a/66/69/0a66698b-135c-0ae1-0729-fc85074c47a9/mzaf_16109869417141869676.plus.aac.p.m4a,Apple iTunes Search API,https://itunes.apple.com/lookup?id=651449675&entity=song&limit=200&country=hk,False
apple-651449675,陳奕迅 廣東精選,compilation,1,15,song,活著多好,陳奕迅,4:26,265840,651449911,,https://music.apple.com/hk/album/%E6%B4%BB%E8%91%97%E5%A4%9A%E5%A5%BD/651449675?i=651449911&uo=4,https://audio-ssl.itunes.apple.com/itunes-assets/AudioPreview221/v4/f8/71/87/f8718753-8731-4852-262c-d9142fcd3826/mzaf_10452953181137597134.plus.aac.p.m4a,Apple iTunes Search API,https://itunes.apple.com/lookup?id=651449675&entity=song&limit=200&country=hk,False
apple-651449675,陳奕迅 廣東精選,compilation,1,16,song,天使的禮物,陳奕迅,3:24,204093,651449912,,https://music.apple.com/hk/album/%E5%A4%A9%E4%BD%BF%E7%9A%84%E7%A6%AE%E7%89%A9/651449675?i=651449912&uo=4,https://audio-ssl.itunes.apple.com/itunes-assets/AudioPreview221/v4/b4/a1/a6/b4a1a691-b8e6-1664-1037-10b05504f0cc/mzaf_2617769254572244259.plus.aac.p.m4a,Apple iTunes Search API,https://itunes.apple.com/lookup?id=651449675&entity=song&limit=200&country=hk,False
apple-651449675,陳奕迅 廣東精選,compilation,1,17,song,猜情尋,陳奕迅,4:05,244960,651449913,,https://music.apple.com/hk/album/%E7%8C%9C%E6%83%85%E5%B0%8B/651449675?i=651449913&uo=4,https://audio-ssl.itunes.apple.com/itunes-assets/AudioPreview221/v4/3f/59/bf/3f59bf1a-baf7-6dd2-7f90-9af0453e64b1/mzaf_2890140909462567911.plus.aac.p.m4a,Apple iTunes Search API,https://itunes.apple.com/lookup?id=651449675&entity=song&limit=200&country=hk,False
mb-6cdf6e53-a493-4001-839a-74acc148576f,主旋律,single,1,1,song,主旋律,陳奕迅,4:53,293000,,2754cab8-c1f7-4f4b-8e75-b9b9d0a6c6ea,https://musicbrainz.org/recording/2754cab8-c1f7-4f4b-8e75-b9b9d0a6c6ea,,MusicBrainz digital release metadata,https://musicbrainz.org/release/6cdf6e53-a493-4001-839a-74acc148576f,False
apple-667921627,2013 陳奕迅 Music Life 精選,compilation,1,1,song,歲月如歌,陳奕迅,3:30,209720,667921831,,https://music.apple.com/hk/album/%E6%AD%B2%E6%9C%88%E5%A6%82%E6%AD%8C/667921627?i=667921831&uo=4,https://audio-ssl.itunes.apple.com/itunes-assets/AudioPreview221/v4/99/4f/2b/994f2bc1-3466-4e37-5352-b8e3723869fd/mzaf_2090267499695944970.plus.aac.p.m4a,Apple iTunes Search API,https://itunes.apple.com/lookup?id=667921627&entity=song&limit=200&country=hk,False
apple-667921627,2013 陳奕迅 Music Life 精選,compilation,1,2,song,K歌之王,陳奕迅,3:44,223600,667921832,,https://music.apple.com/hk/album/k%E6%AD%8C%E4%B9%8B%E7%8E%8B/667921627?i=667921832&uo=4,https://audio-ssl.itunes.apple.com/itunes-assets/AudioPreview211/v4/98/62/b8/9862b851-7a00-b79f-3cf7-44436f99e9c5/mzaf_5995865011710422291.plus.aac.p.m4a,Apple iTunes Search API,https://itunes.apple.com/lookup?id=667921627&entity=song&limit=200&country=hk,False
apple-667921627,2013 陳奕迅 Music Life 精選,compilation,1,3,song,明年今日,陳奕迅,3:25,205253,667921833,,https://music.apple.com/hk/album/%E6%98%8E%E5%B9%B4%E4%BB%8A%E6%97%A5/667921627?i=667921833&uo=4,https://audio-ssl.itunes.apple.com/itunes-assets/AudioPreview221/v4/d2/64/d9/d264d9bd-ab30-8f60-c8fc-e2607d6d34f7/mzaf_7918557859366994316.plus.aac.p.m4a,Apple iTunes Search API,https://itunes.apple.com/lookup?id=667921627&entity=song&limit=200&country=hk,False
apple-667921627,2013 陳奕迅 Music Life 精選,compilation,1,4,song,十面埋伏,陳奕迅,3:52,232480,667921834,,https://music.apple.com/hk/album/%E5%8D%81%E9%9D%A2%E5%9F%8B%E4%BC%8F/667921627?i=667921834&uo=4,https://audio-ssl.itunes.apple.com/itunes-assets/AudioPreview211/v4/cd/cf/34/cdcf348d-9528-af8a-1f79-ac1d4559911d/mzaf_12692528680933537530.plus.aac.p.m4a,Apple iTunes Search API,https://itunes.apple.com/lookup?id=667921627&entity=song&limit=200&country=hk,False
apple-667921627,2013 陳奕迅 Music Life 精選,compilation,1,5,song,打回原形,陳奕迅,4:10,249973,667921835,,https://music.apple.com/hk/album/%E6%89%93%E5%9B%9E%E5%8E%9F%E5%BD%A2/667921627?i=667921835&uo=4,https://audio-ssl.itunes.apple.com/itunes-assets/AudioPreview211/v4/12/d5/e2/12d5e2d1-6055-7ee0-4847-b4f641020d30/mzaf_3880756903942052527.plus.aac.p.m4a,Apple iTunes Search API,https://itunes.apple.com/lookup?id=667921627&entity=song&limit=200&country=hk,False
apple-667921627,2013 陳奕迅 Music Life 精選,compilation,1,6,song,孤獨探戈,陳奕迅,3:25,204760,667921837,,https://music.apple.com/hk/album/%E5%AD%A4%E7%8D%A8%E6%8E%A2%E6%88%88/667921627?i=667921837&uo=4,https://audio-ssl.itunes.apple.com/itunes-assets/AudioPreview221/v4/6a/cb/50/6acb50e0-c985-9fa0-48f4-3fa682cf9df3/mzaf_594001503259441352.plus.aac.p.m4a,Apple iTunes Search API,https://itunes.apple.com/lookup?id=667921627&entity=song&limit=200&country=hk,False
apple-667921627,2013 陳奕迅 Music Life 精選,compilation,1,7,song,Lonely Christmas,陳奕迅,4:41,280693,667921839,,https://music.apple.com/hk/album/lonely-christmas/667921627?i=667921839&uo=4,https://audio-ssl.itunes.apple.com/itunes-assets/AudioPreview221/v4/ee/d5/2f/eed52f22-1192-bb4a-d9b8-399b5005a48f/mzaf_8712329368605512601.plus.aac.p.m4a,Apple iTunes Search API,https://itunes.apple.com/lookup?id=667921627&entity=song&limit=200&country=hk,False
apple-667921627,2013 陳奕迅 Music Life 精選,compilation,1,8,song,1874,陳奕迅,3:50,230453,667921840,,https://music.apple.com/hk/album/1874/667921627?i=667921840&uo=4,https://audio-ssl.itunes.apple.com/itunes-assets/AudioPreview221/v4/ad/47/21/ad472191-ad53-d7f1-32c2-9580307b7ee7/mzaf_12766618245366091748.plus.aac.p.m4a,Apple iTunes Search API,https://itunes.apple.com/lookup?id=667921627&entity=song&limit=200&country=hk,False
apple-667921627,2013 陳奕迅 Music Life 精選,compilation,1,9,song,單車,陳奕迅,3:29,208627,667921841,,https://music.apple.com/hk/album/%E5%96%AE%E8%BB%8A/667921627?i=667921841&uo=4,https://audio-ssl.itunes.apple.com/itunes-assets/AudioPreview211/v4/e2/ea/9c/e2ea9cc0-8395-c1e9-e8a3-066ff0e37c03/mzaf_2616458003796625754.plus.aac.p.m4a,Apple iTunes Search API,https://itunes.apple.com/lookup?id=667921627&entity=song&limit=200&country=hk,False
apple-667921627,2013 陳奕迅 Music Life 精選,compilation,1,10,song,人來人往,陳奕迅,3:53,233133,667921842,,https://music.apple.com/hk/album/%E4%BA%BA%E4%BE%86%E4%BA%BA%E5%BE%80/667921627?i=667921842&uo=4,https://audio-ssl.itunes.apple.com/itunes-assets/AudioPreview211/v4/ce/7e/30/ce7e30b5-6d31-2586-9194-860919d0cdbf/mzaf_203575492390258910.plus.aac.p.m4a,Apple iTunes Search API,https://itunes.apple.com/lookup?id=667921627&entity=song&limit=200&country=hk,False
apple-667921627,2013 陳奕迅 Music Life 精選,compilation,1,11,song,一疋布,陳奕迅,3:01,180547,667921843,,https://music.apple.com/hk/album/%E4%B8%80%E7%96%8B%E5%B8%83/667921627?i=667921843&uo=4,https://audio-ssl.itunes.apple.com/itunes-assets/AudioPreview221/v4/18/91/2f/18912f53-981d-bda6-74d4-9dd784c3d010/mzaf_13359650481053032300.plus.aac.p.m4a,Apple iTunes Search API,https://itunes.apple.com/lookup?id=667921627&entity=song&limit=200&country=hk,False
apple-667921627,2013 陳奕迅 Music Life 精選,compilation,1,12,song,低等動物,陳奕迅,4:20,260067,667921844,,https://music.apple.com/hk/album/%E4%BD%8E%E7%AD%89%E5%8B%95%E7%89%A9/667921627?i=667921844&uo=4,https://audio-ssl.itunes.apple.com/itunes-assets/AudioPreview211/v4/87/bc/14/87bc1476-4e6f-be00-952a-29ceeadf5f78/mzaf_1068203877679395928.plus.aac.p.m4a,Apple iTunes Search API,https://itunes.apple.com/lookup?id=667921627&entity=song&limit=200&country=hk,False
apple-667921627,2013 陳奕迅 Music Life 精選,compilation,1,13,song,他一個人,陳奕迅,4:24,264320,667921845,,https://music.apple.com/hk/album/%E4%BB%96%E4%B8%80%E5%80%8B%E4%BA%BA/667921627?i=667921845&uo=4,https://audio-ssl.itunes.apple.com/itunes-assets/AudioPreview221/v4/10/53/fd/1053fdd4-9ee9-b53c-65dd-9a2f7fa68510/mzaf_539509494229416047.plus.aac.p.m4a,Apple iTunes Search API,https://itunes.apple.com/lookup?id=667921627&entity=song&limit=200&country=hk,False
apple-667921627,2013 陳奕迅 Music Life 精選,compilation,1,14,song,活著多好,陳奕迅,4:26,265840,667921846,,https://music.apple.com/hk/album/%E6%B4%BB%E8%91%97%E5%A4%9A%E5%A5%BD/667921627?i=667921846&uo=4,https://audio-ssl.itunes.apple.com/itunes-assets/AudioPreview211/v4/cf/82/11/cf8211e7-be38-e0be-5fda-1728e32732d1/mzaf_6279826745323854641.plus.aac.p.m4a,Apple iTunes Search API,https://itunes.apple.com/lookup?id=667921627&entity=song&limit=200&country=hk,False
apple-667921627,2013 陳奕迅 Music Life 精選,compilation,1,15,song,天使的禮物,陳奕迅,3:26,205960,667921847,,https://music.apple.com/hk/album/%E5%A4%A9%E4%BD%BF%E7%9A%84%E7%A6%AE%E7%89%A9/667921627?i=667921847&uo=4,https://audio-ssl.itunes.apple.com/itunes-assets/AudioPreview221/v4/9b/c3/41/9bc34184-e59c-925b-008b-190bac31e01b/mzaf_13062737186718953715.plus.aac.p.m4a,Apple iTunes Search API,https://itunes.apple.com/lookup?id=667921627&entity=song&limit=200&country=hk,False
apple-667921627,2013 陳奕迅 Music Life 精選,compilation,1,16,song,我不好愛,陳奕迅,4:01,240907,667921848,,https://music.apple.com/hk/album/%E6%88%91%E4%B8%8D%E5%A5%BD%E6%84%9B/667921627?i=667921848&uo=4,https://audio-ssl.itunes.apple.com/itunes-assets/AudioPreview221/v4/65/bb/75/65bb75b8-3f35-0596-71b8-3bb4961b3674/mzaf_3592167907833763510.plus.aac.p.m4a,Apple iTunes Search API,https://itunes.apple.com/lookup?id=667921627&entity=song&limit=200&country=hk,False
apple-667921627,2013 陳奕迅 Music Life 精選,compilation,1,17,song,小孩不懂怕,陳奕迅,3:47,227333,667921969,,https://music.apple.com/hk/album/%E5%B0%8F%E5%AD%A9%E4%B8%8D%E6%87%82%E6%80%95/667921627?i=667921969&uo=4,https://audio-ssl.itunes.apple.com/itunes-assets/AudioPreview221/v4/ce/28/c9/ce28c9a9-3e69-8263-31e7-87e496bbdbfc/mzaf_574307725640863481.plus.aac.p.m4a,Apple iTunes Search API,https://itunes.apple.com/lookup?id=667921627&entity=song&limit=200&country=hk,False
apple-667921627,2013 陳奕迅 Music Life 精選,compilation,1,18,song,少見不怪,陳奕迅,3:48,227587,667921970,,https://music.apple.com/hk/album/%E5%B0%91%E8%A6%8B%E4%B8%8D%E6%80%AA/667921627?i=667921970&uo=4,https://audio-ssl.itunes.apple.com/itunes-assets/AudioPreview211/v4/c4/69/11/c46911ea-d10e-3e5f-e365-4bd3a55fa78d/mzaf_11667687442177005562.plus.aac.p.m4a,Apple iTunes Search API,https://itunes.apple.com/lookup?id=667921627&entity=song&limit=200&country=hk,False
apple-667921627,2013 陳奕迅 Music Life 精選,compilation,2,1,song,綿綿,陳奕迅,4:05,245373,667921971,,https://music.apple.com/hk/album/%E7%B6%BF%E7%B6%BF/667921627?i=667921971&uo=4,https://audio-ssl.itunes.apple.com/itunes-assets/AudioPreview221/v4/ab/bd/82/abbd82bb-ddf0-a74f-e57d-86244d074d6c/mzaf_4930835745914285318.plus.aac.p.m4a,Apple iTunes Search API,https://itunes.apple.com/lookup?id=667921627&entity=song&limit=200&country=hk,False
apple-667921627,2013 陳奕迅 Music Life 精選,compilation,2,2,song,Shall We Talk,陳奕迅,3:47,226587,667921972,,https://music.apple.com/hk/album/shall-we-talk/667921627?i=667921972&uo=4,https://audio-ssl.itunes.apple.com/itunes-assets/AudioPreview221/v4/93/ee/7c/93ee7cbe-c1fc-0a2b-bf4a-66945bb8fcc9/mzaf_15977981786195645052.plus.aac.p.m4a,Apple iTunes Search API,https://itunes.apple.com/lookup?id=667921627&entity=song&limit=200&country=hk,False
apple-667921627,2013 陳奕迅 Music Life 精選,compilation,2,3,song,一切還好,陳奕迅,4:57,296893,667921973,,https://music.apple.com/hk/album/%E4%B8%80%E5%88%87%E9%82%84%E5%A5%BD/667921627?i=667921973&uo=4,https://audio-ssl.itunes.apple.com/itunes-assets/AudioPreview221/v4/64/54/25/6454253c-302c-0bdb-1bc8-bc2b72c158c3/mzaf_9738822758267900897.plus.aac.p.m4a,Apple iTunes Search API,https://itunes.apple.com/lookup?id=667921627&entity=song&limit=200&country=hk,False
apple-667921627,2013 陳奕迅 Music Life 精選,compilation,2,4,song,猜情尋,陳奕迅,4:07,247360,667921974,,https://music.apple.com/hk/album/%E7%8C%9C%E6%83%85%E5%B0%8B/667921627?i=667921974&uo=4,https://audio-ssl.itunes.apple.com/itunes-assets/AudioPreview221/v4/25/ba/cd/25bacdf3-9580-7e60-7d65-587540977dc1/mzaf_11576987262313186388.plus.aac.p.m4a,Apple iTunes Search API,https://itunes.apple.com/lookup?id=667921627&entity=song&limit=200&country=hk,False
apple-667921627,2013 陳奕迅 Music Life 精選,compilation,2,5,song,忘記歌詞,陳奕迅,3:37,216733,667921975,,https://music.apple.com/hk/album/%E5%BF%98%E8%A8%98%E6%AD%8C%E8%A9%9E/667921627?i=667921975&uo=4,https://audio-ssl.itunes.apple.com/itunes-assets/AudioPreview221/v4/89/fe/85/89fe857b-3d4a-9123-6b0d-77664486c5c4/mzaf_6321767129178768914.plus.aac.p.m4a,Apple iTunes Search API,https://itunes.apple.com/lookup?id=667921627&entity=song&limit=200&country=hk,False
apple-667921627,2013 陳奕迅 Music Life 精選,compilation,2,6,song,打得火熱,陳奕迅,3:17,197227,667921976,,https://music.apple.com/hk/album/%E6%89%93%E5%BE%97%E7%81%AB%E7%86%B1/667921627?i=667921976&uo=4,https://audio-ssl.itunes.apple.com/itunes-assets/AudioPreview221/v4/a1/cc/59/a1cc595b-dd77-c147-9c33-aeeaf859f1e8/mzaf_3970885347512368133.plus.aac.p.m4a,Apple iTunes Search API,https://itunes.apple.com/lookup?id=667921627&entity=song&limit=200&country=hk,False
apple-667921627,2013 陳奕迅 Music Life 精選,compilation,2,7,song,給愛麗斯,陳奕迅,3:31,210960,667921977,,https://music.apple.com/hk/album/%E7%B5%A6%E6%84%9B%E9%BA%97%E6%96%AF/667921627?i=667921977&uo=4,https://audio-ssl.itunes.apple.com/itunes-assets/AudioPreview211/v4/b0/f6/1a/b0f61ae6-0e69-7e2d-f0b1-6fd496eb06db/mzaf_13473955986389122199.plus.aac.p.m4a,Apple iTunes Search API,https://itunes.apple.com/lookup?id=667921627&entity=song&limit=200&country=hk,False
apple-667921627,2013 陳奕迅 Music Life 精選,compilation,2,8,song,2001太空漫遊,陳奕迅,3:59,239120,667921978,,https://music.apple.com/hk/album/2001%E5%A4%AA%E7%A9%BA%E6%BC%AB%E9%81%8A/667921627?i=667921978&uo=4,https://audio-ssl.itunes.apple.com/itunes-assets/AudioPreview211/v4/27/e6/3c/27e63c0d-7cf9-8a80-8e6d-4f2898ef4385/mzaf_5466164534012450427.plus.aac.p.m4a,Apple iTunes Search API,https://itunes.apple.com/lookup?id=667921627&entity=song&limit=200&country=hk,False
apple-667921627,2013 陳奕迅 Music Life 精選,compilation,2,9,song,阿士匹靈,陳奕迅,4:05,244547,667921979,,https://music.apple.com/hk/album/%E9%98%BF%E5%A3%AB%E5%8C%B9%E9%9D%88/667921627?i=667921979&uo=4,https://audio-ssl.itunes.apple.com/itunes-assets/AudioPreview221/v4/15/b1/7a/15b17a86-1c29-620d-6e4b-ff6eef4d2aa2/mzaf_14935999553727142364.plus.aac.p.m4a,Apple iTunes Search API,https://itunes.apple.com/lookup?id=667921627&entity=song&limit=200&country=hk,False
apple-667921627,2013 陳奕迅 Music Life 精選,compilation,2,10,song,人工智能,陳奕迅,3:43,223307,667921980,,https://music.apple.com/hk/album/%E4%BA%BA%E5%B7%A5%E6%99%BA%E8%83%BD/667921627?i=667921980&uo=4,https://audio-ssl.itunes.apple.com/itunes-assets/AudioPreview211/v4/a5/64/9b/a5649b69-b79c-3c6e-4fb7-65dfdcc821ab/mzaf_13952218530719591464.plus.aac.p.m4a,Apple iTunes Search API,https://itunes.apple.com/lookup?id=667921627&entity=song&limit=200&country=hk,False
apple-667921627,2013 陳奕迅 Music Life 精選,compilation,2,11,song,第一類接觸,陳奕迅,3:00,180120,667921981,,https://music.apple.com/hk/album/%E7%AC%AC%E4%B8%80%E9%A1%9E%E6%8E%A5%E8%A7%B8/667921627?i=667921981&uo=4,https://audio-ssl.itunes.apple.com/itunes-assets/AudioPreview211/v4/33/52/01/335201ce-8935-ac02-963c-f581f537f674/mzaf_7832358500209798487.plus.aac.p.m4a,Apple iTunes Search API,https://itunes.apple.com/lookup?id=667921627&entity=song&limit=200&country=hk,False
apple-667921627,2013 陳奕迅 Music Life 精選,compilation,2,12,song,衝口而出,陳奕迅,3:35,214800,667921982,,https://music.apple.com/hk/album/%E8%A1%9D%E5%8F%A3%E8%80%8C%E5%87%BA/667921627?i=667921982&uo=4,https://audio-ssl.itunes.apple.com/itunes-assets/AudioPreview211/v4/0e/98/76/0e98764f-9c42-3bd5-ce79-a63679668e69/mzaf_4157346142048661733.plus.aac.p.m4a,Apple iTunes Search API,https://itunes.apple.com/lookup?id=667921627&entity=song&limit=200&country=hk,False
apple-667921627,2013 陳奕迅 Music Life 精選,compilation,2,13,song,隨意門,陳奕迅,4:10,250293,667921983,,https://music.apple.com/hk/album/%E9%9A%A8%E6%84%8F%E9%96%80/667921627?i=667921983&uo=4,https://audio-ssl.itunes.apple.com/itunes-assets/AudioPreview211/v4/e6/f5/c6/e6f5c6fe-868f-ac6a-fcc8-89a4609bb7f2/mzaf_12806158356297158830.plus.aac.p.m4a,Apple iTunes Search API,https://itunes.apple.com/lookup?id=667921627&entity=song&limit=200&country=hk,False
apple-667921627,2013 陳奕迅 Music Life 精選,compilation,2,14,song,呀邊個邊個,陳奕迅,3:07,186667,667921984,,https://music.apple.com/hk/album/%E5%91%80%E9%82%8A%E5%80%8B%E9%82%8A%E5%80%8B/667921627?i=667921984&uo=4,https://audio-ssl.itunes.apple.com/itunes-assets/AudioPreview211/v4/7d/f5/6c/7df56c1b-bf71-9332-5056-b3a7d7b27fef/mzaf_17427468990039861142.plus.aac.p.m4a,Apple iTunes Search API,https://itunes.apple.com/lookup?id=667921627&entity=song&limit=200&country=hk,False
apple-667921627,2013 陳奕迅 Music Life 精選,compilation,2,15,song,壞情人,陳奕迅,3:24,204360,667921985,,https://music.apple.com/hk/album/%E5%A3%9E%E6%83%85%E4%BA%BA/667921627?i=667921985&uo=4,https://audio-ssl.itunes.apple.com/itunes-assets/AudioPreview221/v4/92/f5/2d/92f52d18-786f-9182-9cd8-7d90ecb444c5/mzaf_5864627458213048754.plus.aac.p.m4a,Apple iTunes Search API,https://itunes.apple.com/lookup?id=667921627&entity=song&limit=200&country=hk,False
apple-667921627,2013 陳奕迅 Music Life 精選,compilation,2,16,song,幸災樂禍,陳奕迅,3:27,206773,667921986,,https://music.apple.com/hk/album/%E5%B9%B8%E7%81%BD%E6%A8%82%E7%A6%8D/667921627?i=667921986&uo=4,https://audio-ssl.itunes.apple.com/itunes-assets/AudioPreview211/v4/00/21/01/002101bc-61c1-f1f2-02bf-d8fbcdffc56d/mzaf_4002747383204125329.plus.aac.p.m4a,Apple iTunes Search API,https://itunes.apple.com/lookup?id=667921627&entity=song&limit=200&country=hk,False
apple-667921627,2013 陳奕迅 Music Life 精選,compilation,2,17,song,King Kong,陳奕迅,3:24,203960,667921987,,https://music.apple.com/hk/album/king-kong/667921627?i=667921987&uo=4,https://audio-ssl.itunes.apple.com/itunes-assets/AudioPreview221/v4/e5/7e/7a/e57e7a03-5e40-7bf1-3fc1-5a98cc1adb33/mzaf_10473285527539744243.plus.aac.p.m4a,Apple iTunes Search API,https://itunes.apple.com/lookup?id=667921627&entity=song&limit=200&country=hk,False
apple-667921627,2013 陳奕迅 Music Life 精選,compilation,2,18,song,最後今晚,陳奕迅,3:49,228733,667921988,,https://music.apple.com/hk/album/%E6%9C%80%E5%BE%8C%E4%BB%8A%E6%99%9A/667921627?i=667921988&uo=4,https://audio-ssl.itunes.apple.com/itunes-assets/AudioPreview221/v4/ff/27/6a/ff276a34-f512-ab2d-1152-3045e106bae5/mzaf_4810346470328376599.plus.aac.p.m4a,Apple iTunes Search API,https://itunes.apple.com/lookup?id=667921627&entity=song&limit=200&country=hk,False
apple-667921627,2013 陳奕迅 Music Life 精選,compilation,3,1,song,兄妹,陳奕迅,3:30,210000,667921989,,https://music.apple.com/hk/album/%E5%85%84%E5%A6%B9/667921627?i=667921989&uo=4,https://audio-ssl.itunes.apple.com/itunes-assets/AudioPreview221/v4/76/42/01/76420147-cf9d-ac4f-91ca-f75352705d3e/mzaf_4299037351920296564.plus.aac.p.m4a,Apple iTunes Search API,https://itunes.apple.com/lookup?id=667921627&entity=song&limit=200&country=hk,False
apple-667921627,2013 陳奕迅 Music Life 精選,compilation,3,2,song,愛是懷疑,陳奕迅,4:35,274560,667921990,,https://music.apple.com/hk/album/%E6%84%9B%E6%98%AF%E6%87%B7%E7%96%91/667921627?i=667921990&uo=4,https://audio-ssl.itunes.apple.com/itunes-assets/AudioPreview211/v4/c5/23/d6/c523d6c9-d4de-af7e-95fe-e4f09a3601b6/mzaf_7364359868581487873.plus.aac.p.m4a,Apple iTunes Search API,https://itunes.apple.com/lookup?id=667921627&entity=song&limit=200&country=hk,False
apple-667921627,2013 陳奕迅 Music Life 精選,compilation,3,3,song,謝謝儂,陳奕迅,4:22,262280,667921991,,https://music.apple.com/hk/album/%E8%AC%9D%E8%AC%9D%E5%84%82/667921627?i=667921991&uo=4,https://audio-ssl.itunes.apple.com/itunes-assets/AudioPreview211/v4/45/96/84/45968476-099f-3ab3-9c59-72fbc01996a6/mzaf_8589559522303626236.plus.aac.p.m4a,Apple iTunes Search API,https://itunes.apple.com/lookup?id=667921627&entity=song&limit=200&country=hk,False
apple-667921627,2013 陳奕迅 Music Life 精選,compilation,3,4,song,你的背包,陳奕迅,3:59,238693,667921992,,https://music.apple.com/hk/album/%E4%BD%A0%E7%9A%84%E8%83%8C%E5%8C%85/667921627?i=667921992&uo=4,https://audio-ssl.itunes.apple.com/itunes-assets/AudioPreview221/v4/14/08/20/140820f9-fc44-1fa2-e686-01c107da9722/mzaf_1375425296567576923.plus.aac.p.m4a,Apple iTunes Search API,https://itunes.apple.com/lookup?id=667921627&entity=song&limit=200&country=hk,False
apple-667921627,2013 陳奕迅 Music Life 精選,compilation,3,5,song,K歌之王 (國),陳奕迅,3:39,218667,667921993,,https://music.apple.com/hk/album/k%E6%AD%8C%E4%B9%8B%E7%8E%8B-%E5%9C%8B/667921627?i=667921993&uo=4,https://audio-ssl.itunes.apple.com/itunes-assets/AudioPreview211/v4/1b/54/7d/1b547d7d-1448-c4ea-18af-07adc26de005/mzaf_9817783249442201939.plus.aac.p.m4a,Apple iTunes Search API,https://itunes.apple.com/lookup?id=667921627&entity=song&limit=200&country=hk,False
apple-667921627,2013 陳奕迅 Music Life 精選,compilation,3,6,song,十年,陳奕迅,3:26,205600,667921994,,https://music.apple.com/hk/album/%E5%8D%81%E5%B9%B4/667921627?i=667921994&uo=4,https://audio-ssl.itunes.apple.com/itunes-assets/AudioPreview221/v4/4d/9a/ce/4d9ace1b-9a65-1534-91ee-e3741a8f80a1/mzaf_7862340190009525854.plus.aac.p.m4a,Apple iTunes Search API,https://itunes.apple.com/lookup?id=667921627&entity=song&limit=200&country=hk,False
apple-667921627,2013 陳奕迅 Music Life 精選,compilation,3,7,song,阿怪,陳奕迅,5:12,312267,667921995,,https://music.apple.com/hk/album/%E9%98%BF%E6%80%AA/667921627?i=667921995&uo=4,https://audio-ssl.itunes.apple.com/itunes-assets/AudioPreview211/v4/6a/7c/67/6a7c6765-8a36-5365-6280-8e5e87b6e7e2/mzaf_12101289294548879782.plus.aac.p.m4a,Apple iTunes Search API,https://itunes.apple.com/lookup?id=667921627&entity=song&limit=200&country=hk,False
apple-667921627,2013 陳奕迅 Music Life 精選,compilation,3,8,song,Shall We Talk (國),陳奕迅,3:47,227027,667921996,,https://music.apple.com/hk/album/shall-we-talk-%E5%9C%8B/667921627?i=667921996&uo=4,https://audio-ssl.itunes.apple.com/itunes-assets/AudioPreview211/v4/b6/23/2e/b6232ef9-cd59-4f77-a8cc-3f7f0b8b4b23/mzaf_15675336319085827519.plus.aac.p.m4a,Apple iTunes Search API,https://itunes.apple.com/lookup?id=667921627&entity=song&limit=200&country=hk,False
apple-667921627,2013 陳奕迅 Music Life 精選,compilation,3,9,song,沒有手機的日子,陳奕迅,4:29,268707,667921997,,https://music.apple.com/hk/album/%E6%B2%92%E6%9C%89%E6%89%8B%E6%A9%9F%E7%9A%84%E6%97%A5%E5%AD%90/667921627?i=667921997&uo=4,https://audio-ssl.itunes.apple.com/itunes-assets/AudioPreview221/v4/26/cf/d6/26cfd6f0-fbde-fe91-7180-8949f64555a7/mzaf_1245370520749492759.plus.aac.p.m4a,Apple iTunes Search API,https://itunes.apple.com/lookup?id=667921627&entity=song&limit=200&country=hk,False
apple-667921627,2013 陳奕迅 Music Life 精選,compilation,3,10,song,低等動物 (國),陳奕迅,4:20,260013,667921998,,https://music.apple.com/hk/album/%E4%BD%8E%E7%AD%89%E5%8B%95%E7%89%A9-%E5%9C%8B/667921627?i=667921998&uo=4,https://audio-ssl.itunes.apple.com/itunes-assets/AudioPreview221/v4/d7/70/81/d77081ff-70d6-be63-ba48-4e140c00925c/mzaf_10893811456957260238.plus.aac.p.m4a,Apple iTunes Search API,https://itunes.apple.com/lookup?id=667921627&entity=song&limit=200&country=hk,False
apple-667921627,2013 陳奕迅 Music Life 精選,compilation,3,11,song,聖誕結,陳奕迅,4:42,281773,667921999,,https://music.apple.com/hk/album/%E8%81%96%E8%AA%95%E7%B5%90/667921627?i=667921999&uo=4,https://audio-ssl.itunes.apple.com/itunes-assets/AudioPreview221/v4/12/a7/c5/12a7c53f-1343-7159-5bd1-b82ecb310130/mzaf_3010336696002516386.plus.aac.p.m4a,Apple iTunes Search API,https://itunes.apple.com/lookup?id=667921627&entity=song&limit=200&country=hk,False
apple-667921627,2013 陳奕迅 Music Life 精選,compilation,3,12,song,人造衛星,陳奕迅,4:00,239947,667922000,,https://music.apple.com/hk/album/%E4%BA%BA%E9%80%A0%E8%A1%9B%E6%98%9F/667921627?i=667922000&uo=4,https://audio-ssl.itunes.apple.com/itunes-assets/AudioPreview211/v4/26/77/13/267713e1-7d34-961d-4793-88c867c19100/mzaf_15646956510656545661.plus.aac.p.m4a,Apple iTunes Search API,https://itunes.apple.com/lookup?id=667921627&entity=song&limit=200&country=hk,False
apple-667921627,2013 陳奕迅 Music Life 精選,compilation,3,13,song,狂人日記,陳奕迅,4:20,260187,667922001,,https://music.apple.com/hk/album/%E7%8B%82%E4%BA%BA%E6%97%A5%E8%A8%98/667921627?i=667922001&uo=4,https://audio-ssl.itunes.apple.com/itunes-assets/AudioPreview211/v4/d2/7b/f3/d27bf33e-2f60-95a6-16f4-f4e491322c42/mzaf_18401331763300027324.plus.aac.p.m4a,Apple iTunes Search API,https://itunes.apple.com/lookup?id=667921627&entity=song&limit=200&country=hk,False
apple-667921627,2013 陳奕迅 Music Life 精選,compilation,3,14,song,寂寞讓你更快樂,陳奕迅,4:12,252373,667922002,,https://music.apple.com/hk/album/%E5%AF%82%E5%AF%9E%E8%AE%93%E4%BD%A0%E6%9B%B4%E5%BF%AB%E6%A8%82/667921627?i=667922002&uo=4,https://audio-ssl.itunes.apple.com/itunes-assets/AudioPreview211/v4/49/bc/4e/49bc4e2c-0fcf-b917-79af-2ddfeb376a40/mzaf_6500832227747692259.plus.aac.p.m4a,Apple iTunes Search API,https://itunes.apple.com/lookup?id=667921627&entity=song&limit=200&country=hk,False
apple-667921627,2013 陳奕迅 Music Life 精選,compilation,3,15,song,Because You're Good To Me,陳奕迅,3:40,219520,667922003,,https://music.apple.com/hk/album/because-youre-good-to-me/667921627?i=667922003&uo=4,https://audio-ssl.itunes.apple.com/itunes-assets/AudioPreview221/v4/57/dc/8e/57dc8e38-e416-87f6-8618-73395e03deb9/mzaf_10089005275812440421.plus.aac.p.m4a,Apple iTunes Search API,https://itunes.apple.com/lookup?id=667921627&entity=song&limit=200&country=hk,False
apple-667921627,2013 陳奕迅 Music Life 精選,compilation,3,16,song,像一句廣告,陳奕迅,4:01,241427,667922004,,https://music.apple.com/hk/album/%E5%83%8F%E4%B8%80%E5%8F%A5%E5%BB%A3%E5%91%8A/667921627?i=667922004&uo=4,https://audio-ssl.itunes.apple.com/itunes-assets/AudioPreview211/v4/bb/3c/57/bb3c57e9-92e0-6867-4e0f-3cfbdfce80e0/mzaf_8617193996205794505.plus.aac.p.m4a,Apple iTunes Search API,https://itunes.apple.com/lookup?id=667921627&entity=song&limit=200&country=hk,False
apple-667921627,2013 陳奕迅 Music Life 精選,compilation,3,17,song,不如這樣,陳奕迅,4:42,282427,667922005,,https://music.apple.com/hk/album/%E4%B8%8D%E5%A6%82%E9%80%99%E6%A8%A3/667921627?i=667922005&uo=4,https://audio-ssl.itunes.apple.com/itunes-assets/AudioPreview211/v4/b1/a7/5c/b1a75c4e-1a95-4ab5-8148-c3fd665ad7f1/mzaf_1453240056365441482.plus.aac.p.m4a,Apple iTunes Search API,https://itunes.apple.com/lookup?id=667921627&entity=song&limit=200&country=hk,False
apple-667921627,2013 陳奕迅 Music Life 精選,compilation,3,18,song,我們都寂寞,陳奕迅,4:51,291053,667922006,,https://music.apple.com/hk/album/%E6%88%91%E5%80%91%E9%83%BD%E5%AF%82%E5%AF%9E/667921627?i=667922006&uo=4,https://audio-ssl.itunes.apple.com/itunes-assets/AudioPreview211/v4/a6/58/a7/a658a7b2-7ccd-e839-f038-960b9a938b13/mzaf_1223673681715230506.plus.aac.p.m4a,Apple iTunes Search API,https://itunes.apple.com/lookup?id=667921627&entity=song&limit=200&country=hk,False
apple-667921627,2013 陳奕迅 Music Life 精選,compilation,4,1,song,歲月如歌 (純音樂),陳奕迅,3:18,198467,667922007,,https://music.apple.com/hk/album/%E6%AD%B2%E6%9C%88%E5%A6%82%E6%AD%8C-%E7%B4%94%E9%9F%B3%E6%A8%82/667921627?i=667922007&uo=4,https://audio-ssl.itunes.apple.com/itunes-assets/AudioPreview211/v4/b1/d0/5d/b1d05d1d-d8b1-514a-a117-61bd92132d3a/mzaf_8724588493781840186.plus.aac.p.m4a,Apple iTunes Search API,https://itunes.apple.com/lookup?id=667921627&entity=song&limit=200&country=hk,False
apple-667921627,2013 陳奕迅 Music Life 精選,compilation,4,2,song,明年今日 (純音樂),陳奕迅,3:14,194493,667922008,,https://music.apple.com/hk/album/%E6%98%8E%E5%B9%B4%E4%BB%8A%E6%97%A5-%E7%B4%94%E9%9F%B3%E6%A8%82/667921627?i=667922008&uo=4,https://audio-ssl.itunes.apple.com/itunes-assets/AudioPreview221/v4/fc/32/32/fc3232d0-66a4-ce57-d731-ed0269c6ea69/mzaf_12608905388022661286.plus.aac.p.m4a,Apple iTunes Search API,https://itunes.apple.com/lookup?id=667921627&entity=song&limit=200&country=hk,False
apple-667921627,2013 陳奕迅 Music Life 精選,compilation,4,3,song,十面埋伏 (純音樂),陳奕迅,3:14,193920,667922009,,https://music.apple.com/hk/album/%E5%8D%81%E9%9D%A2%E5%9F%8B%E4%BC%8F-%E7%B4%94%E9%9F%B3%E6%A8%82/667921627?i=667922009&uo=4,https://audio-ssl.itunes.apple.com/itunes-assets/AudioPreview211/v4/3f/7c/ba/3f7cbac1-5cad-8b68-8dc6-943f171e0a88/mzaf_2928554546659909579.plus.aac.p.m4a,Apple iTunes Search API,https://itunes.apple.com/lookup?id=667921627&entity=song&limit=200&country=hk,False
apple-667921627,2013 陳奕迅 Music Life 精選,compilation,4,4,song,打回原形 (純音樂),陳奕迅,3:33,213213,667922010,,https://music.apple.com/hk/album/%E6%89%93%E5%9B%9E%E5%8E%9F%E5%BD%A2-%E7%B4%94%E9%9F%B3%E6%A8%82/667921627?i=667922010&uo=4,https://audio-ssl.itunes.apple.com/itunes-assets/AudioPreview211/v4/8c/d7/99/8cd799ec-0eb5-93df-578b-ba0b15a61669/mzaf_9711718281932966114.plus.aac.p.m4a,Apple iTunes Search API,https://itunes.apple.com/lookup?id=667921627&entity=song&limit=200&country=hk,False
apple-667921627,2013 陳奕迅 Music Life 精選,compilation,4,5,song,K歌之王 (純音樂),陳奕迅,3:42,221533,667922011,,https://music.apple.com/hk/album/k%E6%AD%8C%E4%B9%8B%E7%8E%8B-%E7%B4%94%E9%9F%B3%E6%A8%82/667921627?i=667922011&uo=4,https://audio-ssl.itunes.apple.com/itunes-assets/AudioPreview221/v4/d2/22/8c/d2228cbe-071e-7b28-9797-29459adef71b/mzaf_16158063555618229313.plus.aac.p.m4a,Apple iTunes Search API,https://itunes.apple.com/lookup?id=667921627&entity=song&limit=200&country=hk,False
apple-667921627,2013 陳奕迅 Music Life 精選,compilation,4,6,song,Shall We Talk (純音樂),陳奕迅,3:56,235667,667922012,,https://music.apple.com/hk/album/shall-we-talk-%E7%B4%94%E9%9F%B3%E6%A8%82/667921627?i=667922012&uo=4,https://audio-ssl.itunes.apple.com/itunes-assets/AudioPreview221/v4/48/96/1d/48961d7f-d708-0d6c-1797-d8820518c3f6/mzaf_5449973917953907759.plus.aac.p.m4a,Apple iTunes Search API,https://itunes.apple.com/lookup?id=667921627&entity=song&limit=200&country=hk,False
apple-667921627,2013 陳奕迅 Music Life 精選,compilation,4,7,song,給愛麗斯 (純音樂),陳奕迅,3:34,213533,667922013,,https://music.apple.com/hk/album/%E7%B5%A6%E6%84%9B%E9%BA%97%E6%96%AF-%E7%B4%94%E9%9F%B3%E6%A8%82/667921627?i=667922013&uo=4,https://audio-ssl.itunes.apple.com/itunes-assets/AudioPreview221/v4/91/62/f9/9162f965-ecec-8c14-aa3f-9ad9d9bdd23a/mzaf_17798924537872524123.plus.aac.p.m4a,Apple iTunes Search API,https://itunes.apple.com/lookup?id=667921627&entity=song&limit=200&country=hk,False
apple-667921627,2013 陳奕迅 Music Life 精選,compilation,4,8,song,忘記歌詞 (純音樂),陳奕迅,3:31,211200,667922014,,https://music.apple.com/hk/album/%E5%BF%98%E8%A8%98%E6%AD%8C%E8%A9%9E-%E7%B4%94%E9%9F%B3%E6%A8%82/667921627?i=667922014&uo=4,https://audio-ssl.itunes.apple.com/itunes-assets/AudioPreview211/v4/97/de/c6/97dec6ec-e59e-adc1-ff88-9cb0cb5daba0/mzaf_3165759186592081675.plus.aac.p.m4a,Apple iTunes Search API,https://itunes.apple.com/lookup?id=667921627&entity=song&limit=200&country=hk,False
apple-667921627,2013 陳奕迅 Music Life 精選,compilation,4,9,song,Lonely Christmas (純音樂),陳奕迅,4:19,259440,667922015,,https://music.apple.com/hk/album/lonely-christmas-%E7%B4%94%E9%9F%B3%E6%A8%82/667921627?i=667922015&uo=4,https://audio-ssl.itunes.apple.com/itunes-assets/AudioPreview221/v4/59/92/d5/5992d5e8-f65d-40d9-7c2b-78a13ccea233/mzaf_4423869029827296399.plus.aac.p.m4a,Apple iTunes Search API,https://itunes.apple.com/lookup?id=667921627&entity=song&limit=200&country=hk,False
apple-667921627,2013 陳奕迅 Music Life 精選,compilation,4,10,song,猜情尋 (純音樂),陳奕迅,3:53,233413,667922016,,https://music.apple.com/hk/album/%E7%8C%9C%E6%83%85%E5%B0%8B-%E7%B4%94%E9%9F%B3%E6%A8%82/667921627?i=667922016&uo=4,https://audio-ssl.itunes.apple.com/itunes-assets/AudioPreview221/v4/cb/bc/3e/cbbc3ee8-fa13-c67c-07b1-8ca79f728817/mzaf_1383566812204609081.plus.aac.p.m4a,Apple iTunes Search API,https://itunes.apple.com/lookup?id=667921627&entity=song&limit=200&country=hk,False
apple-667921627,2013 陳奕迅 Music Life 精選,compilation,4,11,song,幸災樂禍 (純音樂),陳奕迅,3:26,205867,667922017,,https://music.apple.com/hk/album/%E5%B9%B8%E7%81%BD%E6%A8%82%E7%A6%8D-%E7%B4%94%E9%9F%B3%E6%A8%82/667921627?i=667922017&uo=4,https://audio-ssl.itunes.apple.com/itunes-assets/AudioPreview221/v4/5e/41/13/5e411330-01f5-2a98-5502-eb50efdf1691/mzaf_4510006582224933016.plus.aac.p.m4a,Apple iTunes Search API,https://itunes.apple.com/lookup?id=667921627&entity=song&limit=200&country=hk,False
apple-667921627,2013 陳奕迅 Music Life 精選,compilation,4,12,song,人來人往 (純音樂),陳奕迅,3:45,224800,667922018,,https://music.apple.com/hk/album/%E4%BA%BA%E4%BE%86%E4%BA%BA%E5%BE%80-%E7%B4%94%E9%9F%B3%E6%A8%82/667921627?i=667922018&uo=4,https://audio-ssl.itunes.apple.com/itunes-assets/AudioPreview211/v4/af/32/c2/af32c200-7abc-5c14-776d-6c72f057e0d3/mzaf_12671459215379121997.plus.aac.p.m4a,Apple iTunes Search API,https://itunes.apple.com/lookup?id=667921627&entity=song&limit=200&country=hk,False
apple-667921627,2013 陳奕迅 Music Life 精選,compilation,4,13,song,想哭 (純音樂),陳奕迅,3:35,214507,667922019,,https://music.apple.com/hk/album/%E6%83%B3%E5%93%AD-%E7%B4%94%E9%9F%B3%E6%A8%82/667921627?i=667922019&uo=4,https://audio-ssl.itunes.apple.com/itunes-assets/AudioPreview211/v4/1a/b4/30/1ab43086-aedb-d617-2609-b7ddaffbdc7d/mzaf_1548164135675089896.plus.aac.p.m4a,Apple iTunes Search API,https://itunes.apple.com/lookup?id=667921627&entity=song&limit=200&country=hk,False
apple-667921627,2013 陳奕迅 Music Life 精選,compilation,4,14,song,你的背包 (純音樂),陳奕迅,3:32,211853,667922020,,https://music.apple.com/hk/album/%E4%BD%A0%E7%9A%84%E8%83%8C%E5%8C%85-%E7%B4%94%E9%9F%B3%E6%A8%82/667921627?i=667922020&uo=4,https://audio-ssl.itunes.apple.com/itunes-assets/AudioPreview221/v4/73/2e/fe/732efe5a-977e-ec85-59a8-c76e9761af61/mzaf_6904137953756936727.plus.aac.p.m4a,Apple iTunes Search API,https://itunes.apple.com/lookup?id=667921627&entity=song&limit=200&country=hk,False
apple-667921627,2013 陳奕迅 Music Life 精選,compilation,4,15,song,天使的禮物 (純音樂),陳奕迅,3:19,198600,667922021,,https://music.apple.com/hk/album/%E5%A4%A9%E4%BD%BF%E7%9A%84%E7%A6%AE%E7%89%A9-%E7%B4%94%E9%9F%B3%E6%A8%82/667921627?i=667922021&uo=4,https://audio-ssl.itunes.apple.com/itunes-assets/AudioPreview211/v4/db/46/86/db46868a-b9c6-9ebc-6b8b-042252cd2012/mzaf_5745949995759842744.plus.aac.p.m4a,Apple iTunes Search API,https://itunes.apple.com/lookup?id=667921627&entity=song&limit=200&country=hk,False
apple-667921627,2013 陳奕迅 Music Life 精選,compilation,4,16,song,打得火熱 (純音樂),陳奕迅,2:33,153253,667922022,,https://music.apple.com/hk/album/%E6%89%93%E5%BE%97%E7%81%AB%E7%86%B1-%E7%B4%94%E9%9F%B3%E6%A8%82/667921627?i=667922022&uo=4,https://audio-ssl.itunes.apple.com/itunes-assets/AudioPreview221/v4/c5/89/0b/c5890b06-eb69-40cb-476c-ad83bfb19a58/mzaf_17379559754998129768.plus.aac.p.m4a,Apple iTunes Search API,https://itunes.apple.com/lookup?id=667921627&entity=song&limit=200&country=hk,False
apple-667921627,2013 陳奕迅 Music Life 精選,compilation,4,17,song,孤兒仔 (純音樂),陳奕迅,3:18,197867,667922023,,https://music.apple.com/hk/album/%E5%AD%A4%E5%85%92%E4%BB%94-%E7%B4%94%E9%9F%B3%E6%A8%82/667921627?i=667922023&uo=4,https://audio-ssl.itunes.apple.com/itunes-assets/AudioPreview221/v4/7d/a0/bd/7da0bd61-7424-663d-86c2-63599fd3a74f/mzaf_4914632745186999808.plus.aac.p.m4a,Apple iTunes Search API,https://itunes.apple.com/lookup?id=667921627&entity=song&limit=200&country=hk,False
apple-667921627,2013 陳奕迅 Music Life 精選,compilation,4,18,song,單車 (純音樂),陳奕迅,3:17,197000,667922024,,https://music.apple.com/hk/album/%E5%96%AE%E8%BB%8A-%E7%B4%94%E9%9F%B3%E6%A8%82/667921627?i=667922024&uo=4,https://audio-ssl.itunes.apple.com/itunes-assets/AudioPreview211/v4/75/a7/3e/75a73e08-08bb-5fbe-5f12-8cb64503c1a3/mzaf_17464969382760825071.plus.aac.p.m4a,Apple iTunes Search API,https://itunes.apple.com/lookup?id=667921627&entity=song&limit=200&country=hk,False
apple-667921627,2013 陳奕迅 Music Life 精選,compilation,4,19,song,少見不怪 (純音樂),陳奕迅,3:46,226053,667922025,,https://music.apple.com/hk/album/%E5%B0%91%E8%A6%8B%E4%B8%8D%E6%80%AA-%E7%B4%94%E9%9F%B3%E6%A8%82/667921627?i=667922025&uo=4,https://audio-ssl.itunes.apple.com/itunes-assets/AudioPreview211/v4/8e/0b/46/8e0b4623-96a5-85ae-ae63-50fa3564faf9/mzaf_8490311749272387796.plus.aac.p.m4a,Apple iTunes Search API,https://itunes.apple.com/lookup?id=667921627&entity=song&limit=200&country=hk,False
apple-667921627,2013 陳奕迅 Music Life 精選,compilation,4,20,song,他一個人 (純音樂),陳奕迅,4:15,255000,667922026,,https://music.apple.com/hk/album/%E4%BB%96%E4%B8%80%E5%80%8B%E4%BA%BA-%E7%B4%94%E9%9F%B3%E6%A8%82/667921627?i=667922026&uo=4,https://audio-ssl.itunes.apple.com/itunes-assets/AudioPreview221/v4/89/fb/9d/89fb9dc7-0b3e-87b0-9033-05e3b776de3b/mzaf_4873070127092245469.plus.aac.p.m4a,Apple iTunes Search API,https://itunes.apple.com/lookup?id=667921627&entity=song&limit=200&country=hk,False
apple-1386714588,The Key,studio,1,1,song,主旋律,陳奕迅,4:55,294653,1386714594,,https://music.apple.com/hk/album/%E4%B8%BB%E6%97%8B%E5%BE%8B/1386714588?i=1386714594&uo=4,https://audio-ssl.itunes.apple.com/itunes-assets/AudioPreview221/v4/49/6d/26/496d2654-80f7-73a4-810f-9c114f4dfe58/mzaf_1459247157696931752.plus.aac.p.m4a,Apple iTunes Search API,https://itunes.apple.com/lookup?id=1386714588&entity=song&limit=200&country=hk,False
apple-1386714588,The Key,studio,1,2,song,告別娑婆,陳奕迅,4:21,260787,1386714595,,https://music.apple.com/hk/album/%E5%91%8A%E5%88%A5%E5%A8%91%E5%A9%86/1386714588?i=1386714595&uo=4,https://audio-ssl.itunes.apple.com/itunes-assets/AudioPreview211/v4/80/ac/86/80ac8638-a238-819c-0010-f619570ff456/mzaf_9633530581259779431.plus.aac.p.m4a,Apple iTunes Search API,https://itunes.apple.com/lookup?id=1386714588&entity=song&limit=200&country=hk,False
apple-1386714588,The Key,studio,1,3,song,斯德哥爾摩情人,陳奕迅,4:13,252840,1386714596,,https://music.apple.com/hk/album/%E6%96%AF%E5%BE%B7%E5%93%A5%E7%88%BE%E6%91%A9%E6%83%85%E4%BA%BA/1386714588?i=1386714596&uo=4,https://audio-ssl.itunes.apple.com/itunes-assets/AudioPreview211/v4/19/86/5c/19865cce-f260-9dda-8ecd-70d72cefe738/mzaf_522506243507489953.plus.aac.p.m4a,Apple iTunes Search API,https://itunes.apple.com/lookup?id=1386714588&entity=song&limit=200&country=hk,False
apple-1386714588,The Key,studio,1,4,song,任我行,陳奕迅,4:39,278640,1386714597,,https://music.apple.com/hk/album/%E4%BB%BB%E6%88%91%E8%A1%8C/1386714588?i=1386714597&uo=4,https://audio-ssl.itunes.apple.com/itunes-assets/AudioPreview221/v4/43/cf/f0/43cff06d-33ab-625b-0acf-85f6e6201b1b/mzaf_7863883588912054027.plus.aac.p.m4a,Apple iTunes Search API,https://itunes.apple.com/lookup?id=1386714588&entity=song&limit=200&country=hk,False
apple-1386714588,The Key,studio,1,5,song,遠在咫尺,陳奕迅,4:18,258467,1386714598,,https://music.apple.com/hk/album/%E9%81%A0%E5%9C%A8%E5%92%AB%E5%B0%BA/1386714588?i=1386714598&uo=4,https://audio-ssl.itunes.apple.com/itunes-assets/AudioPreview221/v4/d4/78/4b/d4784b93-4aed-3302-0606-8239a8f6e1db/mzaf_4580892508781984670.plus.aac.p.m4a,Apple iTunes Search API,https://itunes.apple.com/lookup?id=1386714588&entity=song&limit=200&country=hk,False
apple-1386714588,The Key,studio,1,6,song,失憶蝴蝶,陳奕迅,3:58,237613,1386714600,,https://music.apple.com/hk/album/%E5%A4%B1%E6%86%B6%E8%9D%B4%E8%9D%B6/1386714588?i=1386714600&uo=4,https://audio-ssl.itunes.apple.com/itunes-assets/AudioPreview221/v4/fb/65/04/fb650446-3459-2553-b9c5-71866858a6ab/mzaf_10887856861641281191.plus.aac.p.m4a,Apple iTunes Search API,https://itunes.apple.com/lookup?id=1386714588&entity=song&limit=200&country=hk,False
apple-1386714588,The Key,studio,1,7,song,床頭床尾,陳奕迅,4:05,244947,1386714601,,https://music.apple.com/hk/album/%E5%BA%8A%E9%A0%AD%E5%BA%8A%E5%B0%BE/1386714588?i=1386714601&uo=4,https://audio-ssl.itunes.apple.com/itunes-assets/AudioPreview211/v4/47/8f/b9/478fb9cc-bf0a-e5f9-5981-5601f629338d/mzaf_10676776155520667969.plus.aac.p.m4a,Apple iTunes Search API,https://itunes.apple.com/lookup?id=1386714588&entity=song&limit=200&country=hk,False
apple-1386714588,The Key,studio,1,8,song,阿貓阿狗,陳奕迅,3:49,229053,1386714604,,https://music.apple.com/hk/album/%E9%98%BF%E8%B2%93%E9%98%BF%E7%8B%97/1386714588?i=1386714604&uo=4,https://audio-ssl.itunes.apple.com/itunes-assets/AudioPreview221/v4/f3/32/90/f332903d-fd61-0015-c2e7-806bd98508f5/mzaf_7950473143717813617.plus.aac.p.m4a,Apple iTunes Search API,https://itunes.apple.com/lookup?id=1386714588&entity=song&limit=200&country=hk,False
apple-1444164011,Eason's Life 陳奕迅2013演唱會 (Deluxe Version),live,1,1,song,"今天只做一件事 (Live In Hong Kong, 2013)",陳奕迅,2:24,144279,1444164013,,https://music.apple.com/hk/album/%E4%BB%8A%E5%A4%A9%E5%8F%AA%E5%81%9A%E4%B8%80%E4%BB%B6%E4%BA%8B-live-in-hong-kong-2013/1444164011?i=1444164013&uo=4,https://audio-ssl.itunes.apple.com/itunes-assets/AudioPreview221/v4/ac/98/3e/ac983e05-459b-24e4-f812-57ec2616b9cd/mzaf_8088916632087949485.plus.aac.p.m4a,Apple iTunes Search API,https://itunes.apple.com/lookup?id=1444164011&entity=song&limit=200&country=hk,False
apple-1444164011,Eason's Life 陳奕迅2013演唱會 (Deluxe Version),live,1,2,song,"L.I.F.E. Overture (Live In Hong Kong, 2013)",陳奕迅,2:26,146017,1444164015,,https://music.apple.com/hk/album/l-i-f-e-overture-live-in-hong-kong-2013/1444164011?i=1444164015&uo=4,https://audio-ssl.itunes.apple.com/itunes-assets/AudioPreview211/v4/05/63/7b/05637b8c-2556-c838-6868-bf54f86833a5/mzaf_7526250644903336405.plus.aac.p.m4a,Apple iTunes Search API,https://itunes.apple.com/lookup?id=1444164011&entity=song&limit=200&country=hk,False
apple-1444164011,Eason's Life 陳奕迅2013演唱會 (Deluxe Version),live,1,3,song,"花花世界 (Live In Hong Kong, 2013)",陳奕迅,4:29,268634,1444164017,,https://music.apple.com/hk/album/%E8%8A%B1%E8%8A%B1%E4%B8%96%E7%95%8C-live-in-hong-kong-2013/1444164011?i=1444164017&uo=4,https://audio-ssl.itunes.apple.com/itunes-assets/AudioPreview221/v4/9c/32/cc/9c32cc1d-b988-23d6-4146-fb742cef95b3/mzaf_28824677187811071.plus.aac.p.m4a,Apple iTunes Search API,https://itunes.apple.com/lookup?id=1444164011&entity=song&limit=200&country=hk,False
apple-1444164011,Eason's Life 陳奕迅2013演唱會 (Deluxe Version),live,1,4,song,"Life Goes On (Live In Hong Kong, 2013)",陳奕迅,3:47,226860,1444164018,,https://music.apple.com/hk/album/life-goes-on-live-in-hong-kong-2013/1444164011?i=1444164018&uo=4,https://audio-ssl.itunes.apple.com/itunes-assets/AudioPreview211/v4/f2/2f/27/f22f278d-05eb-e588-a685-e38e4409fe1a/mzaf_10480139690117975329.plus.aac.p.m4a,Apple iTunes Search API,https://itunes.apple.com/lookup?id=1444164011&entity=song&limit=200&country=hk,False
apple-1444164011,Eason's Life 陳奕迅2013演唱會 (Deluxe Version),live,1,5,song,"每一個明天 (Live In Hong Kong, 2013)",陳奕迅,4:26,266065,1444164020,,https://music.apple.com/hk/album/%E6%AF%8F%E4%B8%80%E5%80%8B%E6%98%8E%E5%A4%A9-live-in-hong-kong-2013/1444164011?i=1444164020&uo=4,https://audio-ssl.itunes.apple.com/itunes-assets/AudioPreview221/v4/a3/90/09/a39009f5-d4c5-9fc8-bc4c-92f5971feee5/mzaf_16524380818200879144.plus.aac.p.m4a,Apple iTunes Search API,https://itunes.apple.com/lookup?id=1444164011&entity=song&limit=200&country=hk,False
apple-1444164011,Eason's Life 陳奕迅2013演唱會 (Deluxe Version),live,1,6,song,"美滿人生 (Live In Hong Kong, 2013)",陳奕迅,4:00,239676,1444164022,,https://music.apple.com/hk/album/%E7%BE%8E%E6%BB%BF%E4%BA%BA%E7%94%9F-live-in-hong-kong-2013/1444164011?i=1444164022&uo=4,https://audio-ssl.itunes.apple.com/itunes-assets/AudioPreview221/v4/88/de/47/88de47b5-f548-0c12-0340-ffa27978480a/mzaf_9209253864379585206.plus.aac.p.m4a,Apple iTunes Search API,https://itunes.apple.com/lookup?id=1444164011&entity=song&limit=200&country=hk,False
apple-1444164011,Eason's Life 陳奕迅2013演唱會 (Deluxe Version),live,1,7,song,"Welcome To the Future (Live In Hong Kong, 2013)",陳奕迅,5:01,300986,1444164023,,https://music.apple.com/hk/album/welcome-to-the-future-live-in-hong-kong-2013/1444164011?i=1444164023&uo=4,https://audio-ssl.itunes.apple.com/itunes-assets/AudioPreview221/v4/e7/58/fc/e758fcdf-7e22-7076-7fe8-94ca419f760d/mzaf_11454040842572772949.plus.aac.p.m4a,Apple iTunes Search API,https://itunes.apple.com/lookup?id=1444164011&entity=song&limit=200&country=hk,False
apple-1444164011,Eason's Life 陳奕迅2013演唱會 (Deluxe Version),live,1,8,song,"時代巨輪 (Live In Hong Kong, 2013)",陳奕迅,3:53,232615,1444164025,,https://music.apple.com/hk/album/%E6%99%82%E4%BB%A3%E5%B7%A8%E8%BC%AA-live-in-hong-kong-2013/1444164011?i=1444164025&uo=4,https://audio-ssl.itunes.apple.com/itunes-assets/AudioPreview211/v4/23/f0/60/23f060f4-10d3-5cc7-a01a-c13389b4a330/mzaf_613895694393750095.plus.aac.p.m4a,Apple iTunes Search API,https://itunes.apple.com/lookup?id=1444164011&entity=song&limit=200&country=hk,False
apple-1444164011,Eason's Life 陳奕迅2013演唱會 (Deluxe Version),live,1,9,song,"大人 (Live In Hong Kong, 2013)",陳奕迅,3:05,184948,1444164026,,https://music.apple.com/hk/album/%E5%A4%A7%E4%BA%BA-live-in-hong-kong-2013/1444164011?i=1444164026&uo=4,https://audio-ssl.itunes.apple.com/itunes-assets/AudioPreview221/v4/c0/af/95/c0af951e-555c-af3a-5d92-4b8cbae7529d/mzaf_4191011014169785775.plus.aac.p.m4a,Apple iTunes Search API,https://itunes.apple.com/lookup?id=1444164011&entity=song&limit=200&country=hk,False
apple-1444164011,Eason's Life 陳奕迅2013演唱會 (Deluxe Version),live,1,10,song,"碌卡 (Live In Hong Kong, 2013)",陳奕迅,3:37,217162,1444164027,,https://music.apple.com/hk/album/%E7%A2%8C%E5%8D%A1-live-in-hong-kong-2013/1444164011?i=1444164027&uo=4,https://audio-ssl.itunes.apple.com/itunes-assets/AudioPreview211/v4/29/69/c3/2969c3a5-c23e-aa8a-4496-e4b37a697b50/mzaf_8244135698278196719.plus.aac.p.m4a,Apple iTunes Search API,https://itunes.apple.com/lookup?id=1444164011&entity=song&limit=200&country=hk,False
apple-1444164011,Eason's Life 陳奕迅2013演唱會 (Deluxe Version),live,2,1,song,"Stranger Under My Skin (Live In Hong Kong, 2013)",陳奕迅,4:10,250062,1444164031,,https://music.apple.com/hk/album/stranger-under-my-skin-live-in-hong-kong-2013/1444164011?i=1444164031&uo=4,https://audio-ssl.itunes.apple.com/itunes-assets/AudioPreview221/v4/80/26/24/802624af-a545-7137-af70-d4647f68f659/mzaf_13061752405545878224.plus.aac.p.m4a,Apple iTunes Search API,https://itunes.apple.com/lookup?id=1444164011&entity=song&limit=200&country=hk,False
apple-1444164011,Eason's Life 陳奕迅2013演唱會 (Deluxe Version),live,2,2,song,"幸福摩天輪 (Live In Hong Kong, 2013)",陳奕迅,3:27,207026,1444164032,,https://music.apple.com/hk/album/%E5%B9%B8%E7%A6%8F%E6%91%A9%E5%A4%A9%E8%BC%AA-live-in-hong-kong-2013/1444164011?i=1444164032&uo=4,https://audio-ssl.itunes.apple.com/itunes-assets/AudioPreview221/v4/f2/08/77/f2087793-d410-7c96-2752-2276b4bb64d4/mzaf_4176837711405786051.plus.aac.p.m4a,Apple iTunes Search API,https://itunes.apple.com/lookup?id=1444164011&entity=song&limit=200&country=hk,False
apple-1444164011,Eason's Life 陳奕迅2013演唱會 (Deluxe Version),live,2,3,song,"信任 (Live In Hong Kong, 2013)",陳奕迅,3:39,219016,1444164034,,https://music.apple.com/hk/album/%E4%BF%A1%E4%BB%BB-live-in-hong-kong-2013/1444164011?i=1444164034&uo=4,https://audio-ssl.itunes.apple.com/itunes-assets/AudioPreview221/v4/c3/42/42/c3424231-2e2e-40e1-d2b2-a09a9de2b522/mzaf_12027429327485319174.plus.aac.p.m4a,Apple iTunes Search API,https://itunes.apple.com/lookup?id=1444164011&entity=song&limit=200&country=hk,False
apple-1444164011,Eason's Life 陳奕迅2013演唱會 (Deluxe Version),live,2,4,song,"時光倒流二十年 (Live In Hong Kong, 2013)",陳奕迅,3:45,225455,1444164035,,https://music.apple.com/hk/album/%E6%99%82%E5%85%89%E5%80%92%E6%B5%81%E4%BA%8C%E5%8D%81%E5%B9%B4-live-in-hong-kong-2013/1444164011?i=1444164035&uo=4,https://audio-ssl.itunes.apple.com/itunes-assets/AudioPreview221/v4/56/d4/58/56d45830-b96f-3ba8-c531-4f5aebef9179/mzaf_7409467236468011633.plus.aac.p.m4a,Apple iTunes Search API,https://itunes.apple.com/lookup?id=1444164011&entity=song&limit=200&country=hk,False
apple-1444164011,Eason's Life 陳奕迅2013演唱會 (Deluxe Version),live,2,5,song,"夕陽無限好 (Live In Hong Kong, 2013)",陳奕迅,4:06,246290,1444164040,,https://music.apple.com/hk/album/%E5%A4%95%E9%99%BD%E7%84%A1%E9%99%90%E5%A5%BD-live-in-hong-kong-2013/1444164011?i=1444164040&uo=4,https://audio-ssl.itunes.apple.com/itunes-assets/AudioPreview211/v4/ec/03/cf/ec03cfbb-7ab4-b91d-3eea-87e7a0eeb743/mzaf_15431794451697032289.plus.aac.p.m4a,Apple iTunes Search API,https://itunes.apple.com/lookup?id=1444164011&entity=song&limit=200&country=hk,False
apple-1444164011,Eason's Life 陳奕迅2013演唱會 (Deluxe Version),live,2,6,song,"今日 (Live In Hong Kong, 2013)",陳奕迅,4:49,288623,1444164224,,https://music.apple.com/hk/album/%E4%BB%8A%E6%97%A5-live-in-hong-kong-2013/1444164011?i=1444164224&uo=4,https://audio-ssl.itunes.apple.com/itunes-assets/AudioPreview221/v4/52/11/a4/5211a433-33b4-4053-cd6f-496496af455b/mzaf_4162457743834521057.plus.aac.p.m4a,Apple iTunes Search API,https://itunes.apple.com/lookup?id=1444164011&entity=song&limit=200&country=hk,False
apple-1444164011,Eason's Life 陳奕迅2013演唱會 (Deluxe Version),live,2,7,song,"我的快樂時代 (Live In Hong Kong, 2013)",陳奕迅,3:59,239352,1444164227,,https://music.apple.com/hk/album/%E6%88%91%E7%9A%84%E5%BF%AB%E6%A8%82%E6%99%82%E4%BB%A3-live-in-hong-kong-2013/1444164011?i=1444164227&uo=4,https://audio-ssl.itunes.apple.com/itunes-assets/AudioPreview221/v4/60/56/d8/6056d8aa-9a48-cec9-3820-d10ba0b7e84e/mzaf_3314692543491295968.plus.aac.p.m4a,Apple iTunes Search API,https://itunes.apple.com/lookup?id=1444164011&entity=song&limit=200&country=hk,False
apple-1444164011,Eason's Life 陳奕迅2013演唱會 (Deluxe Version),live,2,8,song,"天下無雙 (Live In Hong Kong, 2013)",陳奕迅,4:23,263153,1444164228,,https://music.apple.com/hk/album/%E5%A4%A9%E4%B8%8B%E7%84%A1%E9%9B%99-live-in-hong-kong-2013/1444164011?i=1444164228&uo=4,https://audio-ssl.itunes.apple.com/itunes-assets/AudioPreview211/v4/9c/55/bb/9c55bb1e-9c97-6e4e-a055-58f101d40c42/mzaf_14684695620345813458.plus.aac.p.m4a,Apple iTunes Search API,https://itunes.apple.com/lookup?id=1444164011&entity=song&limit=200&country=hk,False
apple-1444164011,Eason's Life 陳奕迅2013演唱會 (Deluxe Version),live,2,9,song,"與我常在 (Live In Hong Kong, 2013)",陳奕迅,4:50,289900,1444164234,,https://music.apple.com/hk/album/%E8%88%87%E6%88%91%E5%B8%B8%E5%9C%A8-live-in-hong-kong-2013/1444164011?i=1444164234&uo=4,https://audio-ssl.itunes.apple.com/itunes-assets/AudioPreview221/v4/ed/32/8a/ed328a39-e38f-c6a7-e616-356232ad73f3/mzaf_919219027934499452.plus.aac.p.m4a,Apple iTunes Search API,https://itunes.apple.com/lookup?id=1444164011&entity=song&limit=200&country=hk,False
apple-1444164011,Eason's Life 陳奕迅2013演唱會 (Deluxe Version),live,2,10,song,"床頭床尾 (Live In Hong Kong, 2013)",陳奕迅,4:09,249111,1444164237,,https://music.apple.com/hk/album/%E5%BA%8A%E9%A0%AD%E5%BA%8A%E5%B0%BE-live-in-hong-kong-2013/1444164011?i=1444164237&uo=4,https://audio-ssl.itunes.apple.com/itunes-assets/AudioPreview211/v4/fe/8a/12/fe8a1240-c9b0-f7fe-666e-63ca8147dc53/mzaf_2308750521475957606.plus.aac.p.m4a,Apple iTunes Search API,https://itunes.apple.com/lookup?id=1444164011&entity=song&limit=200&country=hk,False
apple-1444164011,Eason's Life 陳奕迅2013演唱會 (Deluxe Version),live,2,11,song,"主旋律 (Live In Hong Kong, 2013)",陳奕迅,4:56,295672,1444164241,,https://music.apple.com/hk/album/%E4%B8%BB%E6%97%8B%E5%BE%8B-live-in-hong-kong-2013/1444164011?i=1444164241&uo=4,https://audio-ssl.itunes.apple.com/itunes-assets/AudioPreview211/v4/79/a7/65/79a76511-6d86-9d06-2739-8d42f549d98d/mzaf_2057874471511853729.plus.aac.p.m4a,Apple iTunes Search API,https://itunes.apple.com/lookup?id=1444164011&entity=song&limit=200&country=hk,False
apple-1444164011,Eason's Life 陳奕迅2013演唱會 (Deluxe Version),live,2,12,song,主旋律(之安魂曲) [feat. MastaMic & 姜麗文],陳奕迅,4:55,294726,1444164246,,https://music.apple.com/hk/album/%E4%B8%BB%E6%97%8B%E5%BE%8B-%E4%B9%8B%E5%AE%89%E9%AD%82%E6%9B%B2-feat-mastamic-%E5%A7%9C%E9%BA%97%E6%96%87/1444164011?i=1444164246&uo=4,https://audio-ssl.itunes.apple.com/itunes-assets/AudioPreview221/v4/02/c0/a7/02c0a775-087c-909a-528c-d7982afd2008/mzaf_11738769694330872837.plus.aac.p.m4a,Apple iTunes Search API,https://itunes.apple.com/lookup?id=1444164011&entity=song&limit=200&country=hk,False
apple-1443211952,Rice & Shine,studio,1,1,song,High Light High Life,Eason Chan,6:04,363791,1443212112,,https://music.apple.com/us/album/high-light-high-life/1443211952?i=1443212112&uo=4,https://audio-ssl.itunes.apple.com/itunes-assets/AudioPreview125/v4/d2/21/ac/d221ac16-43f9-dde6-d5fa-ae232b1d9e68/mzaf_14025102360227814330.plus.aac.p.m4a,Apple iTunes Search API,https://itunes.apple.com/lookup?id=1443211952&entity=song&limit=200&country=us,False
apple-1443211952,Rice & Shine,studio,1,2,song,Song of the Vagabond,Eason Chan,5:27,326824,1443212118,,https://music.apple.com/us/album/song-of-the-vagabond/1443211952?i=1443212118&uo=4,https://audio-ssl.itunes.apple.com/itunes-assets/AudioPreview125/v4/c1/d8/1c/c1d81c0e-4fdc-8619-7ee0-381b11a5c8ff/mzaf_3067406775543773879.plus.aac.p.m4a,Apple iTunes Search API,https://itunes.apple.com/lookup?id=1443211952&entity=song&limit=200&country=us,False
apple-1443211952,Rice & Shine,studio,1,3,song,Ygys,Eason Chan,4:13,252571,1443212120,,https://music.apple.com/us/album/ygys/1443211952?i=1443212120&uo=4,https://audio-ssl.itunes.apple.com/itunes-assets/AudioPreview125/v4/f9/b6/5a/f9b65a5a-26be-45f6-0dec-9bce887b27a6/mzaf_14710203664590277632.plus.aac.p.m4a,Apple iTunes Search API,https://itunes.apple.com/lookup?id=1443211952&entity=song&limit=200&country=us,False
apple-1443211952,Rice & Shine,studio,1,4,song,You,Eason Chan,5:13,313026,1443212121,,https://music.apple.com/us/album/you/1443211952?i=1443212121&uo=4,https://audio-ssl.itunes.apple.com/itunes-assets/AudioPreview115/v4/dc/67/cb/dc67cbda-0079-b558-1c2d-cca44f4c20dc/mzaf_14518532934623974761.plus.aac.p.m4a,Apple iTunes Search API,https://itunes.apple.com/lookup?id=1443211952&entity=song&limit=200&country=us,False
apple-1443211952,Rice & Shine,studio,1,5,song,The Moon,Eason Chan,4:50,289714,1443212122,,https://music.apple.com/us/album/the-moon/1443211952?i=1443212122&uo=4,https://audio-ssl.itunes.apple.com/itunes-assets/AudioPreview115/v4/35/b9/e9/35b9e9b9-6955-f586-b145-3251e1b691c1/mzaf_5934161582120409291.plus.aac.p.m4a,Apple iTunes Search API,https://itunes.apple.com/lookup?id=1443211952&entity=song&limit=200&country=us,False
apple-1443211952,Rice & Shine,studio,1,6,song,Forgot My Meds,Eason Chan,4:18,258462,1443212124,,https://music.apple.com/us/album/forgot-my-meds/1443211952?i=1443212124&uo=4,https://audio-ssl.itunes.apple.com/itunes-assets/AudioPreview115/v4/4d/83/e5/4d83e5f7-6daf-baea-0bc6-80351f76a2cb/mzaf_15767596748032757347.plus.aac.p.m4a,Apple iTunes Search API,https://itunes.apple.com/lookup?id=1443211952&entity=song&limit=200&country=us,False
apple-1443211952,Rice & Shine,studio,1,7,song,Slow Motion,Eason Chan,4:31,271445,1443212126,,https://music.apple.com/us/album/slow-motion/1443211952?i=1443212126&uo=4,https://audio-ssl.itunes.apple.com/itunes-assets/AudioPreview125/v4/e6/1a/3d/e61a3d91-496c-a199-66fc-fa4dec2288e1/mzaf_9204583736887301091.plus.aac.p.m4a,Apple iTunes Search API,https://itunes.apple.com/lookup?id=1443211952&entity=song&limit=200&country=us,False
apple-1443211952,Rice & Shine,studio,1,8,song,It's Over,Eason Chan,4:53,293438,1443212129,,https://music.apple.com/us/album/its-over/1443211952?i=1443212129&uo=4,https://audio-ssl.itunes.apple.com/itunes-assets/AudioPreview115/v4/3c/04/03/3c04032f-2e5f-06cc-a65a-defe250a80d2/mzaf_1907050700805872047.plus.aac.p.m4a,Apple iTunes Search API,https://itunes.apple.com/lookup?id=1443211952&entity=song&limit=200&country=us,False
apple-1443211952,Rice & Shine,studio,1,9,song,Cloudy Day,Eason Chan,4:24,264000,1443212130,,https://music.apple.com/us/album/cloudy-day/1443211952?i=1443212130&uo=4,https://audio-ssl.itunes.apple.com/itunes-assets/AudioPreview115/v4/a0/c6/d7/a0c6d7d8-dc8c-527b-43fb-e92da6e3d27c/mzaf_5310190052740167140.plus.aac.p.m4a,Apple iTunes Search API,https://itunes.apple.com/lookup?id=1443211952&entity=song&limit=200&country=us,False
apple-1443211952,Rice & Shine,studio,1,10,song,Listen Up,Eason Chan,4:53,293293,1443212134,,https://music.apple.com/us/album/listen-up/1443211952?i=1443212134&uo=4,https://audio-ssl.itunes.apple.com/itunes-assets/AudioPreview115/v4/37/f8/b7/37f8b781-e710-3fc3-4d7c-25969c850ad8/mzaf_16143260772818872060.plus.aac.p.m4a,Apple iTunes Search API,https://itunes.apple.com/lookup?id=1443211952&entity=song&limit=200&country=us,False
apple-1443211952,Rice & Shine,studio,1,11,song,High Light High Life (Remix),Eason Chan,7:04,424186,1443212138,,https://music.apple.com/us/album/high-light-high-life-remix/1443211952?i=1443212138&uo=4,https://audio-ssl.itunes.apple.com/itunes-assets/AudioPreview128/v4/89/34/f6/8934f6d1-75ac-8cdd-cc26-1a2486eaab97/mzaf_3436362837942465590.plus.aac.p.m4a,Apple iTunes Search API,https://itunes.apple.com/lookup?id=1443211952&entity=song&limit=200&country=us,False
apple-1422694136,rice & shine,studio,1,1,song,娛樂天空,陳奕迅,6:04,363791,1422694142,,https://music.apple.com/hk/album/%E5%A8%9B%E6%A8%82%E5%A4%A9%E7%A9%BA/1422694136?i=1422694142&uo=4,https://audio-ssl.itunes.apple.com/itunes-assets/AudioPreview211/v4/f8/b7/72/f8b772d4-f281-5414-0df9-413539781ea0/mzaf_4436748712194766505.plus.aac.p.m4a,Apple iTunes Search API,https://itunes.apple.com/lookup?id=1422694136&entity=song&limit=200&country=hk,False
apple-1422694136,rice & shine,studio,1,2,song,四季圈,陳奕迅,5:27,326824,1422694491,,https://music.apple.com/hk/album/%E5%9B%9B%E5%AD%A3%E5%9C%88/1422694136?i=1422694491&uo=4,https://audio-ssl.itunes.apple.com/itunes-assets/AudioPreview221/v4/6b/93/14/6b931468-7e2a-3363-51e3-a1660e2a2802/mzaf_7142457437270567549.plus.aac.p.m4a,Apple iTunes Search API,https://itunes.apple.com/lookup?id=1422694136&entity=song&limit=200&country=hk,False
apple-1422694136,rice & shine,studio,1,3,song,愚人快樂,陳奕迅,4:13,252571,1422694509,,https://music.apple.com/hk/album/%E6%84%9A%E4%BA%BA%E5%BF%AB%E6%A8%82/1422694136?i=1422694509&uo=4,https://audio-ssl.itunes.apple.com/itunes-assets/AudioPreview221/v4/02/c5/7e/02c57e58-4950-d4c5-cc24-56c3ed233a47/mzaf_101864638122695953.plus.aac.p.m4a,Apple iTunes Search API,https://itunes.apple.com/lookup?id=1422694136&entity=song&limit=200&country=hk,False
apple-1422694136,rice & shine,studio,1,4,song,不如承諾來的簡單,陳奕迅,5:13,313026,1422694665,,https://music.apple.com/hk/album/%E4%B8%8D%E5%A6%82%E6%89%BF%E8%AB%BE%E4%BE%86%E7%9A%84%E7%B0%A1%E5%96%AE/1422694136?i=1422694665&uo=4,https://audio-ssl.itunes.apple.com/itunes-assets/AudioPreview211/v4/fe/ec/79/feec79ef-ecd8-9b9e-34b6-84b7a6c5b3f3/mzaf_7154414245903955757.plus.aac.p.m4a,Apple iTunes Search API,https://itunes.apple.com/lookup?id=1422694136&entity=song&limit=200&country=hk,False
apple-1422694136,rice & shine,studio,1,5,song,對面,陳奕迅,4:50,289714,1422694672,,https://music.apple.com/hk/album/%E5%B0%8D%E9%9D%A2/1422694136?i=1422694672&uo=4,https://audio-ssl.itunes.apple.com/itunes-assets/AudioPreview221/v4/05/ab/0b/05ab0b7a-669a-c027-43e6-1271e85a8dec/mzaf_15433417143016708544.plus.aac.p.m4a,Apple iTunes Search API,https://itunes.apple.com/lookup?id=1422694136&entity=song&limit=200&country=hk,False
apple-1422694136,rice & shine,studio,1,6,song,放棄治療,陳奕迅,4:18,258462,1422694678,,https://music.apple.com/hk/album/%E6%94%BE%E6%A3%84%E6%B2%BB%E7%99%82/1422694136?i=1422694678&uo=4,https://audio-ssl.itunes.apple.com/itunes-assets/AudioPreview211/v4/a2/dc/32/a2dc3271-dfcc-a09c-4bc0-36221230d24f/mzaf_8059546291877868414.plus.aac.p.m4a,Apple iTunes Search API,https://itunes.apple.com/lookup?id=1422694136&entity=song&limit=200&country=hk,False
apple-1422694136,rice & shine,studio,1,7,song,時光隧道,陳奕迅,4:31,271445,1422694705,,https://music.apple.com/hk/album/%E6%99%82%E5%85%89%E9%9A%A7%E9%81%93/1422694136?i=1422694705&uo=4,https://audio-ssl.itunes.apple.com/itunes-assets/AudioPreview211/v4/4e/45/ad/4e45adf5-ef47-3e19-de1b-e090c9a3a325/mzaf_1907991343885066073.plus.aac.p.m4a,Apple iTunes Search API,https://itunes.apple.com/lookup?id=1422694136&entity=song&limit=200&country=hk,False
apple-1422694136,rice & shine,studio,1,8,song,可以了,陳奕迅,4:53,293438,1422694714,,https://music.apple.com/hk/album/%E5%8F%AF%E4%BB%A5%E4%BA%86/1422694136?i=1422694714&uo=4,https://audio-ssl.itunes.apple.com/itunes-assets/AudioPreview221/v4/f9/a2/1c/f9a21ce8-c7f8-5df3-e9b0-2e2fe5e007f4/mzaf_17849150875067094326.plus.aac.p.m4a,Apple iTunes Search API,https://itunes.apple.com/lookup?id=1422694136&entity=song&limit=200&country=hk,False
apple-1422694136,rice & shine,studio,1,9,song,陰天快樂,陳奕迅,4:24,264000,1422694720,,https://music.apple.com/hk/album/%E9%99%B0%E5%A4%A9%E5%BF%AB%E6%A8%82/1422694136?i=1422694720&uo=4,https://audio-ssl.itunes.apple.com/itunes-assets/AudioPreview211/v4/30/bf/df/30bfdfbd-b021-a114-c5b1-d702a5f838a5/mzaf_8453034317696907496.plus.aac.p.m4a,Apple iTunes Search API,https://itunes.apple.com/lookup?id=1422694136&entity=song&limit=200&country=hk,False
apple-1422694136,rice & shine,studio,1,10,song,你給我聽好,陳奕迅,4:53,293293,1422694843,,https://music.apple.com/hk/album/%E4%BD%A0%E7%B5%A6%E6%88%91%E8%81%BD%E5%A5%BD/1422694136?i=1422694843&uo=4,https://audio-ssl.itunes.apple.com/itunes-assets/AudioPreview211/v4/0e/df/45/0edf45e2-d59f-ce2d-7a07-a5961dbf8432/mzaf_173868457490753626.plus.aac.p.m4a,Apple iTunes Search API,https://itunes.apple.com/lookup?id=1422694136&entity=song&limit=200&country=hk,False
apple-1422694136,rice & shine,studio,1,11,song,娛樂天空 (Remix),陳奕迅,7:04,424186,1422694860,,https://music.apple.com/hk/album/%E5%A8%9B%E6%A8%82%E5%A4%A9%E7%A9%BA-remix/1422694136?i=1422694860&uo=4,https://audio-ssl.itunes.apple.com/itunes-assets/AudioPreview221/v4/fe/0e/00/fe0e0042-5b53-daed-dbca-c81eead3fb5f/mzaf_9086801361230975329.plus.aac.p.m4a,Apple iTunes Search API,https://itunes.apple.com/lookup?id=1422694136&entity=song&limit=200&country=hk,False
apple-892692130,新生活 (新曲+精選),compilation,1,1,song,終於一百日,陳奕迅,4:45,285120,892692146,,https://music.apple.com/hk/album/%E7%B5%82%E6%96%BC%E4%B8%80%E7%99%BE%E6%97%A5/892692130?i=892692146&uo=4,https://audio-ssl.itunes.apple.com/itunes-assets/AudioPreview211/v4/dc/cb/12/dccb1260-ea6f-45b3-e25c-db1f3338e483/mzaf_8485479723740164140.plus.aac.p.m4a,Apple iTunes Search API,https://itunes.apple.com/lookup?id=892692130&entity=song&limit=200&country=hk,False
apple-892692130,新生活 (新曲+精選),compilation,1,2,song,新生活,陳奕迅,3:48,227560,892692147,,https://music.apple.com/hk/album/%E6%96%B0%E7%94%9F%E6%B4%BB/892692130?i=892692147&uo=4,https://audio-ssl.itunes.apple.com/itunes-assets/AudioPreview211/v4/cf/0b/7b/cf0b7bf3-3345-ba57-a7a6-9214825d2fc2/mzaf_6780063783999853541.plus.aac.p.m4a,Apple iTunes Search API,https://itunes.apple.com/lookup?id=892692130&entity=song&limit=200&country=hk,False
apple-892692130,新生活 (新曲+精選),compilation,1,3,song,游移的傷口,陳奕迅,1:25,85493,892692148,,https://music.apple.com/hk/album/%E6%B8%B8%E7%A7%BB%E7%9A%84%E5%82%B7%E5%8F%A3/892692130?i=892692148&uo=4,https://audio-ssl.itunes.apple.com/itunes-assets/AudioPreview221/v4/90/95/f9/9095f974-e50b-df84-9247-e547540e7817/mzaf_17362709781510040870.plus.aac.p.m4a,Apple iTunes Search API,https://itunes.apple.com/lookup?id=892692130&entity=song&limit=200&country=hk,False
apple-892692130,新生活 (新曲+精選),compilation,1,4,song,我甚麼都沒有,陳奕迅,3:50,230040,892692150,,https://music.apple.com/hk/album/%E6%88%91%E7%94%9A%E9%BA%BC%E9%83%BD%E6%B2%92%E6%9C%89/892692130?i=892692150&uo=4,https://audio-ssl.itunes.apple.com/itunes-assets/AudioPreview221/v4/f3/78/27/f378279a-5ec1-d6c5-1c52-1a644c1c6611/mzaf_1456036147983202899.plus.aac.p.m4a,Apple iTunes Search API,https://itunes.apple.com/lookup?id=892692130&entity=song&limit=200&country=hk,False
apple-892692130,新生活 (新曲+精選),compilation,1,5,song,地獄咒,陳奕迅,1:57,117133,892692151,,https://music.apple.com/hk/album/%E5%9C%B0%E7%8D%84%E5%92%92/892692130?i=892692151&uo=4,https://audio-ssl.itunes.apple.com/itunes-assets/AudioPreview221/v4/ba/e8/a5/bae8a5ca-c05b-34b2-fbc2-37b9eeab2117/mzaf_7634550085340434293.plus.aac.p.m4a,Apple iTunes Search API,https://itunes.apple.com/lookup?id=892692130&entity=song&limit=200&country=hk,False
apple-892692130,新生活 (新曲+精選),compilation,1,6,song,與我常在,陳奕迅,4:02,241973,892692152,,https://music.apple.com/hk/album/%E8%88%87%E6%88%91%E5%B8%B8%E5%9C%A8/892692130?i=892692152&uo=4,https://audio-ssl.itunes.apple.com/itunes-assets/AudioPreview221/v4/e6/e2/97/e6e2970a-a143-18ec-d585-b821b374e197/mzaf_12484426364560941991.plus.aac.p.m4a,Apple iTunes Search API,https://itunes.apple.com/lookup?id=892692130&entity=song&limit=200&country=hk,False
apple-892692130,新生活 (新曲+精選),compilation,1,7,song,抱擁這分鐘,陳奕迅,4:58,297613,892692153,,https://music.apple.com/hk/album/%E6%8A%B1%E6%93%81%E9%80%99%E5%88%86%E9%90%98/892692130?i=892692153&uo=4,https://audio-ssl.itunes.apple.com/itunes-assets/AudioPreview221/v4/38/b1/c6/38b1c644-e8d9-cb5f-f7a8-6a25c41dc140/mzaf_176330617825421958.plus.aac.p.m4a,Apple iTunes Search API,https://itunes.apple.com/lookup?id=892692130&entity=song&limit=200&country=hk,False
apple-892692130,新生活 (新曲+精選),compilation,1,8,song,"天一半, 地一半",陳奕迅,2:38,157907,892692154,,https://music.apple.com/hk/album/%E5%A4%A9%E4%B8%80%E5%8D%8A-%E5%9C%B0%E4%B8%80%E5%8D%8A/892692130?i=892692154&uo=4,https://audio-ssl.itunes.apple.com/itunes-assets/AudioPreview211/v4/9e/42/ce/9e42ce25-5600-0e2a-0416-cce547d5fabc/mzaf_9690927614237802896.plus.aac.p.m4a,Apple iTunes Search API,https://itunes.apple.com/lookup?id=892692130&entity=song&limit=200&country=hk,False
apple-892692130,新生活 (新曲+精選),compilation,1,9,song,天下無雙,陳奕迅,4:21,260840,892692155,,https://music.apple.com/hk/album/%E5%A4%A9%E4%B8%8B%E7%84%A1%E9%9B%99/892692130?i=892692155&uo=4,https://audio-ssl.itunes.apple.com/itunes-assets/AudioPreview221/v4/6a/b9/5e/6ab95ef6-46e4-1ee8-87ab-898507519bd4/mzaf_1809096966256040171.plus.aac.p.m4a,Apple iTunes Search API,https://itunes.apple.com/lookup?id=892692130&entity=song&limit=200&country=hk,False
apple-892692130,新生活 (新曲+精選),compilation,1,10,song,今天等我來,陳奕迅,4:23,262680,892692156,,https://music.apple.com/hk/album/%E4%BB%8A%E5%A4%A9%E7%AD%89%E6%88%91%E4%BE%86/892692130?i=892692156&uo=4,https://audio-ssl.itunes.apple.com/itunes-assets/AudioPreview211/v4/ee/c1/b6/eec1b6b3-68e5-4371-2ae1-459b248fff54/mzaf_12871792962920083439.plus.aac.p.m4a,Apple iTunes Search API,https://itunes.apple.com/lookup?id=892692130&entity=song&limit=200&country=hk,False
apple-892692130,新生活 (新曲+精選),compilation,1,11,song,回絕,陳奕迅,1:57,116707,892692157,,https://music.apple.com/hk/album/%E5%9B%9E%E7%B5%95/892692130?i=892692157&uo=4,https://audio-ssl.itunes.apple.com/itunes-assets/AudioPreview211/v4/a3/4c/b7/a34cb754-9860-577f-a99a-2260ce29ca4f/mzaf_10617365521388826339.plus.aac.p.m4a,Apple iTunes Search API,https://itunes.apple.com/lookup?id=892692130&entity=song&limit=200&country=hk,False
apple-892692130,新生活 (新曲+精選),compilation,1,12,song,傷信,陳奕迅,4:40,279573,892692158,,https://music.apple.com/hk/album/%E5%82%B7%E4%BF%A1/892692130?i=892692158&uo=4,https://audio-ssl.itunes.apple.com/itunes-assets/AudioPreview221/v4/49/c0/96/49c096aa-7c5a-66bd-53bf-7e2b5b7f158c/mzaf_12630513434518817205.plus.aac.p.m4a,Apple iTunes Search API,https://itunes.apple.com/lookup?id=892692130&entity=song&limit=200&country=hk,False
apple-892692130,新生活 (新曲+精選),compilation,1,13,song,我的快樂時代,陳奕迅,3:36,216493,892692159,,https://music.apple.com/hk/album/%E6%88%91%E7%9A%84%E5%BF%AB%E6%A8%82%E6%99%82%E4%BB%A3/892692130?i=892692159&uo=4,https://audio-ssl.itunes.apple.com/itunes-assets/AudioPreview221/v4/6e/c9/b8/6ec9b83e-d89d-c971-4503-6dba2a28fc7f/mzaf_14897523978540934729.plus.aac.p.m4a,Apple iTunes Search API,https://itunes.apple.com/lookup?id=892692130&entity=song&limit=200&country=hk,False
apple-892692130,新生活 (新曲+精選),compilation,1,14,song,"多一點 (Acoustic Version) [無線電視劇""離島特警""主題曲]",陳奕迅,4:02,241520,892692160,,https://music.apple.com/hk/album/%E5%A4%9A%E4%B8%80%E9%BB%9E-acoustic-version-%E7%84%A1%E7%B7%9A%E9%9B%BB%E8%A6%96%E5%8A%87-%E9%9B%A2%E5%B3%B6%E7%89%B9%E8%AD%A6-%E4%B8%BB%E9%A1%8C%E6%9B%B2/892692130?i=892692160&uo=4,https://audio-ssl.itunes.apple.com/itunes-assets/AudioPreview211/v4/72/d8/19/72d819ba-585a-a56b-ae80-4fc2957aeef5/mzaf_14319492551402175083.plus.aac.p.m4a,Apple iTunes Search API,https://itunes.apple.com/lookup?id=892692130&entity=song&limit=200&country=hk,False
apple-892692130,新生活 (新曲+精選),compilation,1,15,song,時代曲,陳奕迅,4:21,260853,892692162,,https://music.apple.com/hk/album/%E6%99%82%E4%BB%A3%E6%9B%B2/892692130?i=892692162&uo=4,https://audio-ssl.itunes.apple.com/itunes-assets/AudioPreview221/v4/af/3d/bc/af3dbc22-7e98-99cd-2b79-da826f3d9545/mzaf_1114812168184114829.plus.aac.p.m4a,Apple iTunes Search API,https://itunes.apple.com/lookup?id=892692130&entity=song&limit=200&country=hk,False
apple-892692130,新生活 (新曲+精選),compilation,1,16,song,遊離份子,陳奕迅,4:55,295133,892692238,,https://music.apple.com/hk/album/%E9%81%8A%E9%9B%A2%E4%BB%BD%E5%AD%90/892692130?i=892692238&uo=4,https://audio-ssl.itunes.apple.com/itunes-assets/AudioPreview221/v4/9f/5b/c8/9f5bc852-5578-d557-8711-eb94ffdae063/mzaf_9256413630613750357.plus.aac.p.m4a,Apple iTunes Search API,https://itunes.apple.com/lookup?id=892692130&entity=song&limit=200&country=hk,False
apple-892692130,新生活 (新曲+精選),compilation,1,17,song,我怕你不肯,陳奕迅,4:29,269027,892692239,,https://music.apple.com/hk/album/%E6%88%91%E6%80%95%E4%BD%A0%E4%B8%8D%E8%82%AF/892692130?i=892692239&uo=4,https://audio-ssl.itunes.apple.com/itunes-assets/AudioPreview221/v4/2e/6b/56/2e6b569a-e36d-bf79-13c5-9aa6a891348e/mzaf_2034997435679571639.plus.aac.p.m4a,Apple iTunes Search API,https://itunes.apple.com/lookup?id=892692130&entity=song&limit=200&country=hk,False
apple-892692130,新生活 (新曲+精選),compilation,1,18,song,美滿人生,陳奕迅,3:46,226173,892692253,,https://music.apple.com/hk/album/%E7%BE%8E%E6%BB%BF%E4%BA%BA%E7%94%9F/892692130?i=892692253&uo=4,https://audio-ssl.itunes.apple.com/itunes-assets/AudioPreview221/v4/a9/fe/1c/a9fe1c83-fab0-9ed1-9678-c90121270b37/mzaf_93129300162809830.plus.aac.p.m4a,Apple iTunes Search API,https://itunes.apple.com/lookup?id=892692130&entity=song&limit=200&country=hk,False
apple-892692130,新生活 (新曲+精選),compilation,1,19,song,超人的主題曲,陳奕迅,3:20,199760,892692259,,https://music.apple.com/hk/album/%E8%B6%85%E4%BA%BA%E7%9A%84%E4%B8%BB%E9%A1%8C%E6%9B%B2/892692130?i=892692259&uo=4,https://audio-ssl.itunes.apple.com/itunes-assets/AudioPreview221/v4/bd/d6/6a/bdd66a07-19a4-48a5-2578-8ac22ddf9483/mzaf_6479808158097451150.plus.aac.p.m4a,Apple iTunes Search API,https://itunes.apple.com/lookup?id=892692130&entity=song&limit=200&country=hk,False
apple-892669236,Nothing Really Matters,studio,1,1,song,送院途中,陳奕迅,3:35,214787,892669245,,https://music.apple.com/hk/album/%E9%80%81%E9%99%A2%E9%80%94%E4%B8%AD/892669236?i=892669245&uo=4,https://audio-ssl.itunes.apple.com/itunes-assets/AudioPreview211/v4/ae/a1/c4/aea1c4e9-17c9-31ae-28de-5b428761d53a/mzaf_14818638703530987844.plus.aac.p.m4a,Apple iTunes Search API,https://itunes.apple.com/lookup?id=892669236&entity=song&limit=200&country=hk,False
apple-892669236,Nothing Really Matters,studio,1,2,song,"黑夜不再來 (電影 ""十二夜"" 主題曲)",陳奕迅,2:57,176507,892669246,,https://music.apple.com/hk/album/%E9%BB%91%E5%A4%9C%E4%B8%8D%E5%86%8D%E4%BE%86-%E9%9B%BB%E5%BD%B1-%E5%8D%81%E4%BA%8C%E5%A4%9C-%E4%B8%BB%E9%A1%8C%E6%9B%B2/892669236?i=892669246&uo=4,https://audio-ssl.itunes.apple.com/itunes-assets/AudioPreview221/v4/55/81/32/5581321e-f24f-1734-a01a-927128fd05a3/mzaf_15554438266975301662.plus.aac.p.m4a,Apple iTunes Search API,https://itunes.apple.com/lookup?id=892669236&entity=song&limit=200&country=hk,False
apple-892669236,Nothing Really Matters,studio,1,3,song,美麗有罪,陳奕迅,3:40,219613,892669247,,https://music.apple.com/hk/album/%E7%BE%8E%E9%BA%97%E6%9C%89%E7%BD%AA/892669236?i=892669247&uo=4,https://audio-ssl.itunes.apple.com/itunes-assets/AudioPreview221/v4/51/05/28/51052864-3be5-56fc-ddbd-9122f2722205/mzaf_14340984253067256317.plus.aac.p.m4a,Apple iTunes Search API,https://itunes.apple.com/lookup?id=892669236&entity=song&limit=200&country=hk,False
apple-892669236,Nothing Really Matters,studio,1,4,song,戲迷情人,陳奕迅,3:41,220760,892669248,,https://music.apple.com/hk/album/%E6%88%B2%E8%BF%B7%E6%83%85%E4%BA%BA/892669236?i=892669248&uo=4,https://audio-ssl.itunes.apple.com/itunes-assets/AudioPreview211/v4/c1/2a/a1/c12aa13b-e50d-d5a0-edce-661aee9251cd/mzaf_3518640460645998899.plus.aac.p.m4a,Apple iTunes Search API,https://itunes.apple.com/lookup?id=892669236&entity=song&limit=200&country=hk,False
apple-892669236,Nothing Really Matters,studio,1,5,song,和平飯店,陳奕迅,2:38,158293,892669249,,https://music.apple.com/hk/album/%E5%92%8C%E5%B9%B3%E9%A3%AF%E5%BA%97/892669236?i=892669249&uo=4,https://audio-ssl.itunes.apple.com/itunes-assets/AudioPreview221/v4/66/c1/62/66c1629d-9007-5516-8c71-ddef8fe632bc/mzaf_16779430876602414893.plus.aac.p.m4a,Apple iTunes Search API,https://itunes.apple.com/lookup?id=892669236&entity=song&limit=200&country=hk,False
apple-892669236,Nothing Really Matters,studio,1,6,song,我感激,陳奕迅,3:49,229427,892669250,,https://music.apple.com/hk/album/%E6%88%91%E6%84%9F%E6%BF%80/892669236?i=892669250&uo=4,https://audio-ssl.itunes.apple.com/itunes-assets/AudioPreview211/v4/8e/63/5c/8e635cfc-b89f-6913-bd6e-101b9c58a01b/mzaf_12899690331974065813.plus.aac.p.m4a,Apple iTunes Search API,https://itunes.apple.com/lookup?id=892669236&entity=song&limit=200&country=hk,False
apple-892669236,Nothing Really Matters,studio,1,7,song,到此一遊,陳奕迅,3:59,239280,892669251,,https://music.apple.com/hk/album/%E5%88%B0%E6%AD%A4%E4%B8%80%E9%81%8A/892669236?i=892669251&uo=4,https://audio-ssl.itunes.apple.com/itunes-assets/AudioPreview211/v4/a2/a5/a0/a2a5a0ca-e4ce-1f30-063f-2304958ed978/mzaf_78656765127620939.plus.aac.p.m4a,Apple iTunes Search API,https://itunes.apple.com/lookup?id=892669236&entity=song&limit=200&country=hk,False
apple-892669236,Nothing Really Matters,studio,1,8,song,當這地球沒有花,陳奕迅,3:44,224093,892669252,,https://music.apple.com/hk/album/%E7%95%B6%E9%80%99%E5%9C%B0%E7%90%83%E6%B2%92%E6%9C%89%E8%8A%B1/892669236?i=892669252&uo=4,https://audio-ssl.itunes.apple.com/itunes-assets/AudioPreview221/v4/ab/e8/65/abe86527-05cf-d279-446a-9275d091f524/mzaf_14002948187897455006.plus.aac.p.m4a,Apple iTunes Search API,https://itunes.apple.com/lookup?id=892669236&entity=song&limit=200&country=hk,False
apple-892669236,Nothing Really Matters,studio,1,9,song,Made In Hong Kong,陳奕迅,4:18,257973,892669253,,https://music.apple.com/hk/album/made-in-hong-kong/892669236?i=892669253&uo=4,https://audio-ssl.itunes.apple.com/itunes-assets/AudioPreview211/v4/f3/28/89/f328893c-c232-3f84-d304-1a14975cad7a/mzaf_5055596446444185637.plus.aac.p.m4a,Apple iTunes Search API,https://itunes.apple.com/lookup?id=892669236&entity=song&limit=200&country=hk,False
apple-892669236,Nothing Really Matters,studio,1,10,song,愛上你是我眼睛的錯,陳奕迅,4:07,247067,892669254,,https://music.apple.com/hk/album/%E6%84%9B%E4%B8%8A%E4%BD%A0%E6%98%AF%E6%88%91%E7%9C%BC%E7%9D%9B%E7%9A%84%E9%8C%AF/892669236?i=892669254&uo=4,https://audio-ssl.itunes.apple.com/itunes-assets/AudioPreview221/v4/ca/eb/bf/caebbf58-f141-f0f2-7e5e-8ee6b5f2c718/mzaf_4862525542693489314.plus.aac.p.m4a,Apple iTunes Search API,https://itunes.apple.com/lookup?id=892669236&entity=song&limit=200&country=hk,False
mb-12cd8314-0bde-4987-80a7-3a70cb11525a,十年經典,compilation,1,1,song,K歌之王,陳奕迅,3:38,218000,,dd4e5f37-a1ef-46dc-b95e-1498dfbf3556,https://musicbrainz.org/recording/dd4e5f37-a1ef-46dc-b95e-1498dfbf3556,,MusicBrainz physical release metadata,https://musicbrainz.org/release/12cd8314-0bde-4987-80a7-3a70cb11525a,False
mb-12cd8314-0bde-4987-80a7-3a70cb11525a,十年經典,compilation,1,2,song,十年,陳奕迅,3:23,203000,,2cb0f1e8-0cd3-442c-8c9a-1d5d8ae05970,https://musicbrainz.org/recording/2cb0f1e8-0cd3-442c-8c9a-1d5d8ae05970,,MusicBrainz physical release metadata,https://musicbrainz.org/release/12cd8314-0bde-4987-80a7-3a70cb11525a,False
mb-12cd8314-0bde-4987-80a7-3a70cb11525a,十年經典,compilation,1,3,song,淘汰,陳奕迅,4:45,285000,,ec577341-471e-4d0d-80f6-e57e59cd410e,https://musicbrainz.org/recording/ec577341-471e-4d0d-80f6-e57e59cd410e,,MusicBrainz physical release metadata,https://musicbrainz.org/release/12cd8314-0bde-4987-80a7-3a70cb11525a,False
mb-12cd8314-0bde-4987-80a7-3a70cb11525a,十年經典,compilation,1,4,song,愛是懷疑,陳奕迅,4:30,270000,,75001eda-2796-4df9-bca2-f7ab0672f232,https://musicbrainz.org/recording/75001eda-2796-4df9-bca2-f7ab0672f232,,MusicBrainz physical release metadata,https://musicbrainz.org/release/12cd8314-0bde-4987-80a7-3a70cb11525a,False
mb-12cd8314-0bde-4987-80a7-3a70cb11525a,十年經典,compilation,1,5,song,想哭,陳奕迅,4:04,244000,,c7c03259-d307-4c13-ba0c-56a4f229b55f,https://musicbrainz.org/recording/c7c03259-d307-4c13-ba0c-56a4f229b55f,,MusicBrainz physical release metadata,https://musicbrainz.org/release/12cd8314-0bde-4987-80a7-3a70cb11525a,False
mb-12cd8314-0bde-4987-80a7-3a70cb11525a,十年經典,compilation,1,6,song,聖誕結,陳奕迅,4:42,282000,,f9601425-d399-4860-afe7-0d12fca99ea8,https://musicbrainz.org/recording/f9601425-d399-4860-afe7-0d12fca99ea8,,MusicBrainz physical release metadata,https://musicbrainz.org/release/12cd8314-0bde-4987-80a7-3a70cb11525a,False
mb-12cd8314-0bde-4987-80a7-3a70cb11525a,十年經典,compilation,1,7,song,婚禮的祝福,陳奕迅,4:19,259000,,0cf16c42-fa21-4bb4-970f-ab91bd9c9157,https://musicbrainz.org/recording/0cf16c42-fa21-4bb4-970f-ab91bd9c9157,,MusicBrainz physical release metadata,https://musicbrainz.org/release/12cd8314-0bde-4987-80a7-3a70cb11525a,False
mb-12cd8314-0bde-4987-80a7-3a70cb11525a,十年經典,compilation,1,8,song,煙味,陳奕迅,4:23,263000,,5213cd51-b27d-42c9-a77c-1874c651791d,https://musicbrainz.org/recording/5213cd51-b27d-42c9-a77c-1874c651791d,,MusicBrainz physical release metadata,https://musicbrainz.org/release/12cd8314-0bde-4987-80a7-3a70cb11525a,False
mb-12cd8314-0bde-4987-80a7-3a70cb11525a,十年經典,compilation,1,9,song,對不起 謝謝,陳奕迅,4:22,262000,,8f16eacb-a444-4201-912f-5304c0bb72c0,https://musicbrainz.org/recording/8f16eacb-a444-4201-912f-5304c0bb72c0,,MusicBrainz physical release metadata,https://musicbrainz.org/release/12cd8314-0bde-4987-80a7-3a70cb11525a,False
mb-12cd8314-0bde-4987-80a7-3a70cb11525a,十年經典,compilation,1,10,song,好久不見,陳奕迅,4:10,250000,,3303f828-d459-4d81-a3c1-bc41413900db,https://musicbrainz.org/recording/3303f828-d459-4d81-a3c1-bc41413900db,,MusicBrainz physical release metadata,https://musicbrainz.org/release/12cd8314-0bde-4987-80a7-3a70cb11525a,False
mb-12cd8314-0bde-4987-80a7-3a70cb11525a,十年經典,compilation,1,11,song,低等動物,陳奕迅,4:20,260000,,fdc9cbe7-99ad-464c-a563-4f0db98c9c93,https://musicbrainz.org/recording/fdc9cbe7-99ad-464c-a563-4f0db98c9c93,,MusicBrainz physical release metadata,https://musicbrainz.org/release/12cd8314-0bde-4987-80a7-3a70cb11525a,False
mb-12cd8314-0bde-4987-80a7-3a70cb11525a,十年經典,compilation,1,12,song,我們都寂寞,陳奕迅,4:51,291000,,ccd2cc86-1a3f-4072-a39e-6ff2713ef146,https://musicbrainz.org/recording/ccd2cc86-1a3f-4072-a39e-6ff2713ef146,,MusicBrainz physical release metadata,https://musicbrainz.org/release/12cd8314-0bde-4987-80a7-3a70cb11525a,False
mb-12cd8314-0bde-4987-80a7-3a70cb11525a,十年經典,compilation,1,13,song,謝謝,陳奕迅,5:03,303000,,b33bcafc-3115-44ec-818c-f21af8eb47ba,https://musicbrainz.org/recording/b33bcafc-3115-44ec-818c-f21af8eb47ba,,MusicBrainz physical release metadata,https://musicbrainz.org/release/12cd8314-0bde-4987-80a7-3a70cb11525a,False
mb-12cd8314-0bde-4987-80a7-3a70cb11525a,十年經典,compilation,1,14,song,阿怪,陳奕迅,5:10,310000,,6fd333c6-ae1c-4217-9e4f-67999f193c27,https://musicbrainz.org/recording/6fd333c6-ae1c-4217-9e4f-67999f193c27,,MusicBrainz physical release metadata,https://musicbrainz.org/release/12cd8314-0bde-4987-80a7-3a70cb11525a,False
mb-12cd8314-0bde-4987-80a7-3a70cb11525a,十年經典,compilation,1,15,song,狂人日記,陳奕迅,4:21,261000,,b949b640-f949-42f3-825f-a7722cdd243b,https://musicbrainz.org/recording/b949b640-f949-42f3-825f-a7722cdd243b,,MusicBrainz physical release metadata,https://musicbrainz.org/release/12cd8314-0bde-4987-80a7-3a70cb11525a,False
mb-12cd8314-0bde-4987-80a7-3a70cb11525a,十年經典,compilation,2,1,song,愛情轉移,陳奕迅,4:20,260000,,2785500d-6f53-478b-b241-a89da06de2c8,https://musicbrainz.org/recording/2785500d-6f53-478b-b241-a89da06de2c8,,MusicBrainz physical release metadata,https://musicbrainz.org/release/12cd8314-0bde-4987-80a7-3a70cb11525a,False
mb-12cd8314-0bde-4987-80a7-3a70cb11525a,十年經典,compilation,2,2,song,你的背包,陳奕迅,3:58,238000,,8889e2ca-6846-4293-886a-f975d259e305,https://musicbrainz.org/recording/8889e2ca-6846-4293-886a-f975d259e305,,MusicBrainz physical release metadata,https://musicbrainz.org/release/12cd8314-0bde-4987-80a7-3a70cb11525a,False
mb-12cd8314-0bde-4987-80a7-3a70cb11525a,十年經典,compilation,2,3,song,預感,陳奕迅,5:07,307000,,370a065a-c917-4a47-a0b2-aebb54f42d5c,https://musicbrainz.org/recording/370a065a-c917-4a47-a0b2-aebb54f42d5c,,MusicBrainz physical release metadata,https://musicbrainz.org/release/12cd8314-0bde-4987-80a7-3a70cb11525a,False
mb-12cd8314-0bde-4987-80a7-3a70cb11525a,十年經典,compilation,2,4,song,謝謝儂,陳奕迅,4:23,263000,,ad7886bc-7492-4c2f-9eef-0b1681dbbb0a,https://musicbrainz.org/recording/ad7886bc-7492-4c2f-9eef-0b1681dbbb0a,,MusicBrainz physical release metadata,https://musicbrainz.org/release/12cd8314-0bde-4987-80a7-3a70cb11525a,False
mb-12cd8314-0bde-4987-80a7-3a70cb11525a,十年經典,compilation,2,5,song,兄妹,陳奕迅,3:28,208000,,a5be1958-0e26-4694-bfd2-24edd6b9e4a4,https://musicbrainz.org/recording/a5be1958-0e26-4694-bfd2-24edd6b9e4a4,,MusicBrainz physical release metadata,https://musicbrainz.org/release/12cd8314-0bde-4987-80a7-3a70cb11525a,False
mb-12cd8314-0bde-4987-80a7-3a70cb11525a,十年經典,compilation,2,6,song,全世界失眠,陳奕迅,4:10,250000,,5260c92b-649b-4b38-a63b-d2488f69e702,https://musicbrainz.org/recording/5260c92b-649b-4b38-a63b-d2488f69e702,,MusicBrainz physical release metadata,https://musicbrainz.org/release/12cd8314-0bde-4987-80a7-3a70cb11525a,False
mb-12cd8314-0bde-4987-80a7-3a70cb11525a,十年經典,compilation,2,7,song,不如這樣,陳奕迅,4:42,282000,,c3e7ab5a-9f34-4928-86e5-07ffa2508fb4,https://musicbrainz.org/recording/c3e7ab5a-9f34-4928-86e5-07ffa2508fb4,,MusicBrainz physical release metadata,https://musicbrainz.org/release/12cd8314-0bde-4987-80a7-3a70cb11525a,False
mb-12cd8314-0bde-4987-80a7-3a70cb11525a,十年經典,compilation,2,8,song,要你的,陳奕迅,3:41,221000,,2a2bb3f8-ece9-455b-b844-015aff343b65,https://musicbrainz.org/recording/2a2bb3f8-ece9-455b-b844-015aff343b65,,MusicBrainz physical release metadata,https://musicbrainz.org/release/12cd8314-0bde-4987-80a7-3a70cb11525a,False
mb-12cd8314-0bde-4987-80a7-3a70cb11525a,十年經典,compilation,2,9,song,不睡,陳奕迅,4:33,273000,,871ee40b-d5e6-48f7-bbf8-ac326e1eac60,https://musicbrainz.org/recording/871ee40b-d5e6-48f7-bbf8-ac326e1eac60,,MusicBrainz physical release metadata,https://musicbrainz.org/release/12cd8314-0bde-4987-80a7-3a70cb11525a,False
mb-12cd8314-0bde-4987-80a7-3a70cb11525a,十年經典,compilation,2,10,song,紅玫瑰,陳奕迅,4:00,240000,,5800dba2-cc52-49b1-9e10-c1869657c7be,https://musicbrainz.org/recording/5800dba2-cc52-49b1-9e10-c1869657c7be,,MusicBrainz physical release metadata,https://musicbrainz.org/release/12cd8314-0bde-4987-80a7-3a70cb11525a,False
mb-12cd8314-0bde-4987-80a7-3a70cb11525a,十年經典,compilation,2,11,song,拔河,陳奕迅 & 梁漢文,4:38,278000,,a2e20391-7d81-46a8-9436-8871ef0832c8,https://musicbrainz.org/recording/a2e20391-7d81-46a8-9436-8871ef0832c8,,MusicBrainz physical release metadata,https://musicbrainz.org/release/12cd8314-0bde-4987-80a7-3a70cb11525a,False
mb-12cd8314-0bde-4987-80a7-3a70cb11525a,十年經典,compilation,2,12,song,不然你要我怎麼樣,陳奕迅,4:53,293000,,b2f8abe3-33cc-4a8e-a719-8894bbdfa2d2,https://musicbrainz.org/recording/b2f8abe3-33cc-4a8e-a719-8894bbdfa2d2,,MusicBrainz physical release metadata,https://musicbrainz.org/release/12cd8314-0bde-4987-80a7-3a70cb11525a,False
mb-12cd8314-0bde-4987-80a7-3a70cb11525a,十年經典,compilation,2,13,song,世界,陳奕迅,4:21,261000,,2b60e843-0b8a-4849-a1d4-9c46ad013e01,https://musicbrainz.org/recording/2b60e843-0b8a-4849-a1d4-9c46ad013e01,,MusicBrainz physical release metadata,https://musicbrainz.org/release/12cd8314-0bde-4987-80a7-3a70cb11525a,False
mb-12cd8314-0bde-4987-80a7-3a70cb11525a,十年經典,compilation,2,14,song,人造衛星,陳奕迅,3:59,239000,,cbe3e2af-19d3-4638-9f50-258d87df936f,https://musicbrainz.org/recording/cbe3e2af-19d3-4638-9f50-258d87df936f,,MusicBrainz physical release metadata,https://musicbrainz.org/release/12cd8314-0bde-4987-80a7-3a70cb11525a,False
mb-12cd8314-0bde-4987-80a7-3a70cb11525a,十年經典,compilation,2,15,song,醞釀,陳奕迅,4:29,269000,,1bfe92dc-cadb-4fbf-9929-2cebd67845d4,https://musicbrainz.org/recording/1bfe92dc-cadb-4fbf-9929-2cebd67845d4,,MusicBrainz physical release metadata,https://musicbrainz.org/release/12cd8314-0bde-4987-80a7-3a70cb11525a,False
apple-1445307148,暴風雨 (《暴瘋語》電影主題曲) - Single,single,1,1,song,暴風雨(《暴瘋語》電影主題曲),陳奕迅,3:59,238966,1445307149,,https://music.apple.com/hk/album/%E6%9A%B4%E9%A2%A8%E9%9B%A8-%E6%9A%B4%E7%98%8B%E8%AA%9E-%E9%9B%BB%E5%BD%B1%E4%B8%BB%E9%A1%8C%E6%9B%B2/1445307148?i=1445307149&uo=4,https://audio-ssl.itunes.apple.com/itunes-assets/AudioPreview115/v4/c7/6f/e8/c76fe897-2cf3-bda5-b9f3-410fd8bdce32/mzaf_12858759709616531268.plus.aac.p.m4a,Apple iTunes Search API,https://itunes.apple.com/lookup?id=1445307148&entity=song&limit=200&country=hk,False
apple-1422674966,準備中,studio,1,1,song,老細我撇先,陳奕迅,4:02,242038,1422674969,,https://music.apple.com/hk/album/%E8%80%81%E7%B4%B0%E6%88%91%E6%92%87%E5%85%88/1422674966?i=1422674969&uo=4,https://audio-ssl.itunes.apple.com/itunes-assets/AudioPreview211/v4/fe/8d/df/fe8ddf3c-3896-1704-2ddb-c704edc06dbf/mzaf_7587427663381251991.plus.aac.p.m4a,Apple iTunes Search API,https://itunes.apple.com/lookup?id=1422674966&entity=song&limit=200&country=hk,False
apple-1422674966,準備中,studio,1,2,song,無條件,陳奕迅,3:50,229635,1422674971,,https://music.apple.com/hk/album/%E7%84%A1%E6%A2%9D%E4%BB%B6/1422674966?i=1422674971&uo=4,https://audio-ssl.itunes.apple.com/itunes-assets/AudioPreview211/v4/38/8a/53/388a5361-469d-9959-8748-052f1f449fe6/mzaf_9417844734824877072.plus.aac.p.m4a,Apple iTunes Search API,https://itunes.apple.com/lookup?id=1422674966&entity=song&limit=200&country=hk,False
apple-1422674966,準備中,studio,1,3,song,人生馬拉松 (渣打香港馬拉松二十周年主題曲),陳奕迅,4:51,291358,1422674972,,https://music.apple.com/hk/album/%E4%BA%BA%E7%94%9F%E9%A6%AC%E6%8B%89%E6%9D%BE-%E6%B8%A3%E6%89%93%E9%A6%99%E6%B8%AF%E9%A6%AC%E6%8B%89%E6%9D%BE%E4%BA%8C%E5%8D%81%E5%91%A8%E5%B9%B4%E4%B8%BB%E9%A1%8C%E6%9B%B2/1422674966?i=1422674972&uo=4,https://audio-ssl.itunes.apple.com/itunes-assets/AudioPreview221/v4/5d/18/cb/5d18cbb5-7488-754e-fc25-fcab72f58522/mzaf_11733747189518436004.plus.aac.p.m4a,Apple iTunes Search API,https://itunes.apple.com/lookup?id=1422674966&entity=song&limit=200&country=hk,False
apple-1422674966,準備中,studio,1,4,song,黑洞,陳奕迅,3:46,225769,1422675242,,https://music.apple.com/hk/album/%E9%BB%91%E6%B4%9E/1422674966?i=1422675242&uo=4,https://audio-ssl.itunes.apple.com/itunes-assets/AudioPreview211/v4/92/5f/cd/925fcd7d-cd75-28e5-7adf-9808bef86233/mzaf_895582744069172662.plus.aac.p.m4a,Apple iTunes Search API,https://itunes.apple.com/lookup?id=1422674966&entity=song&limit=200&country=hk,False
apple-1422674966,準備中,studio,1,5,song,心燒,陳奕迅,3:44,224198,1422675251,,https://music.apple.com/hk/album/%E5%BF%83%E7%87%92/1422674966?i=1422675251&uo=4,https://audio-ssl.itunes.apple.com/itunes-assets/AudioPreview221/v4/d9/fd/a1/d9fda125-71e3-898b-4d86-bed5eff26357/mzaf_16835319272068107952.plus.aac.p.m4a,Apple iTunes Search API,https://itunes.apple.com/lookup?id=1422674966&entity=song&limit=200&country=hk,False
apple-1422674966,準備中,studio,1,6,song,喜歡一個人,陳奕迅,4:34,274403,1422675252,,https://music.apple.com/hk/album/%E5%96%9C%E6%AD%A1%E4%B8%80%E5%80%8B%E4%BA%BA/1422674966?i=1422675252&uo=4,https://audio-ssl.itunes.apple.com/itunes-assets/AudioPreview221/v4/8d/fd/80/8dfd80e0-f621-4f9c-c940-966f9360cc74/mzaf_14190441306771234424.plus.aac.p.m4a,Apple iTunes Search API,https://itunes.apple.com/lookup?id=1422674966&entity=song&limit=200&country=hk,False
apple-1422674966,準備中,studio,1,7,song,萬聖節的一個傳說,陳奕迅,4:08,247803,1422675253,,https://music.apple.com/hk/album/%E8%90%AC%E8%81%96%E7%AF%80%E7%9A%84%E4%B8%80%E5%80%8B%E5%82%B3%E8%AA%AA/1422674966?i=1422675253&uo=4,https://audio-ssl.itunes.apple.com/itunes-assets/AudioPreview211/v4/32/bb/ab/32bbab3b-cec2-3966-ce0a-79531c0f52c1/mzaf_14962996460744298343.plus.aac.p.m4a,Apple iTunes Search API,https://itunes.apple.com/lookup?id=1422674966&entity=song&limit=200&country=hk,False
apple-1422674966,準備中,studio,1,8,song,起點.終站,陳奕迅,4:11,250816,1422675254,,https://music.apple.com/hk/album/%E8%B5%B7%E9%BB%9E-%E7%B5%82%E7%AB%99/1422674966?i=1422675254&uo=4,https://audio-ssl.itunes.apple.com/itunes-assets/AudioPreview221/v4/9f/be/ad/9fbead8c-c512-a07e-6450-7cc420596095/mzaf_2364251097932707824.plus.aac.p.m4a,Apple iTunes Search API,https://itunes.apple.com/lookup?id=1422674966&entity=song&limit=200&country=hk,False
apple-1422674966,準備中,studio,1,9,song,一個靈魂的獨白,陳奕迅,5:06,306065,1422675255,,https://music.apple.com/hk/album/%E4%B8%80%E5%80%8B%E9%9D%88%E9%AD%82%E7%9A%84%E7%8D%A8%E7%99%BD/1422674966?i=1422675255&uo=4,https://audio-ssl.itunes.apple.com/itunes-assets/AudioPreview221/v4/26/23/c1/2623c111-78a7-e425-798f-67d54282ac4a/mzaf_2376767447730706728.plus.aac.p.m4a,Apple iTunes Search API,https://itunes.apple.com/lookup?id=1422674966&entity=song&limit=200&country=hk,False
apple-1422674966,準備中,studio,1,10,song,夢的可能,陳奕迅,4:14,254236,1422675256,,https://music.apple.com/hk/album/%E5%A4%A2%E7%9A%84%E5%8F%AF%E8%83%BD/1422674966?i=1422675256&uo=4,https://audio-ssl.itunes.apple.com/itunes-assets/AudioPreview221/v4/0e/dc/29/0edc2937-97ec-2e80-e416-4c3acf41eb47/mzaf_4142187779303801456.plus.aac.p.m4a,Apple iTunes Search API,https://itunes.apple.com/lookup?id=1422674966&entity=song&limit=200&country=hk,False
apple-1422674966,準備中,studio,1,11,song,異夢,陳奕迅,3:47,227000,,9ed34f96-8835-4cae-aed8-7b91a07f61a4,https://musicbrainz.org/recording/9ed34f96-8835-4cae-aed8-7b91a07f61a4,,MusicBrainz physical release metadata,https://musicbrainz.org/release/708e75f6-3fea-4cba-ba05-e27695d71e1e,True
apple-1444411811,"恐龍進化論 (""死開啲啦""電影主題曲) - Single",single,1,1,song,"恐龍進化論 (""死開啲啦""電影主題曲)",陳奕迅,3:12,192000,1444411814,,https://music.apple.com/hk/album/%E6%81%90%E9%BE%8D%E9%80%B2%E5%8C%96%E8%AB%96-%E6%AD%BB%E9%96%8B%E5%95%B2%E5%95%A6-%E9%9B%BB%E5%BD%B1%E4%B8%BB%E9%A1%8C%E6%9B%B2/1444411811?i=1444411814&uo=4,https://audio-ssl.itunes.apple.com/itunes-assets/AudioPreview125/v4/b1/0a/31/b10a3165-a91b-4e72-227a-cfb6d473e70d/mzaf_12927446353501264348.plus.aac.p.m4a,Apple iTunes Search API,https://itunes.apple.com/lookup?id=1444411811&entity=song&limit=200&country=hk,False
apple-1445308857,"陪你度过漫长岁月 (""陪安东​​尼度过漫长岁月""电影主题曲) - Single",single,1,1,song,"陪你度过漫长岁月 (""陪安东​​尼度过漫长岁月""电影主题曲)",陈奕迅,4:02,242400,1445308862,,https://music.apple.com/cn/album/%E9%99%AA%E4%BD%A0%E5%BA%A6%E8%BF%87%E6%BC%AB%E9%95%BF%E5%B2%81%E6%9C%88-%E9%99%AA%E5%AE%89%E4%B8%9C-%E5%B0%BC%E5%BA%A6%E8%BF%87%E6%BC%AB%E9%95%BF%E5%B2%81%E6%9C%88-%E7%94%B5%E5%BD%B1%E4%B8%BB%E9%A2%98%E6%9B%B2/1445308857?i=1445308862,https://audio-ssl.itunes.apple.com/itunes-assets/AudioPreview211/v4/06/a9/16/06a916df-0383-e3d7-14f8-82e4e7938390/mzaf_6325637529855103579.plus.aac.p.m4a,Apple Music public album page,https://music.apple.com/cn/album/%E9%99%AA%E4%BD%A0%E5%BA%A6%E8%BF%87%E6%BC%AB%E9%95%BF%E5%B2%81%E6%9C%88-%E9%99%AA%E5%AE%89%E4%B8%9C-%E5%B0%BC%E5%BA%A6%E8%BF%87%E6%BC%AB%E9%95%BF%E5%B2%81%E6%9C%88-%E7%94%B5%E5%BD%B1%E4%B8%BB%E9%A2%98%E6%9B%B2-single/1445308857?uo=4,True
apple-1444442608,"陪你度過漫長歲月 (""陪安東尼度過漫長歲月""電影主題曲) - Single",single,1,1,song,"陪你度過漫長歲月 (""陪安東尼度過漫長歲月""電影主題曲)",陳奕迅,4:02,242400,1444442617,,https://music.apple.com/hk/album/%E9%99%AA%E4%BD%A0%E5%BA%A6%E9%81%8E%E6%BC%AB%E9%95%B7%E6%AD%B2%E6%9C%88-%E9%99%AA%E5%AE%89%E6%9D%B1%E5%B0%BC%E5%BA%A6%E9%81%8E%E6%BC%AB%E9%95%B7%E6%AD%B2%E6%9C%88-%E9%9B%BB%E5%BD%B1%E4%B8%BB%E9%A1%8C%E6%9B%B2/1444442608?i=1444442617&uo=4,https://audio-ssl.itunes.apple.com/itunes-assets/AudioPreview115/v4/17/d9/34/17d934bc-e62a-53e4-f340-38d24290cfd7/mzaf_2869153466326159751.plus.aac.p.m4a,Apple iTunes Search API,https://itunes.apple.com/lookup?id=1444442608&entity=song&limit=200&country=hk,False
apple-1444408224,"Sleep Alone (From ""Les Aventures d' Anthony"") - Single",single,1,1,song,"Sleep Alone (From ""Les Aventures d' Anthony"")",陳奕迅,2:25,145465,1444408232,,https://music.apple.com/hk/album/sleep-alone-from-les-aventures-d-anthony/1444408224?i=1444408232&uo=4,https://audio-ssl.itunes.apple.com/itunes-assets/AudioPreview115/v4/ad/eb/8c/adeb8c99-e08c-8318-5d21-d596f716b8a6/mzaf_9157777303318256750.plus.aac.p.m4a,Apple iTunes Search API,https://itunes.apple.com/lookup?id=1444408224&entity=song&limit=200&country=hk,False
apple-1446857587,在這個世界相遇 (動畫電影《大魚海棠》主題曲) - Single,single,1,1,song,在这个世界相遇 (动画电影《大鱼海棠》主题曲),陈奕迅,5:09,309390,1446857832,,https://music.apple.com/cn/album/%E5%9C%A8%E8%BF%99%E4%B8%AA%E4%B8%96%E7%95%8C%E7%9B%B8%E9%81%87-%E5%8A%A8%E7%94%BB%E7%94%B5%E5%BD%B1-%E5%A4%A7%E9%B1%BC%E6%B5%B7%E6%A3%A0-%E4%B8%BB%E9%A2%98%E6%9B%B2/1446857587?i=1446857832,https://audio-ssl.itunes.apple.com/itunes-assets/AudioPreview125/v4/a8/1e/73/a81e73d0-03a9-ee2d-9b7b-5694c55cb34a/mzaf_15331794695266196915.plus.aac.p.m4a,Apple Music public album page,https://music.apple.com/cn/album/%E5%9C%A8%E9%80%99%E5%80%8B%E4%B8%96%E7%95%8C%E7%9B%B8%E9%81%87-%E5%8B%95%E7%95%AB%E9%9B%BB%E5%BD%B1-%E5%A4%A7%E9%AD%9A%E6%B5%B7%E6%A3%A0-%E4%B8%BB%E9%A1%8C%E6%9B%B2-single/1446857587?uo=4,True
apple-1446859357,I Do - Single,single,1,1,song,I Do,陳奕迅,4:09,249090,1446859728,,https://music.apple.com/hk/album/i-do/1446859357?i=1446859728&uo=4,https://audio-ssl.itunes.apple.com/itunes-assets/AudioPreview125/v4/e8/ab/99/e8ab993f-973d-e057-6783-02bcc6b6aff8/mzaf_13721473190536007530.plus.aac.p.m4a,Apple iTunes Search API,https://itunes.apple.com/lookup?id=1446859357&entity=song&limit=200&country=hk,False
apple-1452838886,I Do - Single,single,1,1,song,I Do,陳奕迅,4:09,249237,1452838887,,https://music.apple.com/hk/album/i-do/1452838886?i=1452838887&uo=4,https://audio-ssl.itunes.apple.com/itunes-assets/AudioPreview125/v4/f7/73/e0/f773e046-2b38-c7ae-788e-6d6aaac5b11c/mzaf_11935376165124733580.plus.aac.p.m4a,Apple iTunes Search API,https://itunes.apple.com/lookup?id=1452838886&entity=song&limit=200&country=hk,False
apple-1445302735,四季 - Single,single,1,1,song,四季,陳奕迅,4:05,244829,1445302741,,https://music.apple.com/hk/album/%E5%9B%9B%E5%AD%A3/1445302735?i=1445302741&uo=4,https://audio-ssl.itunes.apple.com/itunes-assets/AudioPreview221/v4/de/93/6b/de936b27-0d71-051e-a270-ad7a70488a25/mzaf_453530084219367409.plus.aac.p.m4a,Apple iTunes Search API,https://itunes.apple.com/lookup?id=1445302735&entity=song&limit=200&country=hk,False
apple-1445291082,讓我留在你身邊 - Single,single,1,1,song,讓我留在你身邊,陳奕迅,3:05,185384,1445291088,,https://music.apple.com/hk/album/%E8%AE%93%E6%88%91%E7%95%99%E5%9C%A8%E4%BD%A0%E8%BA%AB%E9%82%8A/1445291082?i=1445291088&uo=4,https://audio-ssl.itunes.apple.com/itunes-assets/AudioPreview211/v4/a1/8f/03/a18f038f-023c-e3e7-52c3-8a18a00d588a/mzaf_3077187729608991573.plus.aac.p.m4a,Apple iTunes Search API,https://itunes.apple.com/lookup?id=1445291082&entity=song&limit=200&country=hk,False
mb-8c99dea6-6631-4fe8-9ebc-8eda672893fb,十面埋伏,compilation,1,1,song,十面埋伏,陳奕迅,3:50,229706,,be30b491-4b3d-42e7-bcc3-7636596045f3,https://musicbrainz.org/recording/be30b491-4b3d-42e7-bcc3-7636596045f3,,MusicBrainz physical release metadata,https://musicbrainz.org/release/8c99dea6-6631-4fe8-9ebc-8eda672893fb,False
mb-8c99dea6-6631-4fe8-9ebc-8eda672893fb,十面埋伏,compilation,1,2,song,最佳損友(To My Friend Special Mix),陳奕迅,3:54,234240,,c19757a5-95cc-4fcf-afd5-a71465ac3649,https://musicbrainz.org/recording/c19757a5-95cc-4fcf-afd5-a71465ac3649,,MusicBrainz physical release metadata,https://musicbrainz.org/release/8c99dea6-6631-4fe8-9ebc-8eda672893fb,False
mb-8c99dea6-6631-4fe8-9ebc-8eda672893fb,十面埋伏,compilation,1,3,song,幸災樂禍,陳奕迅,3:26,206026,,8d7a6662-ce3c-4c9b-8c92-78d19cfc2af0,https://musicbrainz.org/recording/8d7a6662-ce3c-4c9b-8c92-78d19cfc2af0,,MusicBrainz physical release metadata,https://musicbrainz.org/release/8c99dea6-6631-4fe8-9ebc-8eda672893fb,False
mb-8c99dea6-6631-4fe8-9ebc-8eda672893fb,十面埋伏,compilation,1,4,song,恐龍進化論,陳奕迅,3:12,192266,,2a77382b-7fbf-4a17-9a84-d291fad8e916,https://musicbrainz.org/recording/2a77382b-7fbf-4a17-9a84-d291fad8e916,,MusicBrainz physical release metadata,https://musicbrainz.org/release/8c99dea6-6631-4fe8-9ebc-8eda672893fb,False
mb-8c99dea6-6631-4fe8-9ebc-8eda672893fb,十面埋伏,compilation,1,5,song,不知所謂,陳奕迅,3:24,203573,,790c4389-43c3-443d-a3c2-f987ce0a4a2b,https://musicbrainz.org/recording/790c4389-43c3-443d-a3c2-f987ce0a4a2b,,MusicBrainz physical release metadata,https://musicbrainz.org/release/8c99dea6-6631-4fe8-9ebc-8eda672893fb,False
mb-8c99dea6-6631-4fe8-9ebc-8eda672893fb,十面埋伏,compilation,1,6,song,歲月如歌,陳奕迅,3:28,208266,,63699704-a71e-4902-96bd-887fa2112503,https://musicbrainz.org/recording/63699704-a71e-4902-96bd-887fa2112503,,MusicBrainz physical release metadata,https://musicbrainz.org/release/8c99dea6-6631-4fe8-9ebc-8eda672893fb,False
mb-8c99dea6-6631-4fe8-9ebc-8eda672893fb,十面埋伏,compilation,1,7,song,還有什麼可以送給你,陳奕迅,4:27,267253,,79f44c5e-0b2d-42ea-a499-e216e5cce649,https://musicbrainz.org/recording/79f44c5e-0b2d-42ea-a499-e216e5cce649,,MusicBrainz physical release metadata,https://musicbrainz.org/release/8c99dea6-6631-4fe8-9ebc-8eda672893fb,False
mb-8c99dea6-6631-4fe8-9ebc-8eda672893fb,十面埋伏,compilation,1,8,song,信任,陳奕迅,3:28,207626,,07bf8e40-3759-4e31-9c30-0f91d92f0c47,https://musicbrainz.org/recording/07bf8e40-3759-4e31-9c30-0f91d92f0c47,,MusicBrainz physical release metadata,https://musicbrainz.org/release/8c99dea6-6631-4fe8-9ebc-8eda672893fb,False
mb-8c99dea6-6631-4fe8-9ebc-8eda672893fb,十面埋伏,compilation,1,9,song,任我行,陳奕迅,4:37,277173,,90ea3090-60e2-4c20-b166-6a26af7fcd32,https://musicbrainz.org/recording/90ea3090-60e2-4c20-b166-6a26af7fcd32,,MusicBrainz physical release metadata,https://musicbrainz.org/release/8c99dea6-6631-4fe8-9ebc-8eda672893fb,False
mb-8c99dea6-6631-4fe8-9ebc-8eda672893fb,十面埋伏,compilation,1,10,song,不如不見,陳奕迅,4:07,247360,,6e64d736-89e9-4e9b-9ab4-18ffb5257052,https://musicbrainz.org/recording/6e64d736-89e9-4e9b-9ab4-18ffb5257052,,MusicBrainz physical release metadata,https://musicbrainz.org/release/8c99dea6-6631-4fe8-9ebc-8eda672893fb,False
mb-8c99dea6-6631-4fe8-9ebc-8eda672893fb,十面埋伏,compilation,1,11,song,葉問風中轉,陳奕迅,6:07,366506,,248a424b-3733-46dc-9479-b99f454a020f,https://musicbrainz.org/recording/248a424b-3733-46dc-9479-b99f454a020f,,MusicBrainz physical release metadata,https://musicbrainz.org/release/8c99dea6-6631-4fe8-9ebc-8eda672893fb,False
mb-8c99dea6-6631-4fe8-9ebc-8eda672893fb,十面埋伏,compilation,1,12,song,熱島小夜曲,陳奕迅,4:04,244366,,2b4ba555-ddaa-486a-812f-054492d3af04,https://musicbrainz.org/recording/2b4ba555-ddaa-486a-812f-054492d3af04,,MusicBrainz physical release metadata,https://musicbrainz.org/release/8c99dea6-6631-4fe8-9ebc-8eda672893fb,False
apple-1446861450,在這個世界相遇 (動畫電影《大魚海棠》主題曲) - Single,single,1,1,song,在這個世界相遇 (動畫電影《大魚海棠》主題曲),陳奕迅,5:09,309390,1446861710,,https://music.apple.com/hk/album/%E5%9C%A8%E9%80%99%E5%80%8B%E4%B8%96%E7%95%8C%E7%9B%B8%E9%81%87-%E5%8B%95%E7%95%AB%E9%9B%BB%E5%BD%B1-%E5%A4%A7%E9%AD%9A%E6%B5%B7%E6%A3%A0-%E4%B8%BB%E9%A1%8C%E6%9B%B2/1446861450?i=1446861710&uo=4,https://audio-ssl.itunes.apple.com/itunes-assets/AudioPreview125/v4/61/ec/03/61ec034b-6d96-e044-9290-3d75cacfc8fc/mzaf_13345593004330309435.plus.aac.p.m4a,Apple iTunes Search API,https://itunes.apple.com/lookup?id=1446861450&entity=song&limit=200&country=hk,False
apple-1444400349,披風 - Single,single,1,1,song,披風,陳奕迅,3:56,236000,1444400353,,https://music.apple.com/hk/album/%E6%8A%AB%E9%A2%A8/1444400349?i=1444400353&uo=4,https://audio-ssl.itunes.apple.com/itunes-assets/AudioPreview118/v4/88/07/d5/8807d592-9d85-bc06-d3af-ad71ffbb4e02/mzaf_8975952742776277444.plus.aac.p.m4a,Apple iTunes Search API,https://itunes.apple.com/lookup?id=1444400349&entity=song&limit=200&country=hk,False
apple-1444408564,放 - Single,single,1,1,song,放,陳奕迅,3:26,206000,1444408569,,https://music.apple.com/hk/album/%E6%94%BE/1444408564?i=1444408569&uo=4,https://audio-ssl.itunes.apple.com/itunes-assets/AudioPreview118/v4/b9/71/94/b97194f1-ff7c-9bf3-d5ec-c2334aa8c0e4/mzaf_1315984219452487259.plus.aac.p.m4a,Apple iTunes Search API,https://itunes.apple.com/lookup?id=1444408564&entity=song&limit=200&country=hk,False
apple-1444396466,海膽 - Single,single,1,1,song,海膽,陳奕迅,3:17,197000,1444396469,,https://music.apple.com/hk/album/%E6%B5%B7%E8%86%BD/1444396466?i=1444396469&uo=4,https://audio-ssl.itunes.apple.com/itunes-assets/AudioPreview128/v4/6f/38/28/6f3828ad-94bb-0630-bff6-86214dcffa48/mzaf_8654124003285462172.plus.aac.p.m4a,Apple iTunes Search API,https://itunes.apple.com/lookup?id=1444396466&entity=song&limit=200&country=hk,False
apple-1440909180,C'mon in~,studio,1,1,song,放,陳奕迅,3:26,206000,1440909311,,https://music.apple.com/hk/album/%E6%94%BE/1440909180?i=1440909311&uo=4,https://audio-ssl.itunes.apple.com/itunes-assets/AudioPreview221/v4/bc/50/d4/bc50d4c9-8c8d-2fc2-ac4a-a1a4c07f1c8e/mzaf_15674121062785482764.plus.aac.p.m4a,Apple iTunes Search API,https://itunes.apple.com/lookup?id=1440909180&entity=song&limit=200&country=hk,False
apple-1440909180,C'mon in~,studio,1,2,song,收心操,陳奕迅,2:53,173000,1440909316,,https://music.apple.com/hk/album/%E6%94%B6%E5%BF%83%E6%93%8D/1440909180?i=1440909316&uo=4,https://audio-ssl.itunes.apple.com/itunes-assets/AudioPreview211/v4/21/76/b2/2176b233-9cfd-8dd6-90ce-d71fdf8e4368/mzaf_11889040962440848206.plus.aac.p.m4a,Apple iTunes Search API,https://itunes.apple.com/lookup?id=1440909180&entity=song&limit=200&country=hk,False
apple-1440909180,C'mon in~,studio,1,3,song,海膽,陳奕迅,3:17,197000,1440909319,,https://music.apple.com/hk/album/%E6%B5%B7%E8%86%BD/1440909180?i=1440909319&uo=4,https://audio-ssl.itunes.apple.com/itunes-assets/AudioPreview211/v4/02/ec/e2/02ece2c3-14ad-9e5d-15ca-3fe133d1d0ba/mzaf_625280941926223031.plus.aac.p.m4a,Apple iTunes Search API,https://itunes.apple.com/lookup?id=1440909180&entity=song&limit=200&country=hk,False
apple-1440909180,C'mon in~,studio,1,4,song,誰來剪月光,陳奕迅,3:32,212000,1440909321,,https://music.apple.com/hk/album/%E8%AA%B0%E4%BE%86%E5%89%AA%E6%9C%88%E5%85%89/1440909180?i=1440909321&uo=4,https://audio-ssl.itunes.apple.com/itunes-assets/AudioPreview221/v4/cc/5f/6b/cc5f6b30-fe83-f714-0a2d-03229717491c/mzaf_8238762875810156726.plus.aac.p.m4a,Apple iTunes Search API,https://itunes.apple.com/lookup?id=1440909180&entity=song&limit=200&country=hk,False
apple-1440909180,C'mon in~,studio,1,5,song,床上的黑洞,陳奕迅,3:07,187000,1440909323,,https://music.apple.com/hk/album/%E5%BA%8A%E4%B8%8A%E7%9A%84%E9%BB%91%E6%B4%9E/1440909180?i=1440909323&uo=4,https://audio-ssl.itunes.apple.com/itunes-assets/AudioPreview211/v4/da/52/b9/da52b9a5-7a71-5d2f-4262-89e8d4ca9113/mzaf_12589519778029206414.plus.aac.p.m4a,Apple iTunes Search API,https://itunes.apple.com/lookup?id=1440909180&entity=song&limit=200&country=hk,False
apple-1440909180,C'mon in~,studio,1,6,song,右上角,陳奕迅,3:29,209000,1440909325,,https://music.apple.com/hk/album/%E5%8F%B3%E4%B8%8A%E8%A7%92/1440909180?i=1440909325&uo=4,https://audio-ssl.itunes.apple.com/itunes-assets/AudioPreview211/v4/27/3b/56/273b5689-926e-6fb7-8c40-4f67ad071be7/mzaf_14166890219929124371.plus.aac.p.m4a,Apple iTunes Search API,https://itunes.apple.com/lookup?id=1440909180&entity=song&limit=200&country=hk,False
apple-1440909180,C'mon in~,studio,1,7,song,之外,陳奕迅,3:59,239000,1440909327,,https://music.apple.com/hk/album/%E4%B9%8B%E5%A4%96/1440909180?i=1440909327&uo=4,https://audio-ssl.itunes.apple.com/itunes-assets/AudioPreview211/v4/2c/3b/d9/2c3bd9a4-5f31-cfff-4d84-dfe16b34acde/mzaf_4243929695117581420.plus.aac.p.m4a,Apple iTunes Search API,https://itunes.apple.com/lookup?id=1440909180&entity=song&limit=200&country=hk,False
apple-1440909180,C'mon in~,studio,1,8,song,傅科擺,陳奕迅,4:05,245000,1440909330,,https://music.apple.com/hk/album/%E5%82%85%E7%A7%91%E6%93%BA/1440909180?i=1440909330&uo=4,https://audio-ssl.itunes.apple.com/itunes-assets/AudioPreview211/v4/55/47/9e/55479e79-6606-3f7b-d7aa-db597cdf404b/mzaf_6554233492168348009.plus.aac.p.m4a,Apple iTunes Search API,https://itunes.apple.com/lookup?id=1440909180&entity=song&limit=200&country=hk,False
apple-1440909180,C'mon in~,studio,1,9,song,零下幾分鐘,陳奕迅,4:17,257000,1440909332,,https://music.apple.com/hk/album/%E9%9B%B6%E4%B8%8B%E5%B9%BE%E5%88%86%E9%90%98/1440909180?i=1440909332&uo=4,https://audio-ssl.itunes.apple.com/itunes-assets/AudioPreview221/v4/cd/c6/14/cdc61497-1143-cb8f-0bb0-59f9ac40d4d2/mzaf_8235119828724611021.plus.aac.p.m4a,Apple iTunes Search API,https://itunes.apple.com/lookup?id=1440909180&entity=song&limit=200&country=hk,False
apple-1440909180,C'mon in~,studio,1,10,song,披風,陳奕迅,3:56,236000,1440909334,,https://music.apple.com/hk/album/%E6%8A%AB%E9%A2%A8/1440909180?i=1440909334&uo=4,https://audio-ssl.itunes.apple.com/itunes-assets/AudioPreview211/v4/65/af/29/65af29c3-3392-a5cf-5046-425fa35bf43b/mzaf_18196823935285031307.plus.aac.p.m4a,Apple iTunes Search API,https://itunes.apple.com/lookup?id=1440909180&entity=song&limit=200&country=hk,False
apple-1365353242,我們 (《後來的我們》電影主題曲) - Single,single,1,1,song,我們 (《後來的我們》電影主題曲),陳奕迅,4:21,260878,1365353246,,https://music.apple.com/hk/album/%E6%88%91%E5%80%91-%E5%BE%8C%E4%BE%86%E7%9A%84%E6%88%91%E5%80%91-%E9%9B%BB%E5%BD%B1%E4%B8%BB%E9%A1%8C%E6%9B%B2/1365353242?i=1365353246&uo=4,https://audio-ssl.itunes.apple.com/itunes-assets/AudioPreview221/v4/c9/43/88/c943888a-013b-da95-dfe7-8026d290c7bf/mzaf_2600994056207253149.plus.aac.p.m4a,Apple iTunes Search API,https://itunes.apple.com/lookup?id=1365353242&entity=song&limit=200&country=hk,False
apple-1365354095,我們 (《後來的我們》電影主題曲) - Single,single,1,1,song,我们 (《后来的我们》电影主题曲),陈奕迅,4:21,260878,1365354096,,https://music.apple.com/cn/album/%E6%88%91%E4%BB%AC-%E5%90%8E%E6%9D%A5%E7%9A%84%E6%88%91%E4%BB%AC-%E7%94%B5%E5%BD%B1%E4%B8%BB%E9%A2%98%E6%9B%B2/1365354095?i=1365354096,https://audio-ssl.itunes.apple.com/itunes-assets/AudioPreview211/v4/0a/88/91/0a8891ec-8de2-189a-d426-39b8a636b00b/mzaf_3096907558571744218.plus.aac.p.m4a,Apple Music public album page,https://music.apple.com/cn/album/%E6%88%91%E5%80%91-%E5%BE%8C%E4%BE%86%E7%9A%84%E6%88%91%E5%80%91-%E9%9B%BB%E5%BD%B1%E4%B8%BB%E9%A1%8C%E6%9B%B2-single/1365354095?uo=4,True
apple-1386599280,與你常在 - Single,single,1,1,song,與你常在,eason and the duo band,5:00,299706,1386599285,,https://music.apple.com/hk/album/%E8%88%87%E4%BD%A0%E5%B8%B8%E5%9C%A8/1386599280?i=1386599285&uo=4,https://audio-ssl.itunes.apple.com/itunes-assets/AudioPreview125/v4/52/ae/a0/52aea00d-40f0-cc1c-8c6e-85858ed3cdd2/mzaf_18121190862043993066.plus.aac.p.m4a,Apple iTunes Search API,https://itunes.apple.com/lookup?id=1386599280&entity=song&limit=200&country=hk,False
apple-1398139541,漸漸 - Single,single,1,1,song,漸漸,陳奕迅,4:42,281744,1398139551,,https://music.apple.com/hk/album/%E6%BC%B8%E6%BC%B8/1398139541?i=1398139551&uo=4,https://audio-ssl.itunes.apple.com/itunes-assets/AudioPreview211/v4/e3/9c/72/e39c72ba-6da2-97f3-bd5a-91f2fb9ba505/mzaf_8390477061174649016.plus.aac.p.m4a,Apple iTunes Search API,https://itunes.apple.com/lookup?id=1398139541&entity=song&limit=200&country=hk,False
apple-1431690016,可一可再 - Single,single,1,1,song,可一可再,陳奕迅 & eason and the duo band,4:45,284618,1431690032,,https://music.apple.com/hk/album/%E5%8F%AF%E4%B8%80%E5%8F%AF%E5%86%8D/1431690016?i=1431690032&uo=4,https://audio-ssl.itunes.apple.com/itunes-assets/AudioPreview115/v4/a9/d1/68/a9d1682a-40da-c798-3be7-ed92ba144511/mzaf_16637527892398503105.plus.aac.p.m4a,Apple iTunes Search API,https://itunes.apple.com/lookup?id=1431690016&entity=song&limit=200&country=hk,False
apple-1438828644,破壞王 - Single,single,1,1,song,破壞王,陳奕迅 & eason and the duo band,4:19,259126,1438828650,,https://music.apple.com/hk/album/%E7%A0%B4%E5%A3%9E%E7%8E%8B/1438828644?i=1438828650&uo=4,https://audio-ssl.itunes.apple.com/itunes-assets/AudioPreview125/v4/fa/40/11/fa40113a-d406-236c-7bc9-3c278fc9f25d/mzaf_9566424294284713602.plus.aac.p.m4a,Apple iTunes Search API,https://itunes.apple.com/lookup?id=1438828644&entity=song&limit=200&country=hk,False
apple-1441520069,L.O.V.E.,studio,1,1,song,8:15 pm (Intro),Eason Chan & eason and the duo band,0:16,16441,1441520071,,https://music.apple.com/us/album/8-15-pm-intro/1441520069?i=1441520071&uo=4,https://audio-ssl.itunes.apple.com/itunes-assets/AudioPreview128/v4/e9/c7/d7/e9c7d7de-3e3a-607c-c101-ede8eb5f2ee6/mzaf_3171282814310739857.plus.aac.p.m4a,Apple iTunes Search API,https://itunes.apple.com/lookup?id=1441520069&entity=song&limit=200&country=us,False
apple-1441520069,L.O.V.E.,studio,1,2,song,We Zzzid It,Eason Chan & eason and the duo band,4:19,259126,1441520077,,https://music.apple.com/us/album/we-zzzid-it/1441520069?i=1441520077&uo=4,https://audio-ssl.itunes.apple.com/itunes-assets/AudioPreview125/v4/46/45/aa/4645aadd-7530-bec7-ee75-bbe02cf7a9fa/mzaf_8147699380364535362.plus.aac.p.m4a,Apple iTunes Search API,https://itunes.apple.com/lookup?id=1441520069&entity=song&limit=200&country=us,False
apple-1441520069,L.O.V.E.,studio,1,3,song,To Be Together,Eason Chan & eason and the duo band,4:17,257407,1441520080,,https://music.apple.com/us/album/to-be-together/1441520069?i=1441520080&uo=4,https://audio-ssl.itunes.apple.com/itunes-assets/AudioPreview125/v4/83/37/34/833734d0-9840-6a81-db53-60545abb21c0/mzaf_6047115534150306018.plus.aac.p.m4a,Apple iTunes Search API,https://itunes.apple.com/lookup?id=1441520069&entity=song&limit=200&country=us,False
apple-1441520069,L.O.V.E.,studio,1,4,song,Am I Me,Eason Chan & eason and the duo band,4:38,277998,1441520265,,https://music.apple.com/us/album/am-i-me/1441520069?i=1441520265&uo=4,https://audio-ssl.itunes.apple.com/itunes-assets/AudioPreview125/v4/2b/4d/cb/2b4dcb94-14c8-0d5c-30d9-1b6bdb04d12f/mzaf_4589848232580021203.plus.aac.p.m4a,Apple iTunes Search API,https://itunes.apple.com/lookup?id=1441520069&entity=song&limit=200&country=us,False
apple-1441520069,L.O.V.E.,studio,1,5,song,Devotion (Interlude),Eason Chan & eason and the duo band,0:36,35578,1441520266,,https://music.apple.com/us/album/devotion-interlude/1441520069?i=1441520266&uo=4,https://audio-ssl.itunes.apple.com/itunes-assets/AudioPreview115/v4/22/12/5c/22125c2a-6969-ed2a-b3f6-024200522176/mzaf_10455896429205555534.plus.aac.p.m4a,Apple iTunes Search API,https://itunes.apple.com/lookup?id=1441520069&entity=song&limit=200&country=us,False
apple-1441520069,L.O.V.E.,studio,1,6,song,Sharing,Eason Chan & eason and the duo band,5:24,323602,1441520271,,https://music.apple.com/us/album/sharing/1441520069?i=1441520271&uo=4,https://audio-ssl.itunes.apple.com/itunes-assets/AudioPreview125/v4/a1/93/91/a1939161-4618-bbac-cdfd-f662d8f5689e/mzaf_10887831758973499728.plus.aac.p.m4a,Apple iTunes Search API,https://itunes.apple.com/lookup?id=1441520069&entity=song&limit=200&country=us,False
apple-1441520069,L.O.V.E.,studio,1,7,song,Ming,Eason Chan & eason and the duo band,3:06,185514,1441520273,,https://music.apple.com/us/album/ming/1441520069?i=1441520273&uo=4,https://audio-ssl.itunes.apple.com/itunes-assets/AudioPreview115/v4/21/6d/6f/216d6f66-5452-07c2-a79b-2256f5b93b30/mzaf_2053127653860927691.plus.aac.p.m4a,Apple iTunes Search API,https://itunes.apple.com/lookup?id=1441520069&entity=song&limit=200&country=us,False
apple-1441520069,L.O.V.E.,studio,1,8,song,Crazy Friends,Eason Chan & eason and the duo band,3:56,236379,1441520280,,https://music.apple.com/us/album/crazy-friends/1441520069?i=1441520280&uo=4,https://audio-ssl.itunes.apple.com/itunes-assets/AudioPreview125/v4/f4/06/bd/f406bdc2-00da-8c04-7f9e-75aa54965ce1/mzaf_15358624955070690478.plus.aac.p.m4a,Apple iTunes Search API,https://itunes.apple.com/lookup?id=1441520069&entity=song&limit=200&country=us,False
apple-1441520069,L.O.V.E.,studio,1,9,song,Unity (Interlude),Eason Chan & eason and the duo band,0:33,32683,1441520281,,https://music.apple.com/us/album/unity-interlude/1441520069?i=1441520281&uo=4,https://audio-ssl.itunes.apple.com/itunes-assets/AudioPreview115/v4/b7/fe/b5/b7feb5f0-87c1-f60a-8c41-91ea92774821/mzaf_8984757641609109647.plus.aac.p.m4a,Apple iTunes Search API,https://itunes.apple.com/lookup?id=1441520069&entity=song&limit=200&country=us,False
apple-1441520069,L.O.V.E.,studio,1,10,song,R U N,Eason Chan & eason and the duo band,4:11,250728,1441520282,,https://music.apple.com/us/album/r-u-n/1441520069?i=1441520282&uo=4,https://audio-ssl.itunes.apple.com/itunes-assets/AudioPreview115/v4/c4/7f/06/c47f06ac-cb8c-ed66-8ea5-b3233f9cc2bd/mzaf_338273733445063711.plus.aac.p.m4a,Apple iTunes Search API,https://itunes.apple.com/lookup?id=1441520069&entity=song&limit=200&country=us,False
apple-1441520069,L.O.V.E.,studio,1,11,song,Tequila,Eason Chan & eason and the duo band,4:45,285285,1441520283,,https://music.apple.com/us/album/tequila/1441520069?i=1441520283&uo=4,https://audio-ssl.itunes.apple.com/itunes-assets/AudioPreview125/v4/20/6b/8f/206b8f92-1b45-639b-73e7-6e1aa52acdfd/mzaf_18397363080532689875.plus.aac.p.m4a,Apple iTunes Search API,https://itunes.apple.com/lookup?id=1441520069&entity=song&limit=200&country=us,False
apple-1441520069,L.O.V.E.,studio,1,12,song,Long Live to Us,Eason Chan & eason and the duo band,3:57,236639,1441520287,,https://music.apple.com/us/album/long-live-to-us/1441520069?i=1441520287&uo=4,https://audio-ssl.itunes.apple.com/itunes-assets/AudioPreview125/v4/29/52/5a/29525aa4-999d-8c7d-54bb-21a78e8fd0bd/mzaf_669729357077506366.plus.aac.p.m4a,Apple iTunes Search API,https://itunes.apple.com/lookup?id=1441520069&entity=song&limit=200&country=us,False
apple-1441520069,L.O.V.E.,studio,1,13,song,Originality (Interlude),Eason Chan & eason and the duo band,1:00,59705,1441520289,,https://music.apple.com/us/album/originality-interlude/1441520069?i=1441520289&uo=4,https://audio-ssl.itunes.apple.com/itunes-assets/AudioPreview115/v4/00/ef/bf/00efbf05-4f04-ea52-041c-9e1d635f4113/mzaf_14182845478375891213.plus.aac.p.m4a,Apple iTunes Search API,https://itunes.apple.com/lookup?id=1441520069&entity=song&limit=200&country=us,False
apple-1441520069,L.O.V.E.,studio,1,14,song,All about Love,Eason Chan & eason and the duo band,4:58,298218,1441520413,,https://music.apple.com/us/album/all-about-love/1441520069?i=1441520413&uo=4,https://audio-ssl.itunes.apple.com/itunes-assets/AudioPreview115/v4/d0/fa/f0/d0faf0dd-12ee-9154-41e0-eab87ad4a483/mzaf_2684014699589287351.plus.aac.p.m4a,Apple iTunes Search API,https://itunes.apple.com/lookup?id=1441520069&entity=song&limit=200&country=us,False
apple-1441520069,L.O.V.E.,studio,1,15,song,The Album,Eason Chan & eason and the duo band,4:48,287574,1441520414,,https://music.apple.com/us/album/the-album/1441520069?i=1441520414&uo=4,https://audio-ssl.itunes.apple.com/itunes-assets/AudioPreview115/v4/68/04/13/680413fc-bc5c-5450-9926-a6ab6fd1f8ec/mzaf_10116814751091354904.plus.aac.p.m4a,Apple iTunes Search API,https://itunes.apple.com/lookup?id=1441520069&entity=song&limit=200&country=us,False
apple-1441543918,L.O.V.E.,studio,1,1,song,8:15pm (Intro),陳奕迅 & eason and the duo band,0:16,16441,1441543919,,https://music.apple.com/hk/album/8-15pm-intro/1441543918?i=1441543919&uo=4,https://audio-ssl.itunes.apple.com/itunes-assets/AudioPreview211/v4/a5/d2/19/a5d219cb-cb2d-9ca5-70c2-673ae1940718/mzaf_5119835722413187686.plus.aac.p.m4a,Apple iTunes Search API,https://itunes.apple.com/lookup?id=1441543918&entity=song&limit=200&country=hk,False
apple-1441543918,L.O.V.E.,studio,1,2,song,破壞王,陳奕迅 & eason and the duo band,4:19,259126,1441543920,,https://music.apple.com/hk/album/%E7%A0%B4%E5%A3%9E%E7%8E%8B/1441543918?i=1441543920&uo=4,https://audio-ssl.itunes.apple.com/itunes-assets/AudioPreview211/v4/9d/00/08/9d00081c-0767-4dc8-e36f-2737f21e9ffc/mzaf_9971639352559638675.plus.aac.p.m4a,Apple iTunes Search API,https://itunes.apple.com/lookup?id=1441543918&entity=song&limit=200&country=hk,False
apple-1441543918,L.O.V.E.,studio,1,3,song,海裡睡人,陳奕迅 & eason and the duo band,4:17,257407,1441543923,,https://music.apple.com/hk/album/%E6%B5%B7%E8%A3%A1%E7%9D%A1%E4%BA%BA/1441543918?i=1441543923&uo=4,https://audio-ssl.itunes.apple.com/itunes-assets/AudioPreview211/v4/0e/11/e1/0e11e1d5-2fe1-1f76-3bfd-cee8d5f80d75/mzaf_12452856529472373070.plus.aac.p.m4a,Apple iTunes Search API,https://itunes.apple.com/lookup?id=1441543918&entity=song&limit=200&country=hk,False
apple-1441543918,L.O.V.E.,studio,1,4,song,漸漸,陳奕迅 & eason and the duo band,4:38,277998,1441543924,,https://music.apple.com/hk/album/%E6%BC%B8%E6%BC%B8/1441543918?i=1441543924&uo=4,https://audio-ssl.itunes.apple.com/itunes-assets/AudioPreview211/v4/1b/42/31/1b42312a-6786-0046-4468-3fe09404ae73/mzaf_6877928846176005138.plus.aac.p.m4a,Apple iTunes Search API,https://itunes.apple.com/lookup?id=1441543918&entity=song&limit=200&country=hk,False
apple-1441543918,L.O.V.E.,studio,1,5,song,Devotion (Interlude),陳奕迅 & eason and the duo band,0:36,35578,1441543925,,https://music.apple.com/hk/album/devotion-interlude/1441543918?i=1441543925&uo=4,https://audio-ssl.itunes.apple.com/itunes-assets/AudioPreview221/v4/ab/bf/c7/abbfc77d-d8b6-6290-5325-fc952de5e68c/mzaf_18156433118839363423.plus.aac.p.m4a,Apple iTunes Search API,https://itunes.apple.com/lookup?id=1441543918&entity=song&limit=200&country=hk,False
apple-1441543918,L.O.V.E.,studio,1,6,song,敬菸,陳奕迅 & eason and the duo band,5:24,323602,1441543926,,https://music.apple.com/hk/album/%E6%95%AC%E8%8F%B8/1441543918?i=1441543926&uo=4,https://audio-ssl.itunes.apple.com/itunes-assets/AudioPreview221/v4/80/8f/09/808f09b6-b0de-6579-1914-f786839f5604/mzaf_18246948707275524106.plus.aac.p.m4a,Apple iTunes Search API,https://itunes.apple.com/lookup?id=1441543918&entity=song&limit=200&country=hk,False
apple-1441543918,L.O.V.E.,studio,1,7,song,蠢,陳奕迅 & eason and the duo band,3:06,185514,1441543927,,https://music.apple.com/hk/album/%E8%A0%A2/1441543918?i=1441543927&uo=4,https://audio-ssl.itunes.apple.com/itunes-assets/AudioPreview221/v4/cf/36/80/cf3680e3-2a3d-dfaa-ea1e-141096d8402d/mzaf_5208127182661746137.plus.aac.p.m4a,Apple iTunes Search API,https://itunes.apple.com/lookup?id=1441543918&entity=song&limit=200&country=hk,False
apple-1441543918,L.O.V.E.,studio,1,8,song,瘋狂的朋友,陳奕迅 & eason and the duo band,3:56,236379,1441543928,,https://music.apple.com/hk/album/%E7%98%8B%E7%8B%82%E7%9A%84%E6%9C%8B%E5%8F%8B/1441543918?i=1441543928&uo=4,https://audio-ssl.itunes.apple.com/itunes-assets/AudioPreview221/v4/8f/43/17/8f431709-83ce-f97a-9f81-67a6ceeb1eb5/mzaf_2028782156029918038.plus.aac.p.m4a,Apple iTunes Search API,https://itunes.apple.com/lookup?id=1441543918&entity=song&limit=200&country=hk,False
apple-1441543918,L.O.V.E.,studio,1,9,song,Unity (Interlude),陳奕迅 & eason and the duo band,0:33,32683,1441543929,,https://music.apple.com/hk/album/unity-interlude/1441543918?i=1441543929&uo=4,https://audio-ssl.itunes.apple.com/itunes-assets/AudioPreview211/v4/6d/5c/fe/6d5cfe47-c5c3-7bd1-981c-97066ad6befa/mzaf_3883909262938938412.plus.aac.p.m4a,Apple iTunes Search API,https://itunes.apple.com/lookup?id=1441543918&entity=song&limit=200&country=hk,False
apple-1441543918,L.O.V.E.,studio,1,10,song,R U N,陳奕迅 & eason and the duo band,4:11,250728,1441544202,,https://music.apple.com/hk/album/r-u-n/1441543918?i=1441544202&uo=4,https://audio-ssl.itunes.apple.com/itunes-assets/AudioPreview221/v4/51/34/fd/5134fd82-89f2-cd87-23d6-79f26fb65f84/mzaf_11449060988861966855.plus.aac.p.m4a,Apple iTunes Search API,https://itunes.apple.com/lookup?id=1441543918&entity=song&limit=200&country=hk,False
apple-1441543918,L.O.V.E.,studio,1,11,song,龍舌蘭,陳奕迅 & eason and the duo band,4:45,285285,1441544203,,https://music.apple.com/hk/album/%E9%BE%8D%E8%88%8C%E8%98%AD/1441543918?i=1441544203&uo=4,https://audio-ssl.itunes.apple.com/itunes-assets/AudioPreview221/v4/3b/50/77/3b507785-8b9c-facf-cb30-84b6c683ee3e/mzaf_15127674999133381972.plus.aac.p.m4a,Apple iTunes Search API,https://itunes.apple.com/lookup?id=1441543918&entity=song&limit=200&country=hk,False
apple-1441543918,L.O.V.E.,studio,1,12,song,我們萬歲,陳奕迅 & eason and the duo band,3:57,236639,1441544204,,https://music.apple.com/hk/album/%E6%88%91%E5%80%91%E8%90%AC%E6%AD%B2/1441543918?i=1441544204&uo=4,https://audio-ssl.itunes.apple.com/itunes-assets/AudioPreview221/v4/4c/4b/8b/4c4b8b32-2767-5448-1755-97450618a38b/mzaf_16532858104936845781.plus.aac.p.m4a,Apple iTunes Search API,https://itunes.apple.com/lookup?id=1441543918&entity=song&limit=200&country=hk,False
apple-1441543918,L.O.V.E.,studio,1,13,song,Originality (Interlude),陳奕迅 & eason and the duo band,1:00,59705,1441544205,,https://music.apple.com/hk/album/originality-interlude/1441543918?i=1441544205&uo=4,https://audio-ssl.itunes.apple.com/itunes-assets/AudioPreview211/v4/86/fc/f3/86fcf35c-a653-7558-37f1-f8e99b504428/mzaf_8948051741197832996.plus.aac.p.m4a,Apple iTunes Search API,https://itunes.apple.com/lookup?id=1441543918&entity=song&limit=200&country=hk,False
apple-1441543918,L.O.V.E.,studio,1,14,song,與你常在,陳奕迅 & eason and the duo band,4:58,298218,1441544206,,https://music.apple.com/hk/album/%E8%88%87%E4%BD%A0%E5%B8%B8%E5%9C%A8/1441543918?i=1441544206&uo=4,https://audio-ssl.itunes.apple.com/itunes-assets/AudioPreview211/v4/8a/ce/3d/8ace3d8f-c0b6-aa18-a72e-de812a4e7cf7/mzaf_10536212554223549939.plus.aac.p.m4a,Apple iTunes Search API,https://itunes.apple.com/lookup?id=1441543918&entity=song&limit=200&country=hk,False
apple-1441543918,L.O.V.E.,studio,1,15,song,可一可再,陳奕迅 & eason and the duo band,4:48,287574,1441544207,,https://music.apple.com/hk/album/%E5%8F%AF%E4%B8%80%E5%8F%AF%E5%86%8D/1441543918?i=1441544207&uo=4,https://audio-ssl.itunes.apple.com/itunes-assets/AudioPreview211/v4/a2/64/22/a26422dd-d9bd-1e1d-80cf-a050ae1254d9/mzaf_18210651978826822998.plus.aac.p.m4a,Apple iTunes Search API,https://itunes.apple.com/lookup?id=1441543918&entity=song&limit=200&country=hk,False
apple-1441543918,L.O.V.E.,studio,1,16,music-video,破壞王,陳奕迅 & eason and the duo band,,,1441544208,,https://music.apple.com/hk/music-video/%E7%A0%B4%E5%A3%9E%E7%8E%8B/1441544208?uo=4,,Apple iTunes Search API,https://itunes.apple.com/lookup?id=1441543918&entity=song&limit=200&country=hk,False
apple-1441543918,L.O.V.E.,studio,1,17,music-video,漸漸,陳奕迅 & eason and the duo band,,,1441544209,,https://music.apple.com/hk/music-video/%E6%BC%B8%E6%BC%B8/1441544209?uo=4,,Apple iTunes Search API,https://itunes.apple.com/lookup?id=1441543918&entity=song&limit=200&country=hk,False
apple-1441543918,L.O.V.E.,studio,1,18,music-video,與你常在,陳奕迅 & eason and the duo band,,,1441544212,,https://music.apple.com/hk/music-video/%E8%88%87%E4%BD%A0%E5%B8%B8%E5%9C%A8/1441544212?uo=4,,Apple iTunes Search API,https://itunes.apple.com/lookup?id=1441543918&entity=song&limit=200&country=hk,False
apple-1441543918,L.O.V.E.,studio,1,19,music-video,可一可再,陳奕迅 & eason and the duo band,,,1441544213,,https://music.apple.com/hk/music-video/%E5%8F%AF%E4%B8%80%E5%8F%AF%E5%86%8D/1441544213?uo=4,,Apple iTunes Search API,https://itunes.apple.com/lookup?id=1441543918&entity=song&limit=200&country=hk,False
apple-1470592449,相信你的人 (電影《銀河補習班》推廣曲) - Single,single,1,1,song,相信你的人 (電影《銀河補習班》推廣曲),陳奕迅,4:34,274219,1470592451,,https://music.apple.com/hk/album/%E7%9B%B8%E4%BF%A1%E4%BD%A0%E7%9A%84%E4%BA%BA-%E9%9B%BB%E5%BD%B1-%E9%8A%80%E6%B2%B3%E8%A3%9C%E7%BF%92%E7%8F%AD-%E6%8E%A8%E5%BB%A3%E6%9B%B2/1470592449?i=1470592451&uo=4,https://audio-ssl.itunes.apple.com/itunes-assets/AudioPreview115/v4/d1/7c/c1/d17cc122-4a6c-9eee-9fee-07363ee43bed/mzaf_2029247284207404522.plus.aac.p.m4a,Apple iTunes Search API,https://itunes.apple.com/lookup?id=1470592449&entity=song&limit=200&country=hk,False
apple-1470593031,相信你的人 (電影《銀河補習班》推廣曲) - Single,single,1,1,song,相信你的人 (电影《银河补习班》推广曲),陈奕迅,4:34,274219,1470593032,,https://music.apple.com/cn/album/%E7%9B%B8%E4%BF%A1%E4%BD%A0%E7%9A%84%E4%BA%BA-%E7%94%B5%E5%BD%B1-%E9%93%B6%E6%B2%B3%E8%A1%A5%E4%B9%A0%E7%8F%AD-%E6%8E%A8%E5%B9%BF%E6%9B%B2/1470593031?i=1470593032,https://audio-ssl.itunes.apple.com/itunes-assets/AudioPreview125/v4/a4/86/3b/a4863b94-b1ab-af7d-8f95-54aa9c99520f/mzaf_13127649043000347052.plus.aac.p.m4a,Apple Music public album page,https://music.apple.com/cn/album/%E7%9B%B8%E4%BF%A1%E4%BD%A0%E7%9A%84%E4%BA%BA-%E9%9B%BB%E5%BD%B1-%E9%8A%80%E6%B2%B3%E8%A3%9C%E7%BF%92%E7%8F%AD-%E6%8E%A8%E5%BB%A3%E6%9B%B2-single/1470593031?uo=4,True
apple-1473225543,相信你的人 (電影《銀河補習班》推廣曲) [熱血勵志版] - Single,single,1,1,song,相信你的人 (电影《银河补习班》推广曲) [热血励志版],陈奕迅,4:22,262273,1473225546,,https://music.apple.com/cn/album/%E7%9B%B8%E4%BF%A1%E4%BD%A0%E7%9A%84%E4%BA%BA-%E7%94%B5%E5%BD%B1-%E9%93%B6%E6%B2%B3%E8%A1%A5%E4%B9%A0%E7%8F%AD-%E6%8E%A8%E5%B9%BF%E6%9B%B2-%E7%83%AD%E8%A1%80%E5%8A%B1%E5%BF%97%E7%89%88/1473225543?i=1473225546,https://audio-ssl.itunes.apple.com/itunes-assets/AudioPreview115/v4/51/a6/13/51a613f7-1032-5649-09c1-4e48e4ce545a/mzaf_8918068651774023881.plus.aac.p.m4a,Apple Music public album page,https://music.apple.com/cn/album/%E7%9B%B8%E4%BF%A1%E4%BD%A0%E7%9A%84%E4%BA%BA-%E9%9B%BB%E5%BD%B1-%E9%8A%80%E6%B2%B3%E8%A3%9C%E7%BF%92%E7%8F%AD-%E6%8E%A8%E5%BB%A3%E6%9B%B2-%E7%86%B1%E8%A1%80%E5%8B%B5%E5%BF%97%E7%89%88-single/1473225543?uo=4,True
apple-1473225961,相信你的人 (電影《銀河補習班》推廣曲) [熱血勵志版] - Single,single,1,1,song,相信你的人 (電影《銀河補習班》推廣曲) [熱血勵志版],陳奕迅,4:22,262273,1473225966,,https://music.apple.com/hk/album/%E7%9B%B8%E4%BF%A1%E4%BD%A0%E7%9A%84%E4%BA%BA-%E9%9B%BB%E5%BD%B1-%E9%8A%80%E6%B2%B3%E8%A3%9C%E7%BF%92%E7%8F%AD-%E6%8E%A8%E5%BB%A3%E6%9B%B2-%E7%86%B1%E8%A1%80%E5%8B%B5%E5%BF%97%E7%89%88/1473225961?i=1473225966&uo=4,https://audio-ssl.itunes.apple.com/itunes-assets/AudioPreview125/v4/5c/73/ef/5c73ef4a-964f-c644-cf66-54865d07b6da/mzaf_8553451842404568861.plus.aac.p.m4a,Apple iTunes Search API,https://itunes.apple.com/lookup?id=1473225961&entity=song&limit=200&country=hk,False
apple-1494891288,光輝歲月 - Single,single,1,1,song,光辉岁月,陈奕迅,4:02,241667,1494891289,,https://music.apple.com/cn/album/%E5%85%89%E8%BE%89%E5%B2%81%E6%9C%88/1494891288?i=1494891289,https://audio-ssl.itunes.apple.com/itunes-assets/AudioPreview115/v4/68/c8/ba/68c8bae3-c3af-f7a9-5e5f-903ece5c4aa0/mzaf_11446262351517961530.plus.aac.p.m4a,Apple Music public album page,https://music.apple.com/cn/album/%E5%85%89%E8%BC%9D%E6%AD%B2%E6%9C%88-single/1494891288?uo=4,True
apple-1489003540,Shall We Talk (Tre Lune MMXIX) - Single,single,1,1,song,Shall We Talk (Tre Lune MMXIX),陳奕迅,4:24,263980,1489003542,,https://music.apple.com/hk/album/shall-we-talk-tre-lune-mmxix/1489003540?i=1489003542&uo=4,https://audio-ssl.itunes.apple.com/itunes-assets/AudioPreview125/v4/d7/31/41/d7314168-98ca-1f2f-a277-af7fa100a61e/mzaf_8392904453218621588.plus.aac.p.m4a,Apple iTunes Search API,https://itunes.apple.com/lookup?id=1489003540&entity=song&limit=200&country=hk,False
apple-1489003659,Shall We Talk (Tre Lune MMXIX) - Single,single,1,1,song,Shall We Talk (Tre Lune MMXIX),陈奕迅,4:24,263980,1489003666,,https://music.apple.com/cn/album/shall-we-talk-tre-lune-mmxix/1489003659?i=1489003666,https://audio-ssl.itunes.apple.com/itunes-assets/AudioPreview115/v4/a1/3e/0b/a13e0b91-7fdd-8e6a-ea36-f65a492b5d76/mzaf_17612538075397280210.plus.aac.p.m4a,Apple Music public album page,https://music.apple.com/cn/album/shall-we-talk-tre-lune-mmxix-single/1489003659?uo=4,True
apple-1536075322,致明日的舞 - Single,single,1,1,song,致明日的舞,陳奕迅,3:31,210725,1536075331,,https://music.apple.com/hk/album/%E8%87%B4%E6%98%8E%E6%97%A5%E7%9A%84%E8%88%9E/1536075322?i=1536075331&uo=4,https://audio-ssl.itunes.apple.com/itunes-assets/AudioPreview115/v4/da/62/b4/da62b400-fe8b-6668-34fe-7339e769988c/mzaf_6218906419543223809.plus.aac.p.m4a,Apple iTunes Search API,https://itunes.apple.com/lookup?id=1536075322&entity=song&limit=200&country=hk,False
apple-1539122228,是但求其愛 - Single,single,1,1,song,是但求其愛,陳奕迅,4:29,269000,1539122249,,https://music.apple.com/hk/album/%E6%98%AF%E4%BD%86%E6%B1%82%E5%85%B6%E6%84%9B/1539122228?i=1539122249&uo=4,https://audio-ssl.itunes.apple.com/itunes-assets/AudioPreview211/v4/35/8e/60/358e600f-dfa6-c9f0-f0ea-fba399e9577f/mzaf_11696033282507032127.plus.aac.p.m4a,Apple iTunes Search API,https://itunes.apple.com/lookup?id=1539122228&entity=song&limit=200&country=hk,False
apple-1580332856,不期而遇的夏天 (電影《不期而遇的夏天》主題曲) - Single,single,1,1,song,不期而遇的夏天 (电影《不期而遇的夏天》主题曲),陈奕迅,3:30,210000,1580332857,,https://music.apple.com/cn/album/%E4%B8%8D%E6%9C%9F%E8%80%8C%E9%81%87%E7%9A%84%E5%A4%8F%E5%A4%A9-%E7%94%B5%E5%BD%B1-%E4%B8%8D%E6%9C%9F%E8%80%8C%E9%81%87%E7%9A%84%E5%A4%8F%E5%A4%A9-%E4%B8%BB%E9%A2%98%E6%9B%B2/1580332856?i=1580332857,https://audio-ssl.itunes.apple.com/itunes-assets/AudioPreview115/v4/cf/56/5b/cf565b0e-927d-d13b-b6c6-1c4c395ff3de/mzaf_15841547188958508171.plus.aac.p.m4a,Apple Music public album page,https://music.apple.com/cn/album/%E4%B8%8D%E6%9C%9F%E8%80%8C%E9%81%87%E7%9A%84%E5%A4%8F%E5%A4%A9-%E9%9B%BB%E5%BD%B1-%E4%B8%8D%E6%9C%9F%E8%80%8C%E9%81%87%E7%9A%84%E5%A4%8F%E5%A4%A9-%E4%B8%BB%E9%A1%8C%E6%9B%B2-single/1580332856?uo=4,True
apple-1580332948,不期而遇的夏天 (電影《不期而遇的夏天》主題曲) - Single,single,1,1,song,不期而遇的夏天 (电影《不期而遇的夏天》主题曲),陈奕迅,3:30,210000,1580332949,,https://music.apple.com/cn/album/%E4%B8%8D%E6%9C%9F%E8%80%8C%E9%81%87%E7%9A%84%E5%A4%8F%E5%A4%A9-%E7%94%B5%E5%BD%B1-%E4%B8%8D%E6%9C%9F%E8%80%8C%E9%81%87%E7%9A%84%E5%A4%8F%E5%A4%A9-%E4%B8%BB%E9%A2%98%E6%9B%B2/1580332948?i=1580332949,https://audio-ssl.itunes.apple.com/itunes-assets/AudioPreview115/v4/58/1c/ba/581cba0f-c076-bf69-7cfe-8e2fcaafff02/mzaf_15556374915908372598.plus.aac.p.m4a,Apple Music public album page,https://music.apple.com/cn/album/%E4%B8%8D%E6%9C%9F%E8%80%8C%E9%81%87%E7%9A%84%E5%A4%8F%E5%A4%A9-%E9%9B%BB%E5%BD%B1-%E4%B8%8D%E6%9C%9F%E8%80%8C%E9%81%87%E7%9A%84%E5%A4%8F%E5%A4%A9-%E4%B8%BB%E9%A1%8C%E6%9B%B2-single/1580332948?uo=4,True
apple-1584062266,不期而遇的夏天 (電影《不期而遇的夏天》主題曲) - Single,single,1,1,song,不期而遇的夏天 (電影《不期而遇的夏天》主題曲),陳奕迅,3:30,210000,1584062437,,https://music.apple.com/hk/album/%E4%B8%8D%E6%9C%9F%E8%80%8C%E9%81%87%E7%9A%84%E5%A4%8F%E5%A4%A9-%E9%9B%BB%E5%BD%B1-%E4%B8%8D%E6%9C%9F%E8%80%8C%E9%81%87%E7%9A%84%E5%A4%8F%E5%A4%A9-%E4%B8%BB%E9%A1%8C%E6%9B%B2/1584062266?i=1584062437&uo=4,https://audio-ssl.itunes.apple.com/itunes-assets/AudioPreview125/v4/67/16/ce/6716cef4-c317-7d27-d3d6-351c0d615d89/mzaf_4570212416158225409.plus.aac.p.m4a,Apple iTunes Search API,https://itunes.apple.com/lookup?id=1584062266&entity=song&limit=200&country=hk,False
apple-1584062704,世界上不存在的歌 (2020 重唱版) - Single,single,1,1,song,世界上不存在的歌 (2020 重唱版),陈奕迅,3:53,233000,1584062886,,https://music.apple.com/cn/album/%E4%B8%96%E7%95%8C%E4%B8%8A%E4%B8%8D%E5%AD%98%E5%9C%A8%E7%9A%84%E6%AD%8C-2020-%E9%87%8D%E5%94%B1%E7%89%88/1584062704?i=1584062886,https://audio-ssl.itunes.apple.com/itunes-assets/AudioPreview125/v4/8a/97/bf/8a97bf9f-4021-64d4-b6e0-6d6b76e05a01/mzaf_3733654486579386442.plus.aac.p.m4a,Apple Music public album page,https://music.apple.com/cn/album/%E4%B8%96%E7%95%8C%E4%B8%8A%E4%B8%8D%E5%AD%98%E5%9C%A8%E7%9A%84%E6%AD%8C-2020-%E9%87%8D%E5%94%B1%E7%89%88-single/1584062704?uo=4,True
apple-1584065308,世界上不存在的歌 (2020 重唱版) - Single,single,1,1,song,世界上不存在的歌 (2020 重唱版),陳奕迅,3:53,233000,1584065313,,https://music.apple.com/hk/album/%E4%B8%96%E7%95%8C%E4%B8%8A%E4%B8%8D%E5%AD%98%E5%9C%A8%E7%9A%84%E6%AD%8C-2020-%E9%87%8D%E5%94%B1%E7%89%88/1584065308?i=1584065313&uo=4,https://audio-ssl.itunes.apple.com/itunes-assets/AudioPreview125/v4/73/15/4e/73154e77-80eb-258c-99b6-b15bc8908122/mzaf_5320384778267248192.plus.aac.p.m4a,Apple iTunes Search API,https://itunes.apple.com/lookup?id=1584065308&entity=song&limit=200&country=hk,False
apple-1596938776,孤勇者 (《英雄聯盟:雙城之戰》動畫劇集中文主題曲) - Single,single,1,1,song,孤勇者 (《英雄聯盟:雙城之戰》動畫劇集中文主題曲),陳奕迅,4:16,256000,1596938779,,https://music.apple.com/hk/album/%E5%AD%A4%E5%8B%87%E8%80%85-%E8%8B%B1%E9%9B%84%E8%81%AF%E7%9B%9F-%E9%9B%99%E5%9F%8E%E4%B9%8B%E6%88%B0-%E5%8B%95%E7%95%AB%E5%8A%87%E9%9B%86%E4%B8%AD%E6%96%87%E4%B8%BB%E9%A1%8C%E6%9B%B2/1596938776?i=1596938779&uo=4,https://audio-ssl.itunes.apple.com/itunes-assets/AudioPreview211/v4/21/95/fc/2195fc03-7b97-ecf2-d94c-565953fbeaf6/mzaf_13364580786128200519.plus.aac.p.m4a,Apple iTunes Search API,https://itunes.apple.com/lookup?id=1596938776&entity=song&limit=200&country=hk,False
apple-1596944315,孤勇者 (《英雄聯盟:雙城之戰》動畫劇集中文主題曲) - Single,single,1,1,song,孤勇者 (《英雄联盟:双城之战》动画剧集中文主题曲),陈奕迅,4:16,256000,1596944703,,https://music.apple.com/cn/album/%E5%AD%A4%E5%8B%87%E8%80%85-%E8%8B%B1%E9%9B%84%E8%81%94%E7%9B%9F-%E5%8F%8C%E5%9F%8E%E4%B9%8B%E6%88%98-%E5%8A%A8%E7%94%BB%E5%89%A7%E9%9B%86%E4%B8%AD%E6%96%87%E4%B8%BB%E9%A2%98%E6%9B%B2/1596944315?i=1596944703,https://audio-ssl.itunes.apple.com/itunes-assets/AudioPreview221/v4/cf/df/e1/cfdfe12f-031a-493e-cc83-5a824faef14e/mzaf_2217142005376259974.plus.aac.p.m4a,Apple Music public album page,https://music.apple.com/cn/album/%E5%AD%A4%E5%8B%87%E8%80%85-%E8%8B%B1%E9%9B%84%E8%81%AF%E7%9B%9F-%E9%9B%99%E5%9F%8E%E4%B9%8B%E6%88%B0-%E5%8B%95%E7%95%AB%E5%8A%87%E9%9B%86%E4%B8%AD%E6%96%87%E4%B8%BB%E9%A1%8C%E6%9B%B2-single/1596944315?uo=4,True
apple-1699471829,K歌之王 - Single,single,1,1,song,K歌之王 (Remix),陳奕迅,3:33,212763,1699471830,,https://music.apple.com/hk/album/k%E6%AD%8C%E4%B9%8B%E7%8E%8B-remix/1699471829?i=1699471830&uo=4,https://audio-ssl.itunes.apple.com/itunes-assets/AudioPreview116/v4/7d/4a/85/7d4a85f9-03ef-a46b-741b-2691fdd564da/mzaf_14925469756862828830.plus.aac.p.m4a,Apple iTunes Search API,https://itunes.apple.com/lookup?id=1699471829&entity=song&limit=200&country=hk,False
apple-1642253501,EasON AIR - EP,ep,1,1,song,冷雨 (Live at EasON AIR),陳奕迅,3:49,228901,1642253502,,https://music.apple.com/hk/album/%E5%86%B7%E9%9B%A8-live-at-eason-air/1642253501?i=1642253502&uo=4,https://audio-ssl.itunes.apple.com/itunes-assets/AudioPreview122/v4/e8/2d/65/e82d6539-13c5-015e-6064-1976a82211b9/mzaf_6730233809341840510.plus.aac.p.m4a,Apple iTunes Search API,https://itunes.apple.com/lookup?id=1642253501&entity=song&limit=200&country=hk,False
apple-1642253501,EasON AIR - EP,ep,1,2,song,慢慢喜歡你 (Live at EasON AIR),陳奕迅,4:20,259502,1642253503,,https://music.apple.com/hk/album/%E6%85%A2%E6%85%A2%E5%96%9C%E6%AD%A1%E4%BD%A0-live-at-eason-air/1642253501?i=1642253503&uo=4,https://audio-ssl.itunes.apple.com/itunes-assets/AudioPreview112/v4/95/40/22/95402254-40da-7ecd-1117-f8ccfe24cba1/mzaf_12466959985495057095.plus.aac.p.m4a,Apple iTunes Search API,https://itunes.apple.com/lookup?id=1642253501&entity=song&limit=200&country=hk,False
apple-1642253501,EasON AIR - EP,ep,1,3,song,無底洞 (Live at EasON AIR),陳奕迅,4:33,272873,1642253504,,https://music.apple.com/hk/album/%E7%84%A1%E5%BA%95%E6%B4%9E-live-at-eason-air/1642253501?i=1642253504&uo=4,https://audio-ssl.itunes.apple.com/itunes-assets/AudioPreview112/v4/3b/19/2f/3b192f92-0409-2e05-1202-07eaeff68b3f/mzaf_15187307471851520302.plus.aac.p.m4a,Apple iTunes Search API,https://itunes.apple.com/lookup?id=1642253501&entity=song&limit=200&country=hk,False
apple-1642253501,EasON AIR - EP,ep,1,4,song,你有自己一套 (Live at EasON AIR),陳奕迅,3:39,219302,1642253505,,https://music.apple.com/hk/album/%E4%BD%A0%E6%9C%89%E8%87%AA%E5%B7%B1%E4%B8%80%E5%A5%97-live-at-eason-air/1642253501?i=1642253505&uo=4,https://audio-ssl.itunes.apple.com/itunes-assets/AudioPreview112/v4/96/d8/f2/96d8f269-522e-89f1-9b0f-dac4ec8e4bb0/mzaf_12709712427147921036.plus.aac.p.m4a,Apple iTunes Search API,https://itunes.apple.com/lookup?id=1642253501&entity=song&limit=200&country=hk,False
apple-1642253501,EasON AIR - EP,ep,1,5,song,暫停.開始過 (Live at EasON AIR),陳奕迅,5:07,307039,1642253866,,https://music.apple.com/hk/album/%E6%9A%AB%E5%81%9C-%E9%96%8B%E5%A7%8B%E9%81%8E-live-at-eason-air/1642253501?i=1642253866&uo=4,https://audio-ssl.itunes.apple.com/itunes-assets/AudioPreview112/v4/ed/43/0c/ed430c05-eefe-3441-4364-a78e65c37e4e/mzaf_12201014873936764235.plus.aac.p.m4a,Apple iTunes Search API,https://itunes.apple.com/lookup?id=1642253501&entity=song&limit=200&country=hk,False
apple-1642253501,EasON AIR - EP,ep,1,6,song,下週同樣時間 (再見) [Live at EasON AIR],陳奕迅,4:38,278177,1642253867,,https://music.apple.com/hk/album/%E4%B8%8B%E9%80%B1%E5%90%8C%E6%A8%A3%E6%99%82%E9%96%93-%E5%86%8D%E8%A6%8B-live-at-eason-air/1642253501?i=1642253867&uo=4,https://audio-ssl.itunes.apple.com/itunes-assets/AudioPreview112/v4/8a/ff/02/8aff0219-aeb5-e0d4-cd68-729487c40568/mzaf_9798103716916946098.plus.aac.p.m4a,Apple iTunes Search API,https://itunes.apple.com/lookup?id=1642253501&entity=song&limit=200&country=hk,False
apple-1646940804,孤勇者 (Live 版 /《英雄聯盟:雙城之戰》動畫劇集中文主題曲) - Single,single,1,1,song,孤勇者 (Live 版 /《英雄联盟:双城之战》动画剧集中文主题曲),陈奕迅,4:43,282733,1646940809,,https://music.apple.com/cn/album/%E5%AD%A4%E5%8B%87%E8%80%85-live-%E7%89%88-%E8%8B%B1%E9%9B%84%E8%81%94%E7%9B%9F-%E5%8F%8C%E5%9F%8E%E4%B9%8B%E6%88%98-%E5%8A%A8%E7%94%BB%E5%89%A7%E9%9B%86%E4%B8%AD%E6%96%87%E4%B8%BB%E9%A2%98%E6%9B%B2/1646940804?i=1646940809,https://audio-ssl.itunes.apple.com/itunes-assets/AudioPreview122/v4/70/4b/96/704b9691-b713-f7a3-7e50-229664d30efd/mzaf_4806115939962141754.plus.aac.p.m4a,Apple Music public album page,https://music.apple.com/cn/album/%E5%AD%A4%E5%8B%87%E8%80%85-live-%E7%89%88-%E8%8B%B1%E9%9B%84%E8%81%AF%E7%9B%9F-%E9%9B%99%E5%9F%8E%E4%B9%8B%E6%88%B0-%E5%8B%95%E7%95%AB%E5%8A%87%E9%9B%86%E4%B8%AD%E6%96%87%E4%B8%BB%E9%A1%8C%E6%9B%B2-single/1646940804?uo=4,True
apple-1646940930,孤勇者 (Live 版 /《英雄聯盟:雙城之戰》動畫劇集中文主題曲) - Single,single,1,1,song,孤勇者 (Live 版 /《英雄聯盟:雙城之戰》動畫劇集中文主題曲),陳奕迅,4:43,282733,1646940941,,https://music.apple.com/hk/album/%E5%AD%A4%E5%8B%87%E8%80%85-live-%E7%89%88-%E8%8B%B1%E9%9B%84%E8%81%AF%E7%9B%9F-%E9%9B%99%E5%9F%8E%E4%B9%8B%E6%88%B0-%E5%8B%95%E7%95%AB%E5%8A%87%E9%9B%86%E4%B8%AD%E6%96%87%E4%B8%BB%E9%A1%8C%E6%9B%B2/1646940930?i=1646940941&uo=4,https://audio-ssl.itunes.apple.com/itunes-assets/AudioPreview112/v4/27/86/bf/2786bf30-157a-fd1e-a094-9b2a441c288f/mzaf_3769465953843560408.plus.aac.p.m4a,Apple iTunes Search API,https://itunes.apple.com/lookup?id=1646940930&entity=song&limit=200&country=hk,False
apple-1653358910,人啊人 - Single,single,1,1,song,人啊人,陳奕迅,4:58,297952,1653358930,,https://music.apple.com/hk/album/%E4%BA%BA%E5%95%8A%E4%BA%BA/1653358910?i=1653358930&uo=4,https://audio-ssl.itunes.apple.com/itunes-assets/AudioPreview122/v4/48/3f/3c/483f3c0d-beaa-d47e-781c-aec7a876acd2/mzaf_16630885547786790908.plus.aac.p.m4a,Apple iTunes Search API,https://itunes.apple.com/lookup?id=1653358910&entity=song&limit=200&country=hk,False
apple-1662768448,盲婚啞嫁 - Single,single,1,1,song,盲婚啞嫁,陳奕迅,3:44,223500,1662768449,,https://music.apple.com/hk/album/%E7%9B%B2%E5%A9%9A%E5%95%9E%E5%AB%81/1662768448?i=1662768449&uo=4,https://audio-ssl.itunes.apple.com/itunes-assets/AudioPreview123/v4/ad/ec/bc/adecbc21-8b17-73b0-e787-e58723aaf485/mzaf_13339913069989251134.plus.aac.p.m4a,Apple iTunes Search API,https://itunes.apple.com/lookup?id=1662768448&entity=song&limit=200&country=hk,False
apple-1662774730,盲婚啞嫁 - Single,single,1,1,song,盲婚哑嫁,陈奕迅,3:44,223500,1662774732,,https://music.apple.com/cn/album/%E7%9B%B2%E5%A9%9A%E5%93%91%E5%AB%81/1662774730?i=1662774732,https://audio-ssl.itunes.apple.com/itunes-assets/AudioPreview113/v4/68/2f/a7/682fa752-5236-fe4c-7a34-bcd764695144/mzaf_8007172679457933008.plus.aac.p.m4a,Apple Music public album page,https://music.apple.com/cn/album/%E7%9B%B2%E5%A9%9A%E5%95%9E%E5%AB%81-single/1662774730?uo=4,True
apple-1675204502,塵大師 - Single,single,1,1,song,塵大師,陳奕迅,4:28,267500,1675204703,,https://music.apple.com/hk/album/%E5%A1%B5%E5%A4%A7%E5%B8%AB/1675204502?i=1675204703&uo=4,https://audio-ssl.itunes.apple.com/itunes-assets/AudioPreview126/v4/cf/66/67/cf666757-8fc8-e1c9-ed65-aa087e854952/mzaf_18188607515704561791.plus.aac.p.m4a,Apple iTunes Search API,https://itunes.apple.com/lookup?id=1675204502&entity=song&limit=200&country=hk,False
apple-1675204585,尘大师 - Single,single,1,1,song,尘大师,陈奕迅,4:28,267500,1675204602,,https://music.apple.com/cn/album/%E5%B0%98%E5%A4%A7%E5%B8%88/1675204585?i=1675204602,https://audio-ssl.itunes.apple.com/itunes-assets/AudioPreview116/v4/d2/92/d4/d292d437-b9db-26ce-7490-1d034e9014c1/mzaf_7136936851880389295.plus.aac.p.m4a,Apple Music public album page,https://music.apple.com/cn/album/%E5%B0%98%E5%A4%A7%E5%B8%88-single/1675204585?uo=4,True
apple-1719930482,Every One - Single,single,1,1,song,Every One,"譚晶, 陳奕迅, 容祖兒, 王光良, 莫文蔚, 古巨基, 李宇春, 蔡卓妍, 張杰, 韓磊, 陳明, 宋雪萊 & 江若琳",5:24,323560,1719930483,,https://music.apple.com/hk/album/every-one/1719930482?i=1719930483&uo=4,https://audio-ssl.itunes.apple.com/itunes-assets/AudioPreview126/v4/06/ab/1d/06ab1d38-ea01-31e2-a7f3-f328bb83acab/mzaf_2103597912449865890.plus.aac.p.m4a,Apple iTunes Search API,https://itunes.apple.com/lookup?id=1719930482&entity=song&limit=200&country=hk,False
apple-1720351241,北京祝福你 - Single,single,1,1,song,北京祝福你,"譚晶, 陳奕迅, 成龍, 容祖兒, 莫文蔚, 李玟, 郭富城, 劉德華, 劉亦菲, 王力宏, 周華健, 庾澄慶, 梁詠琪, 徐若瑄, 任賢齊, 章子怡, 薩頂頂, 胡彥斌, 何潤東 & 韓庚",8:00,480078,1720351242,,https://music.apple.com/hk/album/%E5%8C%97%E4%BA%AC%E7%A5%9D%E7%A6%8F%E4%BD%A0/1720351241?i=1720351242&uo=4,https://audio-ssl.itunes.apple.com/itunes-assets/AudioPreview126/v4/4a/9e/c0/4a9ec071-927c-7b31-9502-f800ca906db0/mzaf_1299732633016917689.plus.aac.p.m4a,Apple iTunes Search API,https://itunes.apple.com/lookup?id=1720351241&entity=song&limit=200&country=hk,False
apple-1705187671,Special One (feat. Eason Chan) - Single,single,1,1,song,Special One (feat. 陳奕迅),AGA,4:43,283269,1705187987,,https://music.apple.com/hk/album/special-one-feat-%E9%99%B3%E5%A5%95%E8%BF%85/1705187671?i=1705187987&uo=4,https://audio-ssl.itunes.apple.com/itunes-assets/AudioPreview221/v4/c2/d0/78/c2d07872-f64c-c841-a3a6-348cf59463b0/mzaf_17636427818385784603.plus.aac.p.m4a,Apple iTunes Search API,https://itunes.apple.com/lookup?id=1705187671&entity=song&limit=200&country=hk,False
apple-1712647195,CHIN UP!,studio,1,1,song,塵大師,陳奕迅,4:28,267500,1712647213,,https://music.apple.com/hk/album/%E5%A1%B5%E5%A4%A7%E5%B8%AB/1712647195?i=1712647213&uo=4,https://audio-ssl.itunes.apple.com/itunes-assets/AudioPreview221/v4/f5/2c/14/f52c1487-98ac-c1b8-21fc-747d5414c200/mzaf_15514806458985056641.plus.aac.p.m4a,Apple iTunes Search API,https://itunes.apple.com/lookup?id=1712647195&entity=song&limit=200&country=hk,False
apple-1712647195,CHIN UP!,studio,1,2,song,人啊人,陳奕迅,4:58,297952,1712647491,,https://music.apple.com/hk/album/%E4%BA%BA%E5%95%8A%E4%BA%BA/1712647195?i=1712647491&uo=4,https://audio-ssl.itunes.apple.com/itunes-assets/AudioPreview221/v4/97/24/c8/9724c80d-995b-e35b-c1c0-4d0143374cf2/mzaf_10329349484192565194.plus.aac.p.m4a,Apple iTunes Search API,https://itunes.apple.com/lookup?id=1712647195&entity=song&limit=200&country=hk,False
apple-1712647195,CHIN UP!,studio,1,3,song,焦焦焦,陳奕迅,3:38,217890,1712647492,,https://music.apple.com/hk/album/%E7%84%A6%E7%84%A6%E7%84%A6/1712647195?i=1712647492&uo=4,https://audio-ssl.itunes.apple.com/itunes-assets/AudioPreview211/v4/ba/64/15/ba6415d6-3258-4be3-1918-586ed72058be/mzaf_1112066017153363258.plus.aac.p.m4a,Apple iTunes Search API,https://itunes.apple.com/lookup?id=1712647195&entity=song&limit=200&country=hk,False
apple-1712647195,CHIN UP!,studio,1,4,song,社交恐懼癌,陳奕迅,3:25,205029,1712647497,,https://music.apple.com/hk/album/%E7%A4%BE%E4%BA%A4%E6%81%90%E6%87%BC%E7%99%8C/1712647195?i=1712647497&uo=4,https://audio-ssl.itunes.apple.com/itunes-assets/AudioPreview221/v4/1b/da/3c/1bda3c09-c6ea-c4e7-c597-4da4b0095848/mzaf_9114043671028486526.plus.aac.p.m4a,Apple iTunes Search API,https://itunes.apple.com/lookup?id=1712647195&entity=song&limit=200&country=hk,False
apple-1712647195,CHIN UP!,studio,1,5,song,空城記,陳奕迅,3:10,189500,1712647498,,https://music.apple.com/hk/album/%E7%A9%BA%E5%9F%8E%E8%A8%98/1712647195?i=1712647498&uo=4,https://audio-ssl.itunes.apple.com/itunes-assets/AudioPreview221/v4/38/57/01/385701ea-3302-ac11-af08-b0fa389f108c/mzaf_11738132771120850043.plus.aac.p.m4a,Apple iTunes Search API,https://itunes.apple.com/lookup?id=1712647195&entity=song&limit=200&country=hk,False
apple-1712647195,CHIN UP!,studio,1,6,song,是但求其愛,陳奕迅,4:32,271500,1712647502,,https://music.apple.com/hk/album/%E6%98%AF%E4%BD%86%E6%B1%82%E5%85%B6%E6%84%9B/1712647195?i=1712647502&uo=4,https://audio-ssl.itunes.apple.com/itunes-assets/AudioPreview211/v4/52/40/c2/5240c265-1dc9-e358-302f-ea239e24b834/mzaf_16407886725526278493.plus.aac.p.m4a,Apple iTunes Search API,https://itunes.apple.com/lookup?id=1712647195&entity=song&limit=200&country=hk,False
apple-1712647195,CHIN UP!,studio,1,7,song,盲婚啞嫁,陳奕迅,3:44,223500,1712647858,,https://music.apple.com/hk/album/%E7%9B%B2%E5%A9%9A%E5%95%9E%E5%AB%81/1712647195?i=1712647858&uo=4,https://audio-ssl.itunes.apple.com/itunes-assets/AudioPreview221/v4/65/db/2c/65db2c44-92a8-0071-3619-c38eda5ea238/mzaf_17818582561305335625.plus.aac.p.m4a,Apple iTunes Search API,https://itunes.apple.com/lookup?id=1712647195&entity=song&limit=200&country=hk,False
apple-1712647195,CHIN UP!,studio,1,8,song,致明日的舞,陳奕迅,3:32,212000,1712647861,,https://music.apple.com/hk/album/%E8%87%B4%E6%98%8E%E6%97%A5%E7%9A%84%E8%88%9E/1712647195?i=1712647861&uo=4,https://audio-ssl.itunes.apple.com/itunes-assets/AudioPreview211/v4/18/06/d1/1806d164-dd99-aa3b-20c2-f9bb04abc743/mzaf_12137647285769487552.plus.aac.p.m4a,Apple iTunes Search API,https://itunes.apple.com/lookup?id=1712647195&entity=song&limit=200&country=hk,False
apple-1777976808,这样很好 (《英雄联盟:双城之战》动画第二季原声) - Single,single,1,1,song,这样很好 (《英雄联盟:双城之战》动画第二季原声),"陈奕迅, Arcane & League of Legends Music",4:25,264680,1777976938,,https://music.apple.com/cn/album/%E8%BF%99%E6%A0%B7%E5%BE%88%E5%A5%BD-%E8%8B%B1%E9%9B%84%E8%81%94%E7%9B%9F-%E5%8F%8C%E5%9F%8E%E4%B9%8B%E6%88%98-%E5%8A%A8%E7%94%BB%E7%AC%AC%E4%BA%8C%E5%AD%A3%E5%8E%9F%E5%A3%B0/1777976808?i=1777976938,https://audio-ssl.itunes.apple.com/itunes-assets/AudioPreview211/v4/f0/ea/50/f0ea5091-6b32-8327-bb0b-b05ce91d14e9/mzaf_9063523897912877769.plus.aac.p.m4a,Apple Music public album page,https://music.apple.com/cn/album/%E8%BF%99%E6%A0%B7%E5%BE%88%E5%A5%BD-%E8%8B%B1%E9%9B%84%E8%81%94%E7%9B%9F-%E5%8F%8C%E5%9F%8E%E4%B9%8B%E6%88%98-%E5%8A%A8%E7%94%BB%E7%AC%AC%E4%BA%8C%E5%AD%A3%E5%8E%9F%E5%A3%B0-single/1777976808?uo=4,True
apple-1777976702,這樣很好 (《英雄聯盟:雙城之戰》動畫第二季原聲) - Single,single,1,1,song,這樣很好 (《英雄聯盟:雙城之戰》動畫第二季原聲),"陳奕迅, Arcane & League of Legends Music",4:25,264680,1777976704,,https://music.apple.com/hk/album/%E9%80%99%E6%A8%A3%E5%BE%88%E5%A5%BD-%E8%8B%B1%E9%9B%84%E8%81%AF%E7%9B%9F-%E9%9B%99%E5%9F%8E%E4%B9%8B%E6%88%B0-%E5%8B%95%E7%95%AB%E7%AC%AC%E4%BA%8C%E5%AD%A3%E5%8E%9F%E8%81%B2/1777976702?i=1777976704&uo=4,https://audio-ssl.itunes.apple.com/itunes-assets/AudioPreview211/v4/04/77/d1/0477d1b9-1f40-4f2e-61c4-5fb6d015bae9/mzaf_6581067890022088936.plus.aac.p.m4a,Apple iTunes Search API,https://itunes.apple.com/lookup?id=1777976702&entity=song&limit=200&country=hk,False
apple-1831490372,FEAR and DREAMS (Live),live,1,1,song,mozart’s requiem in d minor (Live),陳奕迅,2:43,162977,1831490373,,https://music.apple.com/hk/album/mozarts-requiem-in-d-minor-live/1831490372?i=1831490373&uo=4,https://audio-ssl.itunes.apple.com/itunes-assets/AudioPreview211/v4/40/33/c8/4033c840-c3bc-ef96-f05a-7b9302da83b0/mzaf_10647459338294595913.plus.aac.p.m4a,Apple iTunes Search API,https://itunes.apple.com/lookup?id=1831490372&entity=song&limit=200&country=hk,False
apple-1831490372,FEAR and DREAMS (Live),live,1,2,song,2001太空漫遊 (Live),陳奕迅,4:00,239767,1831490374,,https://music.apple.com/hk/album/2001%E5%A4%AA%E7%A9%BA%E6%BC%AB%E9%81%8A-live/1831490372?i=1831490374&uo=4,https://audio-ssl.itunes.apple.com/itunes-assets/AudioPreview221/v4/0c/47/2c/0c472c55-8f02-c025-50fb-37a8ca58d4fa/mzaf_14533279280725507269.plus.aac.p.m4a,Apple iTunes Search API,https://itunes.apple.com/lookup?id=1831490372&entity=song&limit=200&country=hk,False
apple-1831490372,FEAR and DREAMS (Live),live,1,3,song,人神鬥 (Live),陳奕迅,5:04,304467,1831490375,,https://music.apple.com/hk/album/%E4%BA%BA%E7%A5%9E%E9%AC%A5-live/1831490372?i=1831490375&uo=4,https://audio-ssl.itunes.apple.com/itunes-assets/AudioPreview221/v4/58/05/a9/5805a9e5-51e1-b480-2308-aef9338a388a/mzaf_12051886255252555834.plus.aac.p.m4a,Apple iTunes Search API,https://itunes.apple.com/lookup?id=1831490372&entity=song&limit=200&country=hk,False
apple-1831490372,FEAR and DREAMS (Live),live,1,4,song,當這地球沒有花 (Live),陳奕迅,4:03,243000,1831491066,,https://music.apple.com/hk/album/%E7%95%B6%E9%80%99%E5%9C%B0%E7%90%83%E6%B2%92%E6%9C%89%E8%8A%B1-live/1831490372?i=1831491066&uo=4,https://audio-ssl.itunes.apple.com/itunes-assets/AudioPreview221/v4/08/03/85/080385bb-471b-d592-d9a0-7b72b077ac3c/mzaf_14597634499946762819.plus.aac.p.m4a,Apple iTunes Search API,https://itunes.apple.com/lookup?id=1831490372&entity=song&limit=200&country=hk,False
apple-1831490372,FEAR and DREAMS (Live),live,1,5,song,謊言 (Live),陳奕迅,4:12,251667,1831491067,,https://music.apple.com/hk/album/%E8%AC%8A%E8%A8%80-live/1831490372?i=1831491067&uo=4,https://audio-ssl.itunes.apple.com/itunes-assets/AudioPreview221/v4/e9/52/09/e95209ff-381b-3c07-7026-7ae29aa5a560/mzaf_9433438918527119528.plus.aac.p.m4a,Apple iTunes Search API,https://itunes.apple.com/lookup?id=1831490372&entity=song&limit=200&country=hk,False
apple-1831490372,FEAR and DREAMS (Live),live,1,6,song,時代巨輪 (Live),陳奕迅,3:42,221800,1831491068,,https://music.apple.com/hk/album/%E6%99%82%E4%BB%A3%E5%B7%A8%E8%BC%AA-live/1831490372?i=1831491068&uo=4,https://audio-ssl.itunes.apple.com/itunes-assets/AudioPreview211/v4/8c/ea/9c/8cea9cea-efec-d81d-460c-6073e885ebe6/mzaf_1054263035869574736.plus.aac.p.m4a,Apple iTunes Search API,https://itunes.apple.com/lookup?id=1831490372&entity=song&limit=200&country=hk,False
apple-1831490372,FEAR and DREAMS (Live),live,1,7,song,想聽 (Live),陳奕迅,3:41,220533,1831491069,,https://music.apple.com/hk/album/%E6%83%B3%E8%81%BD-live/1831490372?i=1831491069&uo=4,https://audio-ssl.itunes.apple.com/itunes-assets/AudioPreview211/v4/df/2a/b5/df2ab512-d772-8d33-365e-055862b4dc08/mzaf_9951348464925414756.plus.aac.p.m4a,Apple iTunes Search API,https://itunes.apple.com/lookup?id=1831490372&entity=song&limit=200&country=hk,False
apple-1831490372,FEAR and DREAMS (Live),live,1,8,song,黑洞 (Live),陳奕迅,3:42,222000,1831491070,,https://music.apple.com/hk/album/%E9%BB%91%E6%B4%9E-live/1831490372?i=1831491070&uo=4,https://audio-ssl.itunes.apple.com/itunes-assets/AudioPreview211/v4/51/a9/7d/51a97dd0-171a-c717-1ef2-0f7c842daa27/mzaf_2443945568696677121.plus.aac.p.m4a,Apple iTunes Search API,https://itunes.apple.com/lookup?id=1831490372&entity=song&limit=200&country=hk,False
apple-1831490372,FEAR and DREAMS (Live),live,1,9,song,龍舌蘭 (Live),陳奕迅,4:48,288333,1831491085,,https://music.apple.com/hk/album/%E9%BE%8D%E8%88%8C%E8%98%AD-live/1831490372?i=1831491085&uo=4,https://audio-ssl.itunes.apple.com/itunes-assets/AudioPreview221/v4/fc/c9/a3/fcc9a3a8-0971-3082-866c-76527115a72c/mzaf_17844461527781565209.plus.aac.p.m4a,Apple iTunes Search API,https://itunes.apple.com/lookup?id=1831490372&entity=song&limit=200&country=hk,False
apple-1831490372,FEAR and DREAMS (Live),live,1,10,song,異夢 (Live),陳奕迅,3:48,227667,1831491087,,https://music.apple.com/hk/album/%E7%95%B0%E5%A4%A2-live/1831490372?i=1831491087&uo=4,https://audio-ssl.itunes.apple.com/itunes-assets/AudioPreview211/v4/77/81/2d/77812d75-9b45-d95e-80e2-af666c8575af/mzaf_12473991569059893984.plus.aac.p.m4a,Apple iTunes Search API,https://itunes.apple.com/lookup?id=1831490372&entity=song&limit=200&country=hk,False
apple-1831490372,FEAR and DREAMS (Live),live,1,11,song,如果這一秒鐘你跟我講你不愛我 (Live),陳奕迅,4:13,253333,1831491088,,https://music.apple.com/hk/album/%E5%A6%82%E6%9E%9C%E9%80%99%E4%B8%80%E7%A7%92%E9%90%98%E4%BD%A0%E8%B7%9F%E6%88%91%E8%AC%9B%E4%BD%A0%E4%B8%8D%E6%84%9B%E6%88%91-live/1831490372?i=1831491088&uo=4,https://audio-ssl.itunes.apple.com/itunes-assets/AudioPreview211/v4/f3/96/7c/f3967c7b-e59f-7f2c-91a1-c4410beae021/mzaf_2430415075922857346.plus.aac.p.m4a,Apple iTunes Search API,https://itunes.apple.com/lookup?id=1831490372&entity=song&limit=200&country=hk,False
apple-1831490372,FEAR and DREAMS (Live),live,1,12,song,黑夜不再來 (Live),陳奕迅,5:34,333667,1831491089,,https://music.apple.com/hk/album/%E9%BB%91%E5%A4%9C%E4%B8%8D%E5%86%8D%E4%BE%86-live/1831490372?i=1831491089&uo=4,https://audio-ssl.itunes.apple.com/itunes-assets/AudioPreview221/v4/5b/61/18/5b611845-a151-c93d-6f2c-9e31b3ce2251/mzaf_13953566054776280749.plus.aac.p.m4a,Apple iTunes Search API,https://itunes.apple.com/lookup?id=1831490372&entity=song&limit=200&country=hk,False
apple-1831490372,FEAR and DREAMS (Live),live,1,13,song,開不了心 (Live),陳奕迅,5:05,305000,1831491092,,https://music.apple.com/hk/album/%E9%96%8B%E4%B8%8D%E4%BA%86%E5%BF%83-live/1831490372?i=1831491092&uo=4,https://audio-ssl.itunes.apple.com/itunes-assets/AudioPreview211/v4/7f/3c/75/7f3c7522-4214-dd61-128c-75cdb9d10f21/mzaf_5538749736270479649.plus.aac.p.m4a,Apple iTunes Search API,https://itunes.apple.com/lookup?id=1831490372&entity=song&limit=200&country=hk,False
apple-1831490372,FEAR and DREAMS (Live),live,1,14,song,告別娑婆 (Live),陳奕迅,4:26,266000,1831491093,,https://music.apple.com/hk/album/%E5%91%8A%E5%88%A5%E5%A8%91%E5%A9%86-live/1831490372?i=1831491093&uo=4,https://audio-ssl.itunes.apple.com/itunes-assets/AudioPreview221/v4/12/3e/09/123e0968-6212-db41-2f12-cf2a6eba97ac/mzaf_11513661122694477212.plus.aac.p.m4a,Apple iTunes Search API,https://itunes.apple.com/lookup?id=1831490372&entity=song&limit=200&country=hk,False
apple-1831490372,FEAR and DREAMS (Live),live,1,15,song,完 (Live),陳奕迅,4:24,264000,1831491094,,https://music.apple.com/hk/album/%E5%AE%8C-live/1831490372?i=1831491094&uo=4,https://audio-ssl.itunes.apple.com/itunes-assets/AudioPreview211/v4/af/06/a2/af06a222-1b5d-79db-6bcb-8f44aa34847c/mzaf_7057380171608748755.plus.aac.p.m4a,Apple iTunes Search API,https://itunes.apple.com/lookup?id=1831490372&entity=song&limit=200&country=hk,False
apple-1831490372,FEAR and DREAMS (Live),live,1,16,song,今日 (Live),陳奕迅,5:32,332000,1831491126,,https://music.apple.com/hk/album/%E4%BB%8A%E6%97%A5-live/1831490372?i=1831491126&uo=4,https://audio-ssl.itunes.apple.com/itunes-assets/AudioPreview221/v4/4b/cb/e3/4bcbe32d-eeeb-68d0-4b1e-00774e60d45a/mzaf_8824819601122939124.plus.aac.p.m4a,Apple iTunes Search API,https://itunes.apple.com/lookup?id=1831490372&entity=song&limit=200&country=hk,False
apple-1831490372,FEAR and DREAMS (Live),live,2,1,song,夢的可能 (Live),陳奕迅,4:20,260000,1831491127,,https://music.apple.com/hk/album/%E5%A4%A2%E7%9A%84%E5%8F%AF%E8%83%BD-live/1831490372?i=1831491127&uo=4,https://audio-ssl.itunes.apple.com/itunes-assets/AudioPreview211/v4/6e/3e/34/6e3e34e1-987f-f58b-3c07-93706a5aa003/mzaf_6188794530334021293.plus.aac.p.m4a,Apple iTunes Search API,https://itunes.apple.com/lookup?id=1831490372&entity=song&limit=200&country=hk,False
apple-1831490372,FEAR and DREAMS (Live),live,2,2,song,一個靈魂的獨白 (Live),陳奕迅,3:32,212000,1831491128,,https://music.apple.com/hk/album/%E4%B8%80%E5%80%8B%E9%9D%88%E9%AD%82%E7%9A%84%E7%8D%A8%E7%99%BD-live/1831490372?i=1831491128&uo=4,https://audio-ssl.itunes.apple.com/itunes-assets/AudioPreview211/v4/14/4e/0f/144e0fbd-d2f3-cbc5-b8a5-eedd30b134f2/mzaf_17845017599071000463.plus.aac.p.m4a,Apple iTunes Search API,https://itunes.apple.com/lookup?id=1831490372&entity=song&limit=200&country=hk,False
apple-1831490372,FEAR and DREAMS (Live),live,2,3,song,任我行 (Live),陳奕迅,4:41,280667,1831491129,,https://music.apple.com/hk/album/%E4%BB%BB%E6%88%91%E8%A1%8C-live/1831490372?i=1831491129&uo=4,https://audio-ssl.itunes.apple.com/itunes-assets/AudioPreview221/v4/5a/2a/4b/5a2a4ba5-ff4b-63fe-c035-52699078d18e/mzaf_1969421037884632939.plus.aac.p.m4a,Apple iTunes Search API,https://itunes.apple.com/lookup?id=1831490372&entity=song&limit=200&country=hk,False
apple-1831490372,FEAR and DREAMS (Live),live,2,4,song,the world is actually bigger (Live),陳奕迅,2:00,120000,1831491130,,https://music.apple.com/hk/album/the-world-is-actually-bigger-live/1831490372?i=1831491130&uo=4,https://audio-ssl.itunes.apple.com/itunes-assets/AudioPreview211/v4/30/4c/87/304c879b-727f-61cb-975e-b6ee70884fa2/mzaf_8924120105029858115.plus.aac.p.m4a,Apple iTunes Search API,https://itunes.apple.com/lookup?id=1831490372&entity=song&limit=200&country=hk,False
apple-1831490372,FEAR and DREAMS (Live),live,2,5,song,人生馬拉松 (Live),陳奕迅,4:13,252533,1831491131,,https://music.apple.com/hk/album/%E4%BA%BA%E7%94%9F%E9%A6%AC%E6%8B%89%E6%9D%BE-live/1831490372?i=1831491131&uo=4,https://audio-ssl.itunes.apple.com/itunes-assets/AudioPreview221/v4/d6/e2/5e/d6e25e4d-9751-8aa4-9d17-812e5f7c34e9/mzaf_13087743260353271707.plus.aac.p.m4a,Apple iTunes Search API,https://itunes.apple.com/lookup?id=1831490372&entity=song&limit=200&country=hk,False
apple-1831490372,FEAR and DREAMS (Live),live,2,6,song,請相信我 (Live),陳奕迅,2:16,136133,1831491132,,https://music.apple.com/hk/album/%E8%AB%8B%E7%9B%B8%E4%BF%A1%E6%88%91-live/1831490372?i=1831491132&uo=4,https://audio-ssl.itunes.apple.com/itunes-assets/AudioPreview211/v4/a7/1a/e0/a71ae009-fa74-0565-bfa2-ca9cdedda275/mzaf_7454614913439336441.plus.aac.p.m4a,Apple iTunes Search API,https://itunes.apple.com/lookup?id=1831490372&entity=song&limit=200&country=hk,False
apple-1831490372,FEAR and DREAMS (Live),live,2,7,song,四季 (Live),陳奕迅,3:40,219700,1831491133,,https://music.apple.com/hk/album/%E5%9B%9B%E5%AD%A3-live/1831490372?i=1831491133&uo=4,https://audio-ssl.itunes.apple.com/itunes-assets/AudioPreview211/v4/0f/30/0f/0f300f3c-12ec-ace3-3248-aefe91cb50b1/mzaf_13985663042996408054.plus.aac.p.m4a,Apple iTunes Search API,https://itunes.apple.com/lookup?id=1831490372&entity=song&limit=200&country=hk,False
apple-1831490372,FEAR and DREAMS (Live),live,2,8,song,常在 ∙ 忘記 (Live),陳奕迅,5:44,343967,1831491134,,https://music.apple.com/hk/album/%E5%B8%B8%E5%9C%A8-%E5%BF%98%E8%A8%98-live/1831490372?i=1831491134&uo=4,https://audio-ssl.itunes.apple.com/itunes-assets/AudioPreview221/v4/f0/61/bb/f061bb1a-0aad-f092-5942-cbe5d27d6702/mzaf_10841944035429231223.plus.aac.p.m4a,Apple iTunes Search API,https://itunes.apple.com/lookup?id=1831490372&entity=song&limit=200&country=hk,False
apple-1831490372,FEAR and DREAMS (Live),live,2,9,song,life goes on (Live),陳奕迅,3:44,224000,1831491135,,https://music.apple.com/hk/album/life-goes-on-live/1831490372?i=1831491135&uo=4,https://audio-ssl.itunes.apple.com/itunes-assets/AudioPreview211/v4/89/33/d2/8933d2e2-0e60-4d2a-edd9-95843ff28816/mzaf_9561806625293692567.plus.aac.p.m4a,Apple iTunes Search API,https://itunes.apple.com/lookup?id=1831490372&entity=song&limit=200&country=hk,False
apple-1831490372,FEAR and DREAMS (Live),live,2,10,song,大人 (Live),陳奕迅,4:51,291000,1831491136,,https://music.apple.com/hk/album/%E5%A4%A7%E4%BA%BA-live/1831490372?i=1831491136&uo=4,https://audio-ssl.itunes.apple.com/itunes-assets/AudioPreview211/v4/2d/3e/fd/2d3efdd3-cffe-ab06-4bdf-bf2dad058d3c/mzaf_3521543062967283691.plus.aac.p.m4a,Apple iTunes Search API,https://itunes.apple.com/lookup?id=1831490372&entity=song&limit=200&country=hk,False
apple-1831490372,FEAR and DREAMS (Live),live,2,11,song,致明日的舞 (Live),陳奕迅,3:30,210000,1831491138,,https://music.apple.com/hk/album/%E8%87%B4%E6%98%8E%E6%97%A5%E7%9A%84%E8%88%9E-live/1831490372?i=1831491138&uo=4,https://audio-ssl.itunes.apple.com/itunes-assets/AudioPreview221/v4/ce/aa/5f/ceaa5fb8-1702-a059-01b4-0d9684f22474/mzaf_3053003162158447165.plus.aac.p.m4a,Apple iTunes Search API,https://itunes.apple.com/lookup?id=1831490372&entity=song&limit=200&country=hk,False
apple-1831490372,FEAR and DREAMS (Live),live,2,12,song,七百年後 (Live),陳奕迅,4:27,267000,1831491139,,https://music.apple.com/hk/album/%E4%B8%83%E7%99%BE%E5%B9%B4%E5%BE%8C-live/1831490372?i=1831491139&uo=4,https://audio-ssl.itunes.apple.com/itunes-assets/AudioPreview211/v4/d0/cd/e6/d0cde64a-deaa-243a-a267-13bded94ff09/mzaf_5855726295754546335.plus.aac.p.m4a,Apple iTunes Search API,https://itunes.apple.com/lookup?id=1831490372&entity=song&limit=200&country=hk,False
apple-1831490372,FEAR and DREAMS (Live),live,2,13,song,幸福摩天輪 (Live),陳奕迅,4:18,258267,1831491141,,https://music.apple.com/hk/album/%E5%B9%B8%E7%A6%8F%E6%91%A9%E5%A4%A9%E8%BC%AA-live/1831490372?i=1831491141&uo=4,https://audio-ssl.itunes.apple.com/itunes-assets/AudioPreview221/v4/6b/a7/7c/6ba77ca0-fb9c-a550-80e9-2e6181ecf8a4/mzaf_17571284811849969960.plus.aac.p.m4a,Apple iTunes Search API,https://itunes.apple.com/lookup?id=1831490372&entity=song&limit=200&country=hk,False
apple-1831490372,FEAR and DREAMS (Live),live,2,14,song,我們萬歲 (Live),陳奕迅,4:05,244993,1831491143,,https://music.apple.com/hk/album/%E6%88%91%E5%80%91%E8%90%AC%E6%AD%B2-live/1831490372?i=1831491143&uo=4,https://audio-ssl.itunes.apple.com/itunes-assets/AudioPreview221/v4/79/06/bf/7906bfa9-53df-f131-61ae-d305292ea15f/mzaf_14998654397902165427.plus.aac.p.m4a,Apple iTunes Search API,https://itunes.apple.com/lookup?id=1831490372&entity=song&limit=200&country=hk,False
apple-1831490372,FEAR and DREAMS (Live),live,2,15,song,i’d live it all over again (Live),陳奕迅,15:02,901698,1831491144,,https://music.apple.com/hk/album/id-live-it-all-over-again-live/1831490372?i=1831491144&uo=4,https://audio-ssl.itunes.apple.com/itunes-assets/AudioPreview221/v4/35/1b/da/351bdab4-26a1-ed3b-8051-2b02e70530dc/mzaf_5469474764809647306.plus.aac.p.m4a,Apple iTunes Search API,https://itunes.apple.com/lookup?id=1831490372&entity=song&limit=200&country=hk,False
apple-1846752616,K歌之王 AIR - Single,single,1,1,song,K歌之王 AIR (Day Version),陳奕迅,3:41,221372,1846752619,,https://music.apple.com/hk/album/k%E6%AD%8C%E4%B9%8B%E7%8E%8B-air-day-version/1846752616?i=1846752619&uo=4,https://audio-ssl.itunes.apple.com/itunes-assets/AudioPreview211/v4/20/65/3a/20653a1c-2839-489a-0d88-100609546549/mzaf_14889113772397867530.plus.aac.p.m4a,Apple iTunes Search API,https://itunes.apple.com/lookup?id=1846752616&entity=song&limit=200&country=hk,False
apple-1846752616,K歌之王 AIR - Single,single,1,2,song,K歌之王 AIR (Night Version),陳奕迅,3:40,219784,1846752636,,https://music.apple.com/hk/album/k%E6%AD%8C%E4%B9%8B%E7%8E%8B-air-night-version/1846752616?i=1846752636&uo=4,https://audio-ssl.itunes.apple.com/itunes-assets/AudioPreview211/v4/13/e2/d9/13e2d976-496c-0832-e551-9bbadece8083/mzaf_1660706506116382753.plus.aac.p.m4a,Apple iTunes Search API,https://itunes.apple.com/lookup?id=1846752616&entity=song&limit=200&country=hk,False
apple-6788750822,時代曲 (Remastered 2026) - Single,single,1,1,song,時代曲 (Remastered 2026),陳奕迅,4:23,263266,6788750824,,https://music.apple.com/hk/album/%E6%99%82%E4%BB%A3%E6%9B%B2-remastered-2026/6788750822?i=6788750824&uo=4,https://audio-ssl.itunes.apple.com/itunes-assets/AudioPreview211/v4/c5/e6/37/c5e63773-9f75-b614-7a6c-e46cd3de36ea/mzaf_7513306218738325016.plus.aac.p.m4a,Apple iTunes Search API,https://itunes.apple.com/lookup?id=6788750822&entity=song&limit=200&country=hk,False
mb-4093cc15-8db0-4607-a79b-e689d022cd0d,903id Club 拉阔音乐会,live,1,1,song,伤信(Edmond),"陳奕迅, 楊千嬅 & 梁漢文",4:28,268053,,b5086bad-ef1a-4799-ba9c-f2e8dcab21c5,https://musicbrainz.org/recording/b5086bad-ef1a-4799-ba9c-f2e8dcab21c5,,MusicBrainz physical release metadata,https://musicbrainz.org/release/4093cc15-8db0-4607-a79b-e689d022cd0d,False
mb-4093cc15-8db0-4607-a79b-e689d022cd0d,903id Club 拉阔音乐会,live,1,2,song,洋葱(Miriam),"陳奕迅, 楊千嬅 & 梁漢文",3:49,229026,,cb0ecd43-6c02-49b7-8646-38c0c44d5d9e,https://musicbrainz.org/recording/cb0ecd43-6c02-49b7-8646-38c0c44d5d9e,,MusicBrainz physical release metadata,https://musicbrainz.org/release/4093cc15-8db0-4607-a79b-e689d022cd0d,False
mb-4093cc15-8db0-4607-a79b-e689d022cd0d,903id Club 拉阔音乐会,live,1,3,song,贝多芬与我(Eason),"陳奕迅, 楊千嬅 & 梁漢文",4:01,240880,,299363a9-602a-42e3-9aad-ae9df5654e00,https://musicbrainz.org/recording/299363a9-602a-42e3-9aad-ae9df5654e00,,MusicBrainz physical release metadata,https://musicbrainz.org/release/4093cc15-8db0-4607-a79b-e689d022cd0d,False
mb-4093cc15-8db0-4607-a79b-e689d022cd0d,903id Club 拉阔音乐会,live,1,4,song,飞女正传(Edmond),"陳奕迅, 楊千嬅 & 梁漢文",2:56,176426,,06ad9754-bffe-4eab-852d-ebf4682fdf80,https://musicbrainz.org/recording/06ad9754-bffe-4eab-852d-ebf4682fdf80,,MusicBrainz physical release metadata,https://musicbrainz.org/release/4093cc15-8db0-4607-a79b-e689d022cd0d,False
mb-4093cc15-8db0-4607-a79b-e689d022cd0d,903id Club 拉阔音乐会,live,1,5,song,最后的歌(Miriam),"陳奕迅, 楊千嬅 & 梁漢文",3:26,205600,,db02cdbe-c12f-4483-934b-d975426ca15b,https://musicbrainz.org/recording/db02cdbe-c12f-4483-934b-d975426ca15b,,MusicBrainz physical release metadata,https://musicbrainz.org/release/4093cc15-8db0-4607-a79b-e689d022cd0d,False
mb-4093cc15-8db0-4607-a79b-e689d022cd0d,903id Club 拉阔音乐会,live,1,6,song,明年今日(Miriam),"陳奕迅, 楊千嬅 & 梁漢文",3:37,217200,,0de884bd-b036-475d-a507-596c5f7b12bf,https://musicbrainz.org/recording/0de884bd-b036-475d-a507-596c5f7b12bf,,MusicBrainz physical release metadata,https://musicbrainz.org/release/4093cc15-8db0-4607-a79b-e689d022cd0d,False
mb-4093cc15-8db0-4607-a79b-e689d022cd0d,903id Club 拉阔音乐会,live,1,7,song,狼来了(Eason),"陳奕迅, 楊千嬅 & 梁漢文",5:16,316493,,a6ea6256-096d-4fbc-a13c-4bd5d132e826,https://musicbrainz.org/recording/a6ea6256-096d-4fbc-a13c-4bd5d132e826,,MusicBrainz physical release metadata,https://musicbrainz.org/release/4093cc15-8db0-4607-a79b-e689d022cd0d,False
mb-4093cc15-8db0-4607-a79b-e689d022cd0d,903id Club 拉阔音乐会,live,1,8,song,我的理想short version(Eason),"陳奕迅, 楊千嬅 & 梁漢文",3:30,210266,,95fc1d76-2ccd-42c0-a439-66176a24b0e9,https://musicbrainz.org/recording/95fc1d76-2ccd-42c0-a439-66176a24b0e9,,MusicBrainz physical release metadata,https://musicbrainz.org/release/4093cc15-8db0-4607-a79b-e689d022cd0d,False
mb-4093cc15-8db0-4607-a79b-e689d022cd0d,903id Club 拉阔音乐会,live,1,9,song,其实我记得(Eason+Miriam)&我需要的只是爱(Eason+Miriam),"陳奕迅, 楊千嬅 & 梁漢文",4:27,266760,,04d0387e-88a9-4381-ab84-2acee73bfcb3,https://musicbrainz.org/recording/04d0387e-88a9-4381-ab84-2acee73bfcb3,,MusicBrainz physical release metadata,https://musicbrainz.org/release/4093cc15-8db0-4607-a79b-e689d022cd0d,False
mb-4093cc15-8db0-4607-a79b-e689d022cd0d,903id Club 拉阔音乐会,live,1,10,song,拔河(国)(Eason+Edmond),"陳奕迅, 楊千嬅 & 梁漢文",4:27,267160,,da05ce09-1845-41bf-8b32-d08099451e46,https://musicbrainz.org/recording/da05ce09-1845-41bf-8b32-d08099451e46,,MusicBrainz physical release metadata,https://musicbrainz.org/release/4093cc15-8db0-4607-a79b-e689d022cd0d,False
mb-4093cc15-8db0-4607-a79b-e689d022cd0d,903id Club 拉阔音乐会,live,1,11,song,滚(Edmond+Miriam),"陳奕迅, 楊千嬅 & 梁漢文",4:18,258373,,1b2ee2af-bf1f-4358-9164-45b79bca454e,https://musicbrainz.org/recording/1b2ee2af-bf1f-4358-9164-45b79bca454e,,MusicBrainz physical release metadata,https://musicbrainz.org/release/4093cc15-8db0-4607-a79b-e689d022cd0d,False
mb-4093cc15-8db0-4607-a79b-e689d022cd0d,903id Club 拉阔音乐会,live,1,12,song,大激想(Eason+Miriam+Edmond),"陳奕迅, 楊千嬅 & 梁漢文",4:02,242453,,f234b8e4-494e-4417-8b86-70e69e485060,https://musicbrainz.org/recording/f234b8e4-494e-4417-8b86-70e69e485060,,MusicBrainz physical release metadata,https://musicbrainz.org/release/4093cc15-8db0-4607-a79b-e689d022cd0d,False
